step,bucket,lag,n_sequences,correlation,masked_mse
0,train,1,63,0.9835574131895013,1.1440225839614868
0,train,2,61,0.020203190548079383,1.0466606616973877
0,train,3,62,0.0318966085459818,1.1984978914260864
0,train,4,60,-0.02396553799988275,1.1727216243743896
0,train,5,63,0.06745185931104422,1.1697601079940796
0,train,6,65,0.02550362993376488,1.1111793518066406
0,train,7,55,0.009840338532013965,1.125464916229248
0,train,8,62,0.049414268188968456,1.2666714191436768
0,train,9,63,0.03503597087619938,1.192236065864563
0,train,10,56,0.022787868006856605,1.104813814163208
0,train,11,70,0.021996074012369672,1.1374530792236328
0,train,12,66,0.011383256361712371,1.2041330337524414
0,train,13,68,-0.004116048476673956,1.1351032257080078
0,train,14,69,0.03624534922949952,1.1550825834274292
0,train,16,74,0.006813119634782921,1.0741207599639893
0,train,17,73,-0.007030575156636605,1.1471723318099976
0,train,18,60,0.00979706447439385,1.1395360231399536
0,train,19,69,-5.9819326513939846e-05,1.118599534034729
0,train,20,58,0.013943515260897441,1.3125410079956055
0,train,21,75,0.01111585408500396,1.1251580715179443
0,train,22,61,0.024037221675355446,1.0697892904281616
0,train,23,57,0.030809599462295917,1.163149118423462
0,train,24,54,0.022442513432050195,1.1382681131362915
0,train,25,69,-0.0001917740353602114,1.2058547735214233
0,train,26,61,0.013390768218025375,1.2107359170913696
0,train,28,58,-0.011764387770411928,1.1317644119262695
0,train,29,55,0.0038866380368562593,1.165919542312622
0,train,30,69,0.01738101406250702,1.1084574460983276
0,train,31,72,-0.015716320010650018,1.2083406448364258
0,train,32,56,0.018702015959676778,1.143265724182129
0,train,33,65,-0.010091716614529248,1.1459779739379883
0,train,34,64,-0.008345580949401113,1.101296067237854
0,train,35,67,0.0584460105816329,1.1237990856170654
0,train,36,66,-0.0013026502584816497,1.1797699928283691
0,train,37,70,0.011923223389007337,1.1411317586898804
0,train,39,58,-0.006813770304695922,1.1816517114639282
0,train,40,58,0.02680021733916037,1.0998882055282593
0,train,41,65,-0.010818049523364043,1.14836585521698
0,train,42,61,0.024608524648249117,1.1068837642669678
0,train,43,74,0.007104071281921981,1.1643790006637573
0,train,44,68,-0.020532620108594364,1.1081422567367554
0,train,45,60,-0.014577998766356159,1.1429457664489746
0,train,46,61,0.03788018516397159,1.1194853782653809
0,train,47,71,0.028552642818969576,1.1706420183181763
0,train,48,58,-0.024039300396491322,1.1756476163864136
0,train,49,54,-0.031390166343180904,1.180549144744873
0,train,50,76,0.027434954182488203,1.1298153400421143
0,train,mean,3000,0.03233252477451092,1.149456262588501
0,held_interior,15,974,0.025147924769516276,1.1286438703536987
0,held_interior,27,1061,0.01488737639696203,1.1425467729568481
0,held_interior,38,965,0.008874523946774187,1.1464594602584839
0,held_interior,mean,3000,0.016303275037750833,1.139291524887085
0,held_high,52,986,0.007309386853197823,1.1397840976715088
0,held_high,55,1002,0.010230420901948823,1.1495110988616943
0,held_high,58,1012,0.007767847516342174,1.1388417482376099
0,held_high,mean,3000,0.008435885090496274,1.1427149772644043
10000,train,1,63,0.8640378950088051,0.41037890315055847
10000,train,2,61,0.7670504822777279,0.4870670437812805
10000,train,3,62,0.8135342953659745,0.4851889908313751
10000,train,4,60,0.8682767208911477,0.4056566655635834
10000,train,5,63,0.8530619532780029,0.41839325428009033
10000,train,6,65,0.8385504787959385,0.4203982353210449
10000,train,7,55,0.8159636175587478,0.44925355911254883
10000,train,8,62,0.8379671824368641,0.45333409309387207
10000,train,9,63,0.8274848475806488,0.4668745994567871
10000,train,10,56,0.8155615341302979,0.4541171193122864
10000,train,11,70,0.8737349059820787,0.38317763805389404
10000,train,12,66,0.8287807928080463,0.4601397216320038
10000,train,13,68,0.7584833682113983,0.5182271003723145
10000,train,14,69,0.795331228555306,0.4962749779224396
10000,train,16,74,0.8235151079924885,0.43526774644851685
10000,train,17,73,0.7904332814535197,0.5017975568771362
10000,train,18,60,0.772560010969593,0.5069293975830078
10000,train,19,69,0.7941308434045892,0.4869496524333954
10000,train,20,58,0.792191925131795,0.5301763415336609
10000,train,21,75,0.7930229587574229,0.4785657823085785
10000,train,22,61,0.8825526319033079,0.3614720106124878
10000,train,23,57,0.7607571093852746,0.5301681756973267
10000,train,24,54,0.8778076364020767,0.3820634186267853
10000,train,25,69,0.8568984869837974,0.4122449457645416
10000,train,26,61,0.7486675345467896,0.5732814073562622
10000,train,28,58,0.7655476386512992,0.5196161866188049
10000,train,29,55,0.778455703041892,0.5134907960891724
10000,train,30,69,0.7654600594648756,0.5128364562988281
10000,train,31,72,0.7836180438521807,0.5216130614280701
10000,train,32,56,0.8043796202890331,0.4705529510974884
10000,train,33,65,0.8129603414268195,0.4722607433795929
10000,train,34,64,0.7885113063582254,0.47253555059432983
10000,train,35,67,0.7795662767224716,0.5044012665748596
10000,train,36,66,0.7841022681532345,0.5223228931427002
10000,train,37,70,0.7657983828393992,0.5318734049797058
10000,train,39,58,0.7586755135591028,0.5635327100753784
10000,train,40,58,0.7527259429478818,0.5299299955368042
10000,train,41,65,0.7406175436936828,0.5572254657745361
10000,train,42,61,0.7392281865923345,0.532782793045044
10000,train,43,74,0.8037536315330939,0.49092215299606323
10000,train,44,68,0.8172578389201981,0.45399028062820435
10000,train,45,60,0.7326856772172486,0.5796347856521606
10000,train,46,61,0.6670096264368939,0.620907187461853
10000,train,47,71,0.8612681037165439,0.41697096824645996
10000,train,48,58,0.9008908955156466,0.34489691257476807
10000,train,49,54,0.8958171420826331,0.3565620481967926
10000,train,50,76,0.8835548759453551,0.3633177578449249
10000,train,mean,3000,0.8049413074206743,0.4754662811756134
10000,held_interior,15,974,0.7933221785067783,0.49041980504989624
10000,held_interior,27,1061,0.750985510645775,0.5449451804161072
10000,held_interior,38,965,0.7604465894652127,0.533266544342041
10000,held_interior,mean,3000,0.768251426205922,0.5234859585762024
10000,held_high,52,986,0.43319780020088305,0.8980697989463806
10000,held_high,55,1002,0.3147930656429289,1.0294740200042725
10000,held_high,58,1012,0.1775261373856833,1.1692851781845093
10000,held_high,mean,3000,0.30850566774316507,1.0334489345550537
20000,train,1,63,0.949372974019037,0.27657824754714966
20000,train,2,61,0.9490475571131594,0.2593933641910553
20000,train,3,62,0.9691952148179866,0.2457967847585678
20000,train,4,60,0.974690678754273,0.2357911318540573
20000,train,5,63,0.974286812028772,0.23371824622154236
20000,train,6,65,0.9768737800944793,0.22124481201171875
20000,train,7,55,0.9826509065950905,0.21397703886032104
20000,train,8,62,0.9796793890082014,0.22451692819595337
20000,train,9,63,0.9830882670842572,0.22151897847652435
20000,train,10,56,0.9768008022427158,0.22488543391227722
20000,train,11,70,0.9765752174712582,0.23378266394138336
20000,train,12,66,0.9764855621366577,0.23072069883346558
20000,train,13,68,0.9699065265417567,0.2317698746919632
20000,train,14,69,0.9723151140367047,0.23811711370944977
20000,train,16,74,0.9646188930891598,0.2448797971010208
20000,train,17,73,0.9758633942111951,0.2314767688512802
20000,train,18,60,0.9757822077200379,0.22680296003818512
20000,train,19,69,0.9790048814001749,0.22081372141838074
20000,train,20,58,0.9758275411400675,0.23197300732135773
20000,train,21,75,0.976832462960853,0.2257225066423416
20000,train,22,61,0.9740456038738846,0.23147998750209808
20000,train,23,57,0.9784425518827644,0.2199471890926361
20000,train,24,54,0.9728826287111848,0.23193566501140594
20000,train,25,69,0.9769516073832749,0.22687678039073944
20000,train,26,61,0.9760553414914822,0.23276498913764954
20000,train,28,58,0.9726915941333528,0.23089778423309326
20000,train,29,55,0.9761238556179375,0.22886155545711517
20000,train,30,69,0.9778642544019304,0.22719331085681915
20000,train,31,72,0.9787569472144257,0.2272907942533493
20000,train,32,56,0.9762956850669477,0.22441864013671875
20000,train,33,65,0.9806391478399855,0.219242125749588
20000,train,34,64,0.9743074030469401,0.23279042541980743
20000,train,35,67,0.9788376869644101,0.22459740936756134
20000,train,36,66,0.9820966767369774,0.22077442705631256
20000,train,37,70,0.9786794895228765,0.2210995852947235
20000,train,39,58,0.9721921365772732,0.23809009790420532
20000,train,40,58,0.9674581847513527,0.24654626846313477
20000,train,41,65,0.9737309554490764,0.23177063465118408
20000,train,42,61,0.9711928468560255,0.23398146033287048
20000,train,43,74,0.9780099772705416,0.22826272249221802
20000,train,44,68,0.9792922298148188,0.22082729637622833
20000,train,45,60,0.9784189062023313,0.2256888896226883
20000,train,46,61,0.9800388866297179,0.2193702608346939
20000,train,47,71,0.9824700417339729,0.21914424002170563
20000,train,48,58,0.9798969198962875,0.2236337959766388
20000,train,49,54,0.9743886066869702,0.23284035921096802
20000,train,50,76,0.9634757855083148,0.24391695857048035
20000,train,mean,3000,0.9747688113559765,0.2305981069803238
20000,held_interior,15,974,0.9705892711515446,0.23696771264076233
20000,held_interior,27,1061,0.9758298972859331,0.22816817462444305
20000,held_interior,38,965,0.9740225394296673,0.23258423805236816
20000,held_interior,mean,3000,0.9734805692890482,0.2324455827474594
20000,held_high,52,986,0.9171482766073797,0.3196878731250763
20000,held_high,55,1002,0.8001857545374573,0.48710179328918457
20000,held_high,58,1012,0.6179009659049592,0.7335587739944458
20000,held_high,mean,3000,0.7784116656832655,0.5152165293693542
30000,train,1,63,0.9470259724484295,0.2800639569759369
30000,train,2,61,0.9503314350862457,0.2612248957157135
30000,train,3,62,0.9686895966266145,0.24809680879116058
30000,train,4,60,0.9737183823241521,0.23727944493293762
30000,train,5,63,0.9748934338701627,0.23228421807289124
30000,train,6,65,0.9761883528279497,0.22125785052776337
30000,train,7,55,0.9823515854073984,0.21257741749286652
30000,train,8,62,0.9771497197911103,0.22925417125225067
30000,train,9,63,0.9831485210830324,0.21924908459186554
30000,train,10,56,0.9788698139004525,0.22149255871772766
30000,train,11,70,0.9821116780750949,0.22372622787952423
30000,train,12,66,0.9813619927895479,0.22492723166942596
30000,train,13,68,0.9753354110030427,0.22606933116912842
30000,train,14,69,0.9764858943436332,0.2311491221189499
30000,train,16,74,0.9686727544420113,0.2392396628856659
30000,train,17,73,0.978701147858032,0.22725024819374084
30000,train,18,60,0.9776701449578237,0.2222541868686676
30000,train,19,69,0.9787760626187216,0.2202761024236679
30000,train,20,58,0.9772829503122311,0.22948825359344482
30000,train,21,75,0.9783263975064019,0.2228279560804367
30000,train,22,61,0.9759518086958033,0.22771163284778595
30000,train,23,57,0.9818573358238394,0.21470342576503754
30000,train,24,54,0.9752337206370131,0.2276599109172821
30000,train,25,69,0.9807813739825177,0.22186367213726044
30000,train,26,61,0.9833286257745866,0.21889127790927887
30000,train,28,58,0.9788829741993902,0.22052384912967682
30000,train,29,55,0.982444562109517,0.2178308069705963
30000,train,30,69,0.9812847199770846,0.21890667080879211
30000,train,31,72,0.9835744503017615,0.21995723247528076
30000,train,32,56,0.9831320366977887,0.21533942222595215
30000,train,33,65,0.9836438278651727,0.21462975442409515
30000,train,34,64,0.978280553264452,0.2264026403427124
30000,train,35,67,0.9814592895096735,0.21937735378742218
30000,train,36,66,0.983902870559719,0.22002577781677246
30000,train,37,70,0.9800753166744547,0.21882131695747375
30000,train,39,58,0.973973035594525,0.23490460216999054
30000,train,40,58,0.969313873542336,0.24365916848182678
30000,train,41,65,0.97541423224743,0.2303438037633896
30000,train,42,61,0.9739692778614923,0.23087210953235626
30000,train,43,74,0.9799163932738681,0.22575724124908447
30000,train,44,68,0.9794658724132521,0.2219327986240387
30000,train,45,60,0.9776503078717137,0.22656136751174927
30000,train,46,61,0.9787234309400452,0.22105629742145538
30000,train,47,71,0.9786849745823558,0.2271997183561325
30000,train,48,58,0.9792399239297346,0.2242833375930786
30000,train,49,54,0.9719100869384972,0.2364751547574997
30000,train,50,76,0.9640616277735913,0.24370482563972473
30000,train,mean,3000,0.9766648457513553,0.22765474021434784
30000,held_interior,15,974,0.974018353580877,0.23167528212070465
30000,held_interior,27,1061,0.9778973604600673,0.22478945553302765
30000,held_interior,38,965,0.9762730154881178,0.22835753858089447
30000,held_interior,mean,3000,0.9760629098430207,0.22817279398441315
30000,held_high,52,986,0.9156359930731743,0.3213520050048828
30000,held_high,55,1002,0.8214031081506873,0.45942163467407227
30000,held_high,58,1012,0.642772530810167,0.7078005075454712
30000,held_high,mean,3000,0.7932705440113429,0.49782922863960266
40000,train,1,63,0.9573066875253075,0.2640065550804138
40000,train,2,61,0.9565679912089285,0.24857644736766815
40000,train,3,62,0.975530369511541,0.23610034584999084
40000,train,4,60,0.9785010903414674,0.23019172251224518
40000,train,5,63,0.975585383920874,0.23108164966106415
40000,train,6,65,0.9789922948204769,0.21857349574565887
40000,train,7,55,0.9825540227760645,0.21427547931671143
40000,train,8,62,0.979615005380474,0.22446085512638092
40000,train,9,63,0.9832258402980271,0.21991774439811707
40000,train,10,56,0.9778028677716436,0.2224414348602295
40000,train,11,70,0.9798482651146257,0.22741948068141937
40000,train,12,66,0.9803683255711539,0.2263483703136444
40000,train,13,68,0.9738203244252914,0.22799226641654968
40000,train,14,69,0.9755716423846312,0.2332652062177658
40000,train,16,74,0.9705296075761273,0.23669907450675964
40000,train,17,73,0.9816136672300482,0.22174422442913055
40000,train,18,60,0.9813208496368533,0.21798467636108398
40000,train,19,69,0.9813462562258555,0.2180601805448532
40000,train,20,58,0.976921645826312,0.22925753891468048
40000,train,21,75,0.9793433781165642,0.22120913863182068
40000,train,22,61,0.976073299956131,0.2260499894618988
40000,train,23,57,0.9814798526631286,0.21661248803138733
40000,train,24,54,0.9734506595516212,0.2328878790140152
40000,train,25,69,0.9781464016261627,0.22559233009815216
40000,train,26,61,0.9824860782048053,0.2215539962053299
40000,train,28,58,0.9786057076745278,0.22045522928237915
40000,train,29,55,0.9801146702580782,0.22218678891658783
40000,train,30,69,0.9788409809431693,0.2255004346370697
40000,train,31,72,0.9808000536203916,0.22490368783473969
40000,train,32,56,0.9766511804901964,0.22643150389194489
40000,train,33,65,0.9821692086020841,0.2181331366300583
40000,train,34,64,0.9758104603272024,0.23237638175487518
40000,train,35,67,0.9793906464769809,0.22329914569854736
40000,train,36,66,0.9850673593792008,0.2167210727930069
40000,train,37,70,0.9790983776601893,0.22034354507923126
40000,train,39,58,0.9801499288003956,0.22479519248008728
40000,train,40,58,0.9763992314248356,0.23390614986419678
40000,train,41,65,0.9824364689223852,0.21977242827415466
40000,train,42,61,0.981202112159306,0.22010749578475952
40000,train,43,74,0.9854219739737683,0.21519359946250916
40000,train,44,68,0.9855734025726154,0.21190372109413147
40000,train,45,60,0.9835400408016385,0.21778281033039093
40000,train,46,61,0.9858162957434787,0.21066421270370483
40000,train,47,71,0.9862353985397231,0.2157389372587204
40000,train,48,58,0.9847899189202954,0.2132503092288971
40000,train,49,54,0.9786064867274239,0.22584006190299988
40000,train,50,76,0.969600010279682,0.23544949293136597
40000,train,mean,3000,0.9786025898289719,0.22483724355697632
40000,held_interior,15,974,0.9740448864755894,0.2323424071073532
40000,held_interior,27,1061,0.9779713805280436,0.2256631702184677
40000,held_interior,38,965,0.9760244806832483,0.22939074039459229
40000,held_interior,mean,3000,0.9760135825622939,0.22903072834014893
40000,held_high,52,986,0.9283521517990853,0.3025294542312622
40000,held_high,55,1002,0.8302688891536727,0.44416218996047974
40000,held_high,58,1012,0.6765956384273457,0.657237708568573
40000,held_high,mean,3000,0.8117388931267012,0.4694896936416626
50000,train,1,63,0.9537447170389721,0.2685602307319641
50000,train,2,61,0.9574235441494493,0.2498014122247696
50000,train,3,62,0.9715896155296095,0.2422681450843811
50000,train,4,60,0.9777546971854018,0.2314710170030594
50000,train,5,63,0.9764613639880806,0.23108673095703125
50000,train,6,65,0.979622638286179,0.21778208017349243
50000,train,7,55,0.9856573290744028,0.20779505372047424
50000,train,8,62,0.9822470986288289,0.22140586376190186
50000,train,9,63,0.9854177966139146,0.2166147381067276
50000,train,10,56,0.9809881133097479,0.2180919498205185
50000,train,11,70,0.9844039557978713,0.2191372960805893
50000,train,12,66,0.9831487897379726,0.22075681388378143
50000,train,13,68,0.9766720482698746,0.22333118319511414
50000,train,14,69,0.9778643865286081,0.22820408642292023
50000,train,16,74,0.9727077082495256,0.23339343070983887
50000,train,17,73,0.9813639213217574,0.22254201769828796
50000,train,18,60,0.9806379202801563,0.218824103474617
50000,train,19,69,0.9842493813852264,0.21259666979312897
50000,train,20,58,0.9797478640389501,0.22554367780685425
50000,train,21,75,0.9829421647277387,0.2157682478427887
50000,train,22,61,0.9808640378464702,0.21908153593540192
50000,train,23,57,0.9871400347882682,0.206129252910614
50000,train,24,54,0.9778038866169518,0.22496891021728516
50000,train,25,69,0.9843725940330161,0.21499863266944885
50000,train,26,61,0.9864799399517646,0.21278639137744904
50000,train,28,58,0.9824836467688177,0.21502354741096497
50000,train,29,55,0.9837666784148763,0.21538685262203217
50000,train,30,69,0.9824759048742673,0.2187652289867401
50000,train,31,72,0.9846388730289606,0.21810436248779297
50000,train,32,56,0.9823767768477113,0.21868373453617096
50000,train,33,65,0.9859424987404429,0.21064186096191406
50000,train,34,64,0.9798721777241111,0.22404903173446655
50000,train,35,67,0.9842445665930075,0.21411751210689545
50000,train,36,66,0.9858458550058347,0.2134239375591278
50000,train,37,70,0.9838756425550859,0.21169497072696686
50000,train,39,58,0.9779667676433322,0.22842875123023987
50000,train,40,58,0.976236319102421,0.23421476781368256
50000,train,41,65,0.9785417905668479,0.22438473999500275
50000,train,42,61,0.9737336962426894,0.22917397320270538
50000,train,43,74,0.9809890137108914,0.22217704355716705
50000,train,44,68,0.9788216335108763,0.22158682346343994
50000,train,45,60,0.9803178821488905,0.2200610488653183
50000,train,46,61,0.9779970836205562,0.2223198413848877
50000,train,47,71,0.9818837674662937,0.22393202781677246
50000,train,48,58,0.9794020844100927,0.22132012248039246
50000,train,49,54,0.9729575314190863,0.2327839583158493
50000,train,50,76,0.9614458432442655,0.24752521514892578
50000,train,mean,3000,0.9793004591705976,0.2232426553964615
50000,held_interior,15,974,0.9774546633091665,0.22655336558818817
50000,held_interior,27,1061,0.9820788676416924,0.21828165650367737
50000,held_interior,38,965,0.9796039054265097,0.22326961159706116
50000,held_interior,mean,3000,0.9797124787924562,0.22257165610790253
50000,held_high,52,986,0.914320076258835,0.3237973153591156
50000,held_high,55,1002,0.7962272293900369,0.49463051557540894
50000,held_high,58,1012,0.6090254831491627,0.751589298248291
50000,held_high,mean,3000,0.773190929599345,0.5251641273498535
60000,train,1,63,0.9507312337090754,0.27684134244918823
60000,train,2,61,0.9520044132238793,0.25920626521110535
60000,train,3,62,0.9693739708671635,0.24661022424697876
60000,train,4,60,0.9740700515071921,0.23686154186725616
60000,train,5,63,0.975699761528701,0.23268745839595795
60000,train,6,65,0.9789704529133109,0.21847325563430786
60000,train,7,55,0.9833133569743265,0.21195843815803528
60000,train,8,62,0.9775698586492467,0.22901757061481476
60000,train,9,63,0.9842716805588205,0.2172601819038391
60000,train,10,56,0.978445232210118,0.22218067944049835
60000,train,11,70,0.9822745155079203,0.22334980964660645
60000,train,12,66,0.9795814828226782,0.2264220267534256
60000,train,13,68,0.9763828575575259,0.22418458759784698
60000,train,14,69,0.9749665315919441,0.23281307518482208
60000,train,16,74,0.9689920499127876,0.2390836477279663
60000,train,17,73,0.978008605431673,0.2274494767189026
60000,train,18,60,0.977897888910124,0.2222287654876709
60000,train,19,69,0.98110156557177,0.21737734973430634
60000,train,20,58,0.9766052960806615,0.23103536665439606
60000,train,21,75,0.9766727859826249,0.2242477983236313
60000,train,22,61,0.9747815903108525,0.2280684858560562
60000,train,23,57,0.9825421573744629,0.21381747722625732
60000,train,24,54,0.9726964114727282,0.23460349440574646
60000,train,25,69,0.9796039219844419,0.22368669509887695
60000,train,26,61,0.9842377287595372,0.21733132004737854
60000,train,28,58,0.9810863352360416,0.21590502560138702
60000,train,29,55,0.9829637556326619,0.21760959923267365
60000,train,30,69,0.9811434891745907,0.21958081424236298
60000,train,31,72,0.983566278458246,0.22056899964809418
60000,train,32,56,0.9861965957483138,0.21267594397068024
60000,train,33,65,0.9852181650334793,0.21255843341350555
60000,train,34,64,0.9821879637626414,0.21989691257476807
60000,train,35,67,0.9825734090669244,0.21859490871429443
60000,train,36,66,0.985052973741425,0.21528518199920654
60000,train,37,70,0.9798338048603809,0.21867680549621582
60000,train,39,58,0.9772651203530249,0.22993440926074982
60000,train,40,58,0.9753546071536124,0.23654697835445404
60000,train,41,65,0.9783510975816088,0.2252795398235321
60000,train,42,61,0.9765366700648975,0.22779494524002075
60000,train,43,74,0.9812025484564646,0.22134165465831757
60000,train,44,68,0.982457897905055,0.21629375219345093
60000,train,45,60,0.9859676897994892,0.21408216655254364
60000,train,46,61,0.9823547768033619,0.21539315581321716
60000,train,47,71,0.9857004615380331,0.21688099205493927
60000,train,48,58,0.9847105471966413,0.21242815256118774
60000,train,49,54,0.9783423481180356,0.22508850693702698
60000,train,50,76,0.9747540824008705,0.22722329199314117
60000,train,mean,3000,0.9783748089255184,0.22502948343753815
60000,held_interior,15,974,0.9726621137934146,0.23389504849910736
60000,held_interior,27,1061,0.9808440870959779,0.22060149908065796
60000,held_interior,38,965,0.9767017278426708,0.22771717607975006
60000,held_interior,mean,3000,0.9767359762440212,0.22720636427402496
60000,held_high,52,986,0.9341165815423658,0.2938729226589203
60000,held_high,55,1002,0.8213328144055256,0.458829790353775
60000,held_high,58,1012,0.6380061691059206,0.7100102305412292
60000,held_high,mean,3000,0.797818521684604,0.4893454909324646
70000,train,1,63,0.9616685500652997,0.2551780641078949
70000,train,2,61,0.9603669676977113,0.2440941035747528
70000,train,3,62,0.9729544557134674,0.23997089266777039
70000,train,4,60,0.9798266239430352,0.22701984643936157
70000,train,5,63,0.9779604045465741,0.22882460057735443
70000,train,6,65,0.9816146018936985,0.21437481045722961
70000,train,7,55,0.985575552903774,0.20771002769470215
70000,train,8,62,0.9818508808539524,0.22090646624565125
70000,train,9,63,0.9860261849034359,0.21423852443695068
70000,train,10,56,0.9811600795115392,0.217934250831604
70000,train,11,70,0.9836370829807306,0.22172532975673676
70000,train,12,66,0.9832550810153623,0.21947835385799408
70000,train,13,68,0.9792841611108521,0.2189096212387085
70000,train,14,69,0.9789328129649295,0.22746285796165466
70000,train,16,74,0.9716246629533535,0.23513340950012207
70000,train,17,73,0.9792544319895728,0.22539815306663513
70000,train,18,60,0.9795576090895636,0.22147798538208008
70000,train,19,69,0.9829284477048247,0.21515195071697235
70000,train,20,58,0.9789085601677792,0.22790810465812683
70000,train,21,75,0.97857730634873,0.22351710498332977
70000,train,22,61,0.9783127341293364,0.22157607972621918
70000,train,23,57,0.9854764111838725,0.20891791582107544
70000,train,24,54,0.9744415178055724,0.23104070127010345
70000,train,25,69,0.9826567866313385,0.21734412014484406
70000,train,26,61,0.9833902895071694,0.21794651448726654
70000,train,28,58,0.9808690597803664,0.21690110862255096
70000,train,29,55,0.9853921816839647,0.2128749042749405
70000,train,30,69,0.9826161461278831,0.21776437759399414
70000,train,31,72,0.9859912754443908,0.21634173393249512
70000,train,32,56,0.9836974262343529,0.2167014330625534
70000,train,33,65,0.9856002084941904,0.21429681777954102
70000,train,34,64,0.978268420157447,0.22510169446468353
70000,train,35,67,0.9829699003996979,0.21672749519348145
70000,train,36,66,0.9854047702253439,0.21621426939964294
70000,train,37,70,0.9823834397481155,0.21513360738754272
70000,train,39,58,0.9781896400659529,0.22940513491630554
70000,train,40,58,0.9770992055553793,0.23330849409103394
70000,train,41,65,0.9778395657932104,0.2264726459980011
70000,train,42,61,0.9730361777818716,0.23414823412895203
70000,train,43,74,0.9807866339417084,0.22166895866394043
70000,train,44,68,0.9786284015755068,0.221501886844635
70000,train,45,60,0.9826277347936634,0.21800346672534943
70000,train,46,61,0.9784742638603614,0.2208007127046585
70000,train,47,71,0.9788265865758154,0.2299475073814392
70000,train,48,58,0.9791909536897884,0.22198857367038727
70000,train,49,54,0.9693491591760192,0.2401687502861023
70000,train,50,76,0.9643629044421231,0.24267329275608063
70000,train,mean,3000,0.9791669415566517,0.22368961572647095
70000,held_interior,15,974,0.974904366439727,0.23018091917037964
70000,held_interior,27,1061,0.9811532522866265,0.21970699727535248
70000,held_interior,38,965,0.9775219049138602,0.22634932398796082
70000,held_interior,mean,3000,0.9778598412134046,0.22524413466453552
70000,held_high,52,986,0.9158891219071231,0.32119402289390564
70000,held_high,55,1002,0.796960458020193,0.49327656626701355
70000,held_high,58,1012,0.6131280602147872,0.7462348937988281
70000,held_high,mean,3000,0.7753258800473678,0.5220500230789185
80000,train,1,63,0.9578101139727837,0.2610267102718353
80000,train,2,61,0.9613042587334278,0.24287119507789612
80000,train,3,62,0.9742759040629123,0.23806779086589813
80000,train,4,60,0.9802336168647934,0.22632953524589539
80000,train,5,63,0.9800264553970869,0.22564291954040527
80000,train,6,65,0.9840056288664034,0.21104773879051208
80000,train,7,55,0.9866095061784143,0.206373929977417
80000,train,8,62,0.9817483242706072,0.22057346999645233
80000,train,9,63,0.9869300839302381,0.21289564669132233
80000,train,10,56,0.9816916768643965,0.21718880534172058
80000,train,11,70,0.9838087026022502,0.22063086926937103
80000,train,12,66,0.9839452507850844,0.2182355672121048
80000,train,13,68,0.9819781974230068,0.2145264893770218
80000,train,14,69,0.9788079542636904,0.22683441638946533
80000,train,16,74,0.9692651296664847,0.23831483721733093
80000,train,17,73,0.9791055590708515,0.22538413107395172
80000,train,18,60,0.9771909758753844,0.2228519171476364
80000,train,19,69,0.980838675623013,0.21773387491703033
80000,train,20,58,0.9778120108332159,0.22931014001369476
80000,train,21,75,0.9790972342757968,0.22152410447597504
80000,train,22,61,0.9779772796866267,0.22404836118221283
80000,train,23,57,0.9834102145033021,0.21283656358718872
80000,train,24,54,0.9762425986836447,0.22964954376220703
80000,train,25,69,0.9818190131852829,0.2195204347372055
80000,train,26,61,0.9825896095614132,0.22090627253055573
80000,train,28,58,0.9832034030043325,0.21320702135562897
80000,train,29,55,0.9844664110718476,0.21470867097377777
80000,train,30,69,0.9841666201176286,0.21633081138134003
80000,train,31,72,0.9868591531465485,0.21437785029411316
80000,train,32,56,0.9871312079534457,0.20993231236934662
80000,train,33,65,0.9867894174334201,0.21104829013347626
80000,train,34,64,0.9835929080996723,0.2175431251525879
80000,train,35,67,0.9856147242793589,0.21311336755752563
80000,train,36,66,0.9895362628654697,0.2087523341178894
80000,train,37,70,0.9850965348705107,0.2087114006280899
80000,train,39,58,0.9828355110880191,0.22027018666267395
80000,train,40,58,0.9825964313929432,0.22632163763046265
80000,train,41,65,0.9818359231085484,0.21941033005714417
80000,train,42,61,0.9831716197306937,0.21756237745285034
80000,train,43,74,0.9878958110854579,0.2100675404071808
80000,train,44,68,0.9870626741783858,0.20830576121807098
80000,train,45,60,0.9898880213416268,0.20666004717350006
80000,train,46,61,0.9839401621364172,0.21318984031677246
80000,train,47,71,0.9858749790436351,0.21701791882514954
80000,train,48,58,0.9854229451594613,0.21325434744358063
80000,train,49,54,0.9805460241504946,0.22123873233795166
80000,train,50,76,0.9758297073596913,0.22522713243961334
80000,train,mean,3000,0.9815293708042069,0.21981050074100494
80000,held_interior,15,974,0.9744533772785999,0.23131078481674194
80000,held_interior,27,1061,0.9815444781268655,0.219466432929039
80000,held_interior,38,965,0.982965219160314,0.21766242384910583
80000,held_interior,mean,3000,0.9796543581885931,0.2227316051721573
80000,held_high,52,986,0.9393483542446665,0.2858450710773468
80000,held_high,55,1002,0.8533572649909029,0.41235587000846863
80000,held_high,58,1012,0.6872303367230921,0.6425407528877258
80000,held_high,mean,3000,0.8266453186528872,0.4484249949455261
90000,train,1,63,0.9659254647268118,0.24951519072055817
90000,train,2,61,0.9690189360254522,0.23241715133190155
90000,train,3,62,0.9776105380244045,0.23273390531539917
90000,train,4,60,0.9836104420175977,0.22098594903945923
90000,train,5,63,0.9819414408321346,0.2228391021490097
90000,train,6,65,0.984827759463964,0.20998015999794006
90000,train,7,55,0.9860552354766153,0.20765338838100433
90000,train,8,62,0.9828783240766155,0.22047054767608643
90000,train,9,63,0.987010968405342,0.21443478763103485
90000,train,10,56,0.9815143634504894,0.21815383434295654
90000,train,11,70,0.9854112100296791,0.218944251537323
90000,train,12,66,0.9846996060895429,0.21833905577659607
90000,train,13,68,0.9832311172478699,0.21332404017448425
90000,train,14,69,0.9804279080401588,0.2255782186985016
90000,train,16,74,0.9747506546615763,0.23008540272712708
90000,train,17,73,0.9823249084770853,0.22108164429664612
90000,train,18,60,0.9801691187495438,0.21993669867515564
90000,train,19,69,0.9844020101028416,0.2126208245754242
90000,train,20,58,0.9801930797226528,0.2268693894147873
90000,train,21,75,0.9811612887314622,0.21984659135341644
90000,train,22,61,0.9817535139326755,0.2187557816505432
90000,train,23,57,0.9843264906339116,0.21020755171775818
90000,train,24,54,0.9757760432703344,0.2298489212989807
90000,train,25,69,0.9804801097230401,0.2218809425830841
90000,train,26,61,0.9817534112543501,0.22074824571609497
90000,train,28,58,0.9791629511276,0.2201589047908783
90000,train,29,55,0.9830945580601813,0.21830932796001434
90000,train,30,69,0.9811852113878164,0.22080101072788239
90000,train,31,72,0.9842718614325823,0.21861466765403748
90000,train,32,56,0.9813460781090282,0.21900701522827148
90000,train,33,65,0.9839656221787639,0.21543340384960175
90000,train,34,64,0.9809768864464085,0.22312168776988983
90000,train,35,67,0.9827707217748923,0.21759821474552155
90000,train,36,66,0.9862443483503209,0.2151995301246643
90000,train,37,70,0.9826950335038368,0.2142808437347412
90000,train,39,58,0.9756995166509711,0.2324075847864151
90000,train,40,58,0.9754964064149079,0.23725683987140656
90000,train,41,65,0.9780426186892617,0.226192444562912
90000,train,42,61,0.9769051504651732,0.2265370935201645
90000,train,43,74,0.9830963422451987,0.21839216351509094
90000,train,44,68,0.9825337781393502,0.21571053564548492
90000,train,45,60,0.9849394165724354,0.21396353840827942
90000,train,46,61,0.9804310635479576,0.2195008397102356
90000,train,47,71,0.98569075742318,0.21607325971126556
90000,train,48,58,0.9824643447962293,0.2188190370798111
90000,train,49,54,0.9775477825823482,0.22401444613933563
90000,train,50,76,0.9720964404067037,0.23095020651817322
90000,train,mean,3000,0.9808917198610915,0.22122344374656677
90000,held_interior,15,974,0.9788756211738167,0.2245585173368454
90000,held_interior,27,1061,0.9795245254522637,0.22293972969055176
90000,held_interior,38,965,0.9755635157594731,0.2305641919374466
90000,held_interior,mean,3000,0.9779878874618512,0.22591784596443176
90000,held_high,52,986,0.926851328329665,0.3051517605781555
90000,held_high,55,1002,0.8231622969178646,0.45642581582069397
90000,held_high,58,1012,0.6350121349433394,0.717095136642456
90000,held_high,mean,3000,0.7950085867302897,0.4946395754814148
100000,train,1,63,0.9586195257092232,0.2601267695426941
100000,train,2,61,0.9636445609155505,0.23971308767795563
100000,train,3,62,0.9749107565649314,0.23638665676116943
100000,train,4,60,0.9804089960180823,0.22630855441093445
100000,train,5,63,0.9779469485297988,0.22971534729003906
100000,train,6,65,0.9827498634808349,0.2134280502796173
100000,train,7,55,0.9831728689345077,0.21230219304561615
100000,train,8,62,0.9811928378563796,0.22245559096336365
100000,train,9,63,0.9850806617502802,0.21752457320690155
100000,train,10,56,0.9789449955836257,0.22041191160678864
100000,train,11,70,0.9832831945841791,0.22205214202404022
100000,train,12,66,0.9835372976352855,0.21993327140808105
100000,train,13,68,0.982049768637603,0.21440982818603516
100000,train,14,69,0.976527349726164,0.23093973100185394
100000,train,16,74,0.9700375018047191,0.23630118370056152
100000,train,17,73,0.9792170418046644,0.22466517984867096
100000,train,18,60,0.9747454967181876,0.2282278686761856
100000,train,19,69,0.9812394927560465,0.21775293350219727
100000,train,20,58,0.9757460071468141,0.23238517343997955
100000,train,21,75,0.9739799152836451,0.22967050969600677
100000,train,22,61,0.9729745212066055,0.2313089221715927
100000,train,23,57,0.978283533408065,0.22084897756576538
100000,train,24,54,0.9716537534544669,0.23802363872528076
100000,train,25,69,0.980223812275756,0.22180922329425812
100000,train,26,61,0.9778872542421827,0.22853735089302063
100000,train,28,58,0.9743312223950457,0.22629578411579132
100000,train,29,55,0.9749587471388327,0.23228667676448822
100000,train,30,69,0.9780169930538863,0.22687268257141113
100000,train,31,72,0.9836662023754861,0.21933788061141968
100000,train,32,56,0.9808401391115372,0.2201719582080841
100000,train,33,65,0.9843946734453433,0.21474508941173553
100000,train,34,64,0.9773536220250032,0.22754673659801483
100000,train,35,67,0.9812491452427899,0.21821598708629608
100000,train,36,66,0.9835929140735248,0.2183717042207718
100000,train,37,70,0.9837575707927353,0.21220576763153076
100000,train,39,58,0.9785744620586008,0.22786729037761688
100000,train,40,58,0.9800159465433133,0.22933398187160492
100000,train,41,65,0.9800184969533235,0.22161871194839478
100000,train,42,61,0.9775671389752214,0.22498485445976257
100000,train,43,74,0.9873509356207301,0.21108098328113556
100000,train,44,68,0.9835219664907533,0.2127649337053299
100000,train,45,60,0.9868863186560318,0.21025031805038452
100000,train,46,61,0.9846988449936535,0.21244393289089203
100000,train,47,71,0.9862145731250256,0.21538954973220825
100000,train,48,58,0.9842393964168548,0.21569384634494781
100000,train,49,54,0.9786389578923614,0.22414706647396088
100000,train,50,76,0.9726552810460992,0.2283504158258438
100000,train,mean,3000,0.9789489681798672,0.22381417453289032
100000,held_interior,15,974,0.9755409907243486,0.229468435049057
100000,held_interior,27,1061,0.9764844275771332,0.22773541510105133
100000,held_interior,38,965,0.9793990747688343,0.22406598925590515
100000,held_interior,mean,3000,0.9771414976901053,0.22711773216724396
100000,held_high,52,986,0.9312833802707998,0.2982284724712372
100000,held_high,55,1002,0.8252400354347008,0.45241451263427734
100000,held_high,58,1012,0.6468654351772174,0.6987683176994324
100000,held_high,mean,3000,0.801129616960906,0.48484209179878235
110000,train,1,63,0.9587681103543972,0.2600168287754059
110000,train,2,61,0.9596205716749081,0.2465936690568924
110000,train,3,62,0.9733643769021212,0.24040202796459198
110000,train,4,60,0.9760624458364195,0.23472879827022552
110000,train,5,63,0.9754199162961966,0.2332746684551239
110000,train,6,65,0.9807881897234086,0.21438419818878174
110000,train,7,55,0.9843989151740423,0.210078626871109
110000,train,8,62,0.9805087737799255,0.22344793379306793
110000,train,9,63,0.9871901074166455,0.21215657889842987
110000,train,10,56,0.9807826251470921,0.21752728521823883
110000,train,11,70,0.9839536861945942,0.22074611485004425
110000,train,12,66,0.9834889914427183,0.22053241729736328
110000,train,13,68,0.980799926103738,0.21596631407737732
110000,train,14,69,0.9814858125943252,0.22385722398757935
110000,train,16,74,0.9745822783209132,0.23085026443004608
110000,train,17,73,0.9815004391956137,0.22182893753051758
110000,train,18,60,0.9802490225650654,0.21901091933250427
110000,train,19,69,0.9831775595924116,0.21463945508003235
110000,train,20,58,0.9831232383047929,0.22114786505699158
110000,train,21,75,0.9810923678004129,0.21841512620449066
110000,train,22,61,0.9813675204222307,0.21744412183761597
110000,train,23,57,0.9865975152363795,0.20729632675647736
110000,train,24,54,0.9797653280508345,0.22427082061767578
110000,train,25,69,0.9854752819847915,0.21214793622493744
110000,train,26,61,0.9832410448563562,0.218240886926651
110000,train,28,58,0.9817693518738685,0.21518570184707642
110000,train,29,55,0.9858087857699537,0.21338431537151337
110000,train,30,69,0.981479729383708,0.22165508568286896
110000,train,31,72,0.9846396053169272,0.21788106858730316
110000,train,32,56,0.9850415959197651,0.21225062012672424
110000,train,33,65,0.9859858493232891,0.2135719209909439
110000,train,34,64,0.9818500999399393,0.22014009952545166
110000,train,35,67,0.9828529516544608,0.21653445065021515
110000,train,36,66,0.9897170545165497,0.2081647515296936
110000,train,37,70,0.985166954726583,0.20935072004795074
110000,train,39,58,0.9764397185657189,0.22983719408512115
110000,train,40,58,0.9765616890075159,0.2324075847864151
110000,train,41,65,0.9795243201425201,0.22326244413852692
110000,train,42,61,0.9769415637361136,0.22689753770828247
110000,train,43,74,0.9820910671233047,0.21946169435977936
110000,train,44,68,0.9787570131810295,0.22171437740325928
110000,train,45,60,0.982873960591868,0.2174101620912552
110000,train,46,61,0.9787262776959289,0.2191007435321808
110000,train,47,71,0.9813549134712655,0.22393402457237244
110000,train,48,58,0.9824063737616373,0.2188895046710968
110000,train,49,54,0.9727092525519079,0.23469111323356628
110000,train,50,76,0.9681785894507734,0.23623338341712952
110000,train,mean,3000,0.9801634204824459,0.22192759811878204
110000,held_interior,15,974,0.9772172705343455,0.2267666608095169
110000,held_interior,27,1061,0.9815169923803172,0.2196963131427765
110000,held_interior,38,965,0.9794139266724081,0.2236049473285675
110000,held_interior,mean,3000,0.979382729862357,0.22324910759925842
110000,held_high,52,986,0.9175403311901891,0.31821516156196594
110000,held_high,55,1002,0.8121468678775234,0.4714169502258301
110000,held_high,58,1012,0.6200988120372993,0.7353834509849548
110000,held_high,mean,3000,0.7832620037016707,0.5101093053817749
120000,train,1,63,0.9715964372133855,0.2384711652994156
120000,train,2,61,0.9675803204565325,0.23471741378307343
120000,train,3,62,0.9777899040096395,0.23265661299228668
120000,train,4,60,0.9796178888342957,0.22802409529685974
120000,train,5,63,0.9795865462094109,0.2278221845626831
120000,train,6,65,0.983369862560048,0.21222294867038727
120000,train,7,55,0.9862445712473499,0.2069065421819687
120000,train,8,62,0.9795141871096812,0.22782593965530396
120000,train,9,63,0.9873827528032484,0.2140619456768036
120000,train,10,56,0.9828593173457503,0.21523460745811462
120000,train,11,70,0.9861272484956678,0.21841976046562195
120000,train,12,66,0.9851588842738033,0.21666286885738373
120000,train,13,68,0.9852921861989706,0.2105989009141922
120000,train,14,69,0.9842619064507202,0.22009454667568207
120000,train,16,74,0.9781484377695887,0.22568903863430023
120000,train,17,73,0.9848522764745608,0.2162182629108429
120000,train,18,60,0.9831543967006016,0.21546530723571777
120000,train,19,69,0.9870636624983735,0.20983131229877472
120000,train,20,58,0.9838958536960513,0.21967628598213196
120000,train,21,75,0.9847123024281721,0.21440960466861725
120000,train,22,61,0.9847617614060896,0.21387232840061188
120000,train,23,57,0.9866992464517814,0.20752428472042084
120000,train,24,54,0.9772317236332095,0.2289951890707016
120000,train,25,69,0.9841189105999869,0.2165197730064392
120000,train,26,61,0.9848733537993131,0.21676160395145416
120000,train,28,58,0.982795507535452,0.21357682347297668
120000,train,29,55,0.9829237144594566,0.2197798490524292
120000,train,30,69,0.9827651812085191,0.21934504806995392
120000,train,31,72,0.9862857310686439,0.2152579128742218
120000,train,32,56,0.9864857436135098,0.2124425172805786
120000,train,33,65,0.9885114869592351,0.20859898626804352
120000,train,34,64,0.9830530562347644,0.21918371319770813
120000,train,35,67,0.9871840821612965,0.2112845480442047
120000,train,36,66,0.9879334697453255,0.2114953100681305
120000,train,37,70,0.984517410337646,0.21195995807647705
120000,train,39,58,0.9795978367128546,0.2264874130487442
120000,train,40,58,0.9799692474142583,0.2299475520849228
120000,train,41,65,0.984383038740894,0.21670366823673248
120000,train,42,61,0.9762814632638228,0.2288624495267868
120000,train,43,74,0.984997788923642,0.21565495431423187
120000,train,44,68,0.9829110104576467,0.21509039402008057
120000,train,45,60,0.987903351438233,0.2101261466741562
120000,train,46,61,0.9854645516994883,0.21207170188426971
120000,train,47,71,0.9883189285926678,0.21284863352775574
120000,train,48,58,0.9884596700448033,0.20847587287425995
120000,train,49,54,0.9834458551988263,0.21595102548599243
120000,train,50,76,0.9770655323424023,0.22366446256637573
120000,train,mean,3000,0.9831307999323323,0.21796923875808716
120000,held_interior,15,974,0.9833445491041493,0.21806654334068298
120000,held_interior,27,1061,0.9828865118509317,0.21778243780136108
120000,held_interior,38,965,0.9811529305984421,0.22125089168548584
120000,held_interior,mean,3000,0.982461330517841,0.21899037063121796
120000,held_high,52,986,0.9431315745397475,0.28064316511154175
120000,held_high,55,1002,0.8401993671774028,0.43378105759620667
120000,held_high,58,1012,0.6526680840904147,0.6944421529769897
120000,held_high,mean,3000,0.8119996752691883,0.47137942910194397
130000,train,1,63,0.9590190956552955,0.26069366931915283
130000,train,2,61,0.9595342790732214,0.24667304754257202
130000,train,3,62,0.9761934542712614,0.23612210154533386
130000,train,4,60,0.978076253208964,0.23126579821109772
130000,train,5,63,0.978160861726709,0.2303106039762497
130000,train,6,65,0.9822846127370158,0.21361075341701508
130000,train,7,55,0.9866507005328903,0.20803551375865936
130000,train,8,62,0.9816507387953302,0.22347278892993927
130000,train,9,63,0.9883441182634519,0.21277770400047302
130000,train,10,56,0.9818845332700112,0.21844244003295898
130000,train,11,70,0.9851968650547829,0.21868523955345154
130000,train,12,66,0.9847708633672421,0.21842510998249054
130000,train,13,68,0.9855413940276938,0.21094001829624176
130000,train,14,69,0.9827510627916428,0.2224009782075882
130000,train,16,74,0.976530272326002,0.22982783615589142
130000,train,17,73,0.9831110485240627,0.21943998336791992
130000,train,18,60,0.9829912984196071,0.21640245616436005
130000,train,19,69,0.9851959290130975,0.21321330964565277
130000,train,20,58,0.9836202114733947,0.22174492478370667
130000,train,21,75,0.9832259963497004,0.2166290283203125
130000,train,22,61,0.9851401721620742,0.21263808012008667
130000,train,23,57,0.9874893346195428,0.20745395123958588
130000,train,24,54,0.9783371598755838,0.2270938903093338
130000,train,25,69,0.984539485674348,0.2168385237455368
130000,train,26,61,0.9845471532762093,0.21776831150054932
130000,train,28,58,0.9807773946067941,0.21804822981357574
130000,train,29,55,0.984599224311089,0.21710604429244995
130000,train,30,69,0.9827802731903275,0.21879397332668304
130000,train,31,72,0.9862618889060182,0.21535135805606842
130000,train,32,56,0.9861258291221637,0.21417300403118134
130000,train,33,65,0.9857474958531133,0.21426233649253845
130000,train,34,64,0.9830243773491552,0.2196662724018097
130000,train,35,67,0.9862909224189551,0.21375365555286407
130000,train,36,66,0.9871820576192332,0.2147269994020462
130000,train,37,70,0.9845437035093378,0.21192336082458496
130000,train,39,58,0.983905494717668,0.21999362111091614
130000,train,40,58,0.9794895613505121,0.2317236065864563
130000,train,41,65,0.9807412250517069,0.22319920361042023
130000,train,42,61,0.9802760707578938,0.22344695031642914
130000,train,43,74,0.9861729649164974,0.2148609161376953
130000,train,44,68,0.9851680320606914,0.2128823697566986
130000,train,45,60,0.9874910250058438,0.21286004781723022
130000,train,46,61,0.984326809804189,0.21244488656520844
130000,train,47,71,0.9882969778340797,0.21468700468540192
130000,train,48,58,0.9854090876848676,0.2151845395565033
130000,train,49,54,0.9806255916373424,0.2203170210123062
130000,train,50,76,0.9756005149438761,0.22814017534255981
130000,train,mean,3000,0.9823324131306488,0.21992170810699463
130000,held_interior,15,974,0.980571805338417,0.22292307019233704
130000,held_interior,27,1061,0.9827540908290163,0.21875475347042084
130000,held_interior,38,965,0.9817775292224881,0.22053392231464386
130000,held_interior,mean,3000,0.9817011417966405,0.2206803560256958
130000,held_high,52,986,0.9407829611495009,0.2837890386581421
130000,held_high,55,1002,0.8388370450725805,0.43121108412742615
130000,held_high,58,1012,0.6456861422391651,0.6935175061225891
130000,held_high,mean,3000,0.8084353828204156,0.47124308347702026
140000,train,1,63,0.9640375784311993,0.25359657406806946
140000,train,2,61,0.9633426315918712,0.24152226746082306
140000,train,3,62,0.9798720436951164,0.22818759083747864
140000,train,4,60,0.9783170519386133,0.22941400110721588
140000,train,5,63,0.9788279396584563,0.22741542756557465
140000,train,6,65,0.9842190136389247,0.21053649485111237
140000,train,7,55,0.9869728278381376,0.20592908561229706
140000,train,8,62,0.9771691249497383,0.22813920676708221
140000,train,9,63,0.9873386581930274,0.2120928317308426
140000,train,10,56,0.9805666247013984,0.21873892843723297
140000,train,11,70,0.9855484037818617,0.218647763133049
140000,train,12,66,0.9836580238863133,0.22032122313976288
140000,train,13,68,0.9837999712923127,0.21221770346164703
140000,train,14,69,0.983980643324153,0.218220517039299
140000,train,16,74,0.9759886988752611,0.22914811968803406
140000,train,17,73,0.9835196468166219,0.2183610200881958
140000,train,18,60,0.9825987803453811,0.21467570960521698
140000,train,19,69,0.9858518876863657,0.21042999625205994
140000,train,20,58,0.9836747166146816,0.21957255899906158
140000,train,21,75,0.9825348937664568,0.21641293168067932
140000,train,22,61,0.9823790444860069,0.21592779457569122
140000,train,23,57,0.9844173342694122,0.2115062028169632
140000,train,24,54,0.9767311511323244,0.22909130156040192
140000,train,25,69,0.98381637727977,0.21525683999061584
140000,train,26,61,0.9811807943881404,0.2223149687051773
140000,train,28,58,0.9800967784430892,0.21910203993320465
140000,train,29,55,0.9843173616185027,0.21466712653636932
140000,train,30,69,0.9838485772634643,0.2161908745765686
140000,train,31,72,0.9874233032187323,0.21259087324142456
140000,train,32,56,0.9875211838589634,0.2100907564163208
140000,train,33,65,0.9883962756675551,0.20906896889209747
140000,train,34,64,0.9844088338333156,0.21707431972026825
140000,train,35,67,0.9833355696937035,0.21626156568527222
140000,train,36,66,0.9883991760104285,0.21013927459716797
140000,train,37,70,0.9858733576147789,0.20936308801174164
140000,train,39,58,0.980831140046793,0.22502237558364868
140000,train,40,58,0.9777302176291081,0.23215214908123016
140000,train,41,65,0.9834042260654917,0.21668367087841034
140000,train,42,61,0.9781862512734958,0.22475503385066986
140000,train,43,74,0.9842298177363952,0.2173759937286377
140000,train,44,68,0.9829415125640764,0.21456244587898254
140000,train,45,60,0.9863135294731105,0.21330873668193817
140000,train,46,61,0.9824973852022622,0.21344412863254547
140000,train,47,71,0.9857243565661035,0.21740850806236267
140000,train,48,58,0.9860750671471261,0.21245728433132172
140000,train,49,54,0.9800404883660876,0.22116506099700928
140000,train,50,76,0.9762792445770925,0.2243790328502655
140000,train,mean,3000,0.9820897343925791,0.2189619392156601
140000,held_interior,15,974,0.9802443750551464,0.2222777158021927
140000,held_interior,27,1061,0.9823540813152664,0.21787448227405548
140000,held_interior,38,965,0.981816625185013,0.21983158588409424
140000,held_interior,mean,3000,0.9814716938518085,0.21993359923362732
140000,held_high,52,986,0.9407135182713335,0.28386223316192627
140000,held_high,55,1002,0.8477726653576397,0.4223160445690155
140000,held_high,58,1012,0.6879549518715381,0.6473520398139954
140000,held_high,mean,3000,0.8254803785001704,0.45272305607795715
150000,train,1,63,0.951797181103195,0.2712768018245697
150000,train,2,61,0.9490798193973287,0.26097673177719116
150000,train,3,62,0.9681234862461574,0.24754095077514648
150000,train,4,60,0.9710910153569938,0.24205297231674194
150000,train,5,63,0.9718013664708663,0.23839613795280457
150000,train,6,65,0.9761703587006285,0.22142170369625092
150000,train,7,55,0.9804968200671735,0.21582826972007751
150000,train,8,62,0.9784739903460731,0.2273816019296646
150000,train,9,63,0.9820599514894197,0.2224109023809433
150000,train,10,56,0.9755170817217902,0.22600464522838593
150000,train,11,70,0.9787211621976846,0.22969725728034973
150000,train,12,66,0.9768045827074836,0.23118296265602112
150000,train,13,68,0.9749654293146895,0.22466011345386505
150000,train,14,69,0.9755125543273698,0.23215821385383606
150000,train,16,74,0.9654773631811555,0.24374788999557495
150000,train,17,73,0.9761896060488182,0.23028255999088287
150000,train,18,60,0.976584309841843,0.22443653643131256
150000,train,19,69,0.9812385098186353,0.2179405391216278
150000,train,20,58,0.9800309128690068,0.22578909993171692
150000,train,21,75,0.9759648221316022,0.22599400579929352
150000,train,22,61,0.9776013330027074,0.2244849056005478
150000,train,23,57,0.9826787536543229,0.2132135033607483
150000,train,24,54,0.9736846398756478,0.23503099381923676
150000,train,25,69,0.9823907114489722,0.21953241527080536
150000,train,26,61,0.9817942669590347,0.22161148488521576
150000,train,28,58,0.980513285140427,0.21678613126277924
150000,train,29,55,0.9831456058414805,0.21783192455768585
150000,train,30,69,0.9845053703408544,0.21565905213356018
150000,train,31,72,0.9843708809298614,0.21750956773757935
150000,train,32,56,0.9854124408098317,0.21297504007816315
150000,train,33,65,0.9899108849104541,0.20730924606323242
150000,train,34,64,0.9831750081431255,0.2183285355567932
150000,train,35,67,0.9871884843350839,0.2104765772819519
150000,train,36,66,0.9912367441381679,0.2051679491996765
150000,train,37,70,0.9871222867954982,0.20709286630153656
150000,train,39,58,0.9838262415793434,0.21854864060878754
150000,train,40,58,0.9828253979137392,0.2235027551651001
150000,train,41,65,0.9857554304095852,0.21308507025241852
150000,train,42,61,0.9826101741267682,0.21833625435829163
150000,train,43,74,0.9885487204716938,0.2088572084903717
150000,train,44,68,0.9861027982402564,0.21017345786094666
150000,train,45,60,0.9879810252891703,0.2096666842699051
150000,train,46,61,0.9866692040166901,0.20918788015842438
150000,train,47,71,0.9870543725667779,0.21551716327667236
150000,train,48,58,0.9850426916723901,0.21430698037147522
150000,train,49,54,0.9820380922121094,0.21903428435325623
150000,train,50,76,0.9818069749774468,0.21667678654193878
150000,train,mean,3000,0.9795977051731777,0.2228984236717224
150000,held_interior,15,974,0.9709983989840778,0.23742283880710602
150000,held_interior,27,1061,0.9812493187673431,0.21968497335910797
150000,held_interior,38,965,0.9842157956486498,0.21627824008464813
150000,held_interior,mean,3000,0.9788211711333569,0.2243480235338211
150000,held_high,52,986,0.9471558038847679,0.27348843216896057
150000,held_high,55,1002,0.8685385631760766,0.389965683221817
150000,held_high,58,1012,0.7096887121872419,0.6139350533485413
150000,held_high,mean,3000,0.8417943597493621,0.42723584175109863
160000,train,1,63,0.9632169383813529,0.2533893585205078
160000,train,2,61,0.9585565156348085,0.24893467128276825
160000,train,3,62,0.9799264573030375,0.22831639647483826
160000,train,4,60,0.9776801975423168,0.23116007447242737
160000,train,5,63,0.9785221642359094,0.2284674048423767
160000,train,6,65,0.982491009137909,0.2117277830839157
160000,train,7,55,0.9859824632387039,0.2074982076883316
160000,train,8,62,0.982127936956246,0.2205146998167038
160000,train,9,63,0.9853788029315163,0.21580089628696442
160000,train,10,56,0.9810773878465909,0.21801836788654327
160000,train,11,70,0.9841179253191027,0.21973079442977905
160000,train,12,66,0.9834403885693517,0.22025036811828613
160000,train,13,68,0.9833946857396922,0.21270564198493958
160000,train,14,69,0.9807983368428277,0.22382216155529022
160000,train,16,74,0.9749469474906044,0.22978641092777252
160000,train,17,73,0.9827439430381915,0.21916194260120392
160000,train,18,60,0.9824714640163279,0.21484169363975525
160000,train,19,69,0.9840608010768579,0.21378406882286072
160000,train,20,58,0.9802894538612736,0.2244420200586319
160000,train,21,75,0.9810329539386563,0.21833358705043793
160000,train,22,61,0.9796934183045957,0.2209150344133377
160000,train,23,57,0.9834662237332115,0.21141129732131958
160000,train,24,54,0.9761308582135764,0.2279237061738968
160000,train,25,69,0.9826184649320072,0.21775032579898834
160000,train,26,61,0.9825789610432634,0.21982887387275696
160000,train,28,58,0.9803463098620526,0.21640518307685852
160000,train,29,55,0.9815141773871114,0.21987561881542206
160000,train,30,69,0.9824604354443691,0.21905097365379333
160000,train,31,72,0.9867099342356374,0.2137746512889862
160000,train,32,56,0.9863797032145072,0.21016080677509308
160000,train,33,65,0.9862357898906683,0.21168595552444458
160000,train,34,64,0.9842560982786296,0.21712327003479004
160000,train,35,67,0.9857992372738643,0.21275678277015686
160000,train,36,66,0.9889659867690248,0.2106419801712036
160000,train,37,70,0.9856451416916102,0.20778605341911316
160000,train,39,58,0.982638881850299,0.22052238881587982
160000,train,40,58,0.983917218140012,0.2213929444551468
160000,train,41,65,0.9850905472897307,0.2145220786333084
160000,train,42,61,0.9846259079162891,0.21485982835292816
160000,train,43,74,0.9869930512440203,0.21221596002578735
160000,train,44,68,0.9879034506335737,0.20716717839241028
160000,train,45,60,0.9878056365838841,0.2103322148323059
160000,train,46,61,0.9864381376027416,0.21068458259105682
160000,train,47,71,0.987923662758128,0.2133893221616745
160000,train,48,58,0.9879034433694617,0.20899853110313416
160000,train,49,54,0.9822511508818368,0.21855856478214264
160000,train,50,76,0.9779801541168343,0.2232751101255417
160000,train,mean,3000,0.9822665692715364,0.21853837370872498
160000,held_interior,15,974,0.9784845449270962,0.22491344809532166
160000,held_interior,27,1061,0.981552294804043,0.21917012333869934
160000,held_interior,38,965,0.9829320951922187,0.21787865459918976
160000,held_interior,mean,3000,0.9809896449744526,0.22061936557292938
160000,held_high,52,986,0.9374460885060335,0.2886735200881958
160000,held_high,55,1002,0.8351899320001172,0.43899253010749817
160000,held_high,58,1012,0.661031648461061,0.6800999641418457
160000,held_high,mean,3000,0.8112225563224039,0.47092127799987793
170000,train,1,63,0.9588556805359946,0.25960230827331543
170000,train,2,61,0.9593145527903507,0.2451762855052948
170000,train,3,62,0.9694055990271422,0.2464408129453659
170000,train,4,60,0.9758232323720469,0.23551392555236816
170000,train,5,63,0.9762800628226638,0.23109027743339539
170000,train,6,65,0.9790404760388816,0.22062993049621582
170000,train,7,55,0.9822491815462944,0.21433736383914948
170000,train,8,62,0.9784763971149173,0.22892625629901886
170000,train,9,63,0.9825884096396472,0.2216682732105255
170000,train,10,56,0.9779739600470685,0.22413747012615204
170000,train,11,70,0.9797031338681322,0.22855892777442932
170000,train,12,66,0.9818389111473975,0.22357715666294098
170000,train,13,68,0.9801412534360755,0.2208448052406311
170000,train,14,69,0.9777615293428766,0.23096300661563873
170000,train,16,74,0.9684456088476878,0.24151530861854553
170000,train,17,73,0.9799961255046211,0.22433540225028992
170000,train,18,60,0.9778339189390826,0.22482392191886902
170000,train,19,69,0.9806936721385818,0.21940964460372925
170000,train,20,58,0.9773052291902677,0.23096534609794617
170000,train,21,75,0.9803787504975539,0.2207929491996765
170000,train,22,61,0.9791457869201944,0.2196788638830185
170000,train,23,57,0.9840320609994295,0.2122804969549179
170000,train,24,54,0.9745250998616853,0.23235617578029633
170000,train,25,69,0.9806934493380853,0.2222895622253418
170000,train,26,61,0.9814328840217336,0.22413907945156097
170000,train,28,58,0.9814711480320163,0.21697989106178284
170000,train,29,55,0.9825397006314124,0.21849748492240906
170000,train,30,69,0.9795172957888678,0.22518129646778107
170000,train,31,72,0.9845821530883737,0.2174989879131317
170000,train,32,56,0.980660583445842,0.22357073426246643
170000,train,33,65,0.9842393118930531,0.21643710136413574
170000,train,34,64,0.9797919621527598,0.22568432986736298
170000,train,35,67,0.9825854922496474,0.21938592195510864
170000,train,36,66,0.9801347791372743,0.22505998611450195
170000,train,37,70,0.9787498295863349,0.22070565819740295
170000,train,39,58,0.9746604128495827,0.2368002086877823
170000,train,40,58,0.9715132298407305,0.24275587499141693
170000,train,41,65,0.9735726374745706,0.234884113073349
170000,train,42,61,0.9681418377999618,0.24043047428131104
170000,train,43,74,0.9784438921834807,0.22595879435539246
170000,train,44,68,0.9767382147955114,0.22456589341163635
170000,train,45,60,0.9801653935528583,0.2217862755060196
170000,train,46,61,0.9750087068392398,0.22903890907764435
170000,train,47,71,0.9806071459738407,0.2259557992219925
170000,train,48,58,0.9760897904812411,0.22749537229537964
170000,train,49,54,0.9691193203053292,0.24246352910995483
170000,train,50,76,0.961385682933701,0.248800128698349
170000,train,mean,3000,0.9770990103622138,0.22793689370155334
170000,held_interior,15,974,0.9766356321242177,0.2287689745426178
170000,held_interior,27,1061,0.9798736566949467,0.22332440316677094
170000,held_interior,38,965,0.9753220973046821,0.23120227456092834
170000,held_interior,mean,3000,0.9772771287079488,0.22762611508369446
170000,held_high,52,986,0.9184268551052297,0.3178151547908783
170000,held_high,55,1002,0.8139855355249161,0.46957024931907654
170000,held_high,58,1012,0.644196085609285,0.7023853063583374
170000,held_high,mean,3000,0.7922028254131437,0.49822962284088135
180000,train,1,63,0.9592109518855829,0.25968557596206665
180000,train,2,61,0.9626419990554695,0.24191096425056458
180000,train,3,62,0.9744296680206276,0.23756583034992218
180000,train,4,60,0.9763012922263234,0.23494267463684082
180000,train,5,63,0.9741114587543571,0.23490406572818756
180000,train,6,65,0.9805414395284269,0.21672099828720093
180000,train,7,55,0.9841813132356025,0.2100827991962433
180000,train,8,62,0.9802481697672916,0.22557291388511658
180000,train,9,63,0.9848638269640175,0.2166808843612671
180000,train,10,56,0.9768056785745224,0.22442324459552765
180000,train,11,70,0.9805502762144996,0.22670897841453552
180000,train,12,66,0.9806181323395845,0.2254074662923813
180000,train,13,68,0.9769991798223989,0.2243931144475937
180000,train,14,69,0.9750605752800202,0.23319363594055176
180000,train,16,74,0.9692064196117386,0.2384718507528305
180000,train,17,73,0.9785405235476627,0.2271450310945511
180000,train,18,60,0.9774444626634254,0.2222270518541336
180000,train,19,69,0.9824028842860058,0.21678082644939423
180000,train,20,58,0.9786352930822965,0.22651053965091705
180000,train,21,75,0.9788057424114799,0.22208036482334137
180000,train,22,61,0.9778055080790373,0.22393576800823212
180000,train,23,57,0.9837650638391556,0.21109126508235931
180000,train,24,54,0.9774464339341564,0.22771789133548737
180000,train,25,69,0.9840463133772448,0.21528463065624237
180000,train,26,61,0.9851134774377923,0.21534790098667145
180000,train,28,58,0.9791977836566567,0.22037744522094727
180000,train,29,55,0.9810764120492211,0.22017769515514374
180000,train,30,69,0.9811141202105598,0.22244693338871002
180000,train,31,72,0.9871034798079483,0.21309541165828705
180000,train,32,56,0.9836100680324562,0.21507130563259125
180000,train,33,65,0.9867324784347262,0.21211755275726318
180000,train,34,64,0.9784081144895826,0.22702617943286896
180000,train,35,67,0.9837356415415924,0.21556277573108673
180000,train,36,66,0.9845587067143127,0.2163257896900177
180000,train,37,70,0.9850338780322138,0.21126596629619598
180000,train,39,58,0.9807520563251583,0.22510646283626556
180000,train,40,58,0.9787455987219447,0.23126812279224396
180000,train,41,65,0.9814363015949854,0.21971365809440613
180000,train,42,61,0.9767612285344689,0.22666901350021362
180000,train,43,74,0.9848789359153147,0.21448643505573273
180000,train,44,68,0.9829453815411613,0.2144295871257782
180000,train,45,60,0.982714531746853,0.2175031453371048
180000,train,46,61,0.9768295786970228,0.2248164415359497
180000,train,47,71,0.9816103173022065,0.22356946766376495
180000,train,48,58,0.9792224618357624,0.22240151464939117
180000,train,49,54,0.9778467584012743,0.2255908101797104
180000,train,50,76,0.9706173924649619,0.23296646773815155
180000,train,mean,3000,0.9792490917018958,0.22362825274467468
180000,held_interior,15,974,0.9742774063431119,0.23148594796657562
180000,held_interior,27,1061,0.9821680471854946,0.21811607480049133
180000,held_interior,38,965,0.9802175601350925,0.22279544174671173
180000,held_interior,mean,3000,0.978887671221233,0.22396203875541687
180000,held_high,52,986,0.9352243339146343,0.29229530692100525
180000,held_high,55,1002,0.8312885722277501,0.4465489089488983
180000,held_high,58,1012,0.6506865812092166,0.6987972855567932
180000,held_high,mean,3000,0.8057331624505336,0.4809426963329315
190000,train,1,63,0.9649264097543571,0.25068745017051697
190000,train,2,61,0.9642240524263244,0.23894397914409637
190000,train,3,62,0.9749806548789167,0.23772595822811127
190000,train,4,60,0.9791287955664821,0.22924040257930756
190000,train,5,63,0.97696901062377,0.22944802045822144
190000,train,6,65,0.9827520693330537,0.21196414530277252
190000,train,7,55,0.9855357643590972,0.20851834118366241
190000,train,8,62,0.9795886477260421,0.22713640332221985
190000,train,9,63,0.9857340526202172,0.21567575633525848
190000,train,10,56,0.978864300390606,0.22125542163848877
190000,train,11,70,0.981251626219896,0.22538195550441742
190000,train,12,66,0.9822601812232438,0.22271420061588287
190000,train,13,68,0.9793584496965604,0.21950234472751617
190000,train,14,69,0.9774260055549896,0.22906866669654846
190000,train,16,74,0.970123650547695,0.23734572529792786
190000,train,17,73,0.9810535691446703,0.22300969064235687
190000,train,18,60,0.9789935270560844,0.22100944817066193
190000,train,19,69,0.9835785816436325,0.21495157480239868
190000,train,20,58,0.9822204451499703,0.22235003113746643
190000,train,21,75,0.978967349995547,0.22157664597034454
190000,train,22,61,0.9771206166892795,0.22440627217292786
190000,train,23,57,0.9836393282370651,0.21131916344165802
190000,train,24,54,0.9753033782405061,0.2302510291337967
190000,train,25,69,0.9820464256169865,0.21963481605052948
190000,train,26,61,0.9821248191789358,0.21991105377674103
190000,train,28,58,0.9773720787464152,0.22190020978450775
190000,train,29,55,0.9816503087922568,0.22030577063560486
190000,train,30,69,0.9792732930313096,0.22456447780132294
190000,train,31,72,0.9862787292750647,0.2139400839805603
190000,train,32,56,0.983964612621576,0.2149420827627182
190000,train,33,65,0.9853291708727734,0.21376900374889374
190000,train,34,64,0.9798944129241173,0.22461895644664764
190000,train,35,67,0.9838908815998397,0.21568089723587036
190000,train,36,66,0.9875048643992864,0.2111702710390091
190000,train,37,70,0.9850238915174016,0.21017833054065704
190000,train,39,58,0.9806087993153184,0.22461512684822083
190000,train,40,58,0.9815031214104967,0.22665007412433624
190000,train,41,65,0.9827965845240169,0.21903502941131592
190000,train,42,61,0.9793580634673267,0.2234576791524887
190000,train,43,74,0.9859974146261996,0.21243157982826233
190000,train,44,68,0.9866104559057395,0.20848242938518524
190000,train,45,60,0.9870110031804331,0.21110019087791443
190000,train,46,61,0.9837095210188016,0.2130354344844818
190000,train,47,71,0.9852400480030434,0.21678845584392548
190000,train,48,58,0.9835764646075894,0.21637468039989471
190000,train,49,54,0.9764736302710917,0.22835849225521088
190000,train,50,76,0.9742636226480603,0.22961165010929108
190000,train,mean,3000,0.980542610311321,0.22154507040977478
190000,held_interior,15,974,0.9753918830055127,0.2295147180557251
190000,held_interior,27,1061,0.9800569208678886,0.2214466780424118
190000,held_interior,38,965,0.9799880413415674,0.22276628017425537
190000,held_interior,mean,3000,0.9784789484049895,0.22449055314064026
190000,held_high,52,986,0.9341503240239609,0.2937667965888977
190000,held_high,55,1002,0.8335291736596949,0.4401654899120331
190000,held_high,58,1012,0.6630338627005733,0.6773731112480164
190000,held_high,mean,3000,0.810237786794743,0.47206708788871765
200000,train,1,63,0.9665400817397373,0.24641890823841095
200000,train,2,61,0.9607135501020204,0.24308736622333527
200000,train,3,62,0.9778158521566643,0.23236475884914398
200000,train,4,60,0.9786990725968084,0.22880426049232483
200000,train,5,63,0.979560698240386,0.22688917815685272
200000,train,6,65,0.9848948503598869,0.20932602882385254
200000,train,7,55,0.98630911893504,0.20653332769870758
200000,train,8,62,0.9830547523744074,0.2208360880613327
200000,train,9,63,0.9878713202507401,0.21197335422039032
200000,train,10,56,0.9798964711287597,0.21922074258327484
200000,train,11,70,0.9813683589910326,0.22479574382305145
200000,train,12,66,0.9814633955364027,0.2226121872663498
200000,train,13,68,0.9792127271358956,0.21928590536117554
200000,train,14,69,0.9796714429824941,0.22730301320552826
200000,train,16,74,0.9713029825652293,0.23550951480865479
200000,train,17,73,0.9811979034835644,0.22165843844413757
200000,train,18,60,0.979955577654551,0.22008074820041656
200000,train,19,69,0.9848110862201505,0.2120613008737564
200000,train,20,58,0.9823187081146831,0.22118490934371948
200000,train,21,75,0.9819701029928422,0.21796168386936188
200000,train,22,61,0.9827548757720287,0.21605941653251648
200000,train,23,57,0.9849041298324036,0.21033425629138947
200000,train,24,54,0.9796203571954717,0.22256678342819214
200000,train,25,69,0.9858343981033778,0.21257233619689941
200000,train,26,61,0.9878038660032408,0.21202629804611206
200000,train,28,58,0.9859380622429541,0.20904067158699036
200000,train,29,55,0.9885701695096752,0.20709319412708282
200000,train,30,69,0.9853226232580182,0.21600820124149323
200000,train,31,72,0.9895135758162202,0.20974399149417877
200000,train,32,56,0.9907751257213703,0.2046949714422226
200000,train,33,65,0.9909638073029664,0.20502305030822754
200000,train,34,64,0.9867598444495642,0.2129131406545639
200000,train,35,67,0.9873762519551659,0.20888184010982513
200000,train,36,66,0.9905472215630876,0.20598353445529938
200000,train,37,70,0.9875591622641764,0.20669081807136536
200000,train,39,58,0.9822208725746339,0.2226933389902115
200000,train,40,58,0.9824278558552763,0.22460827231407166
200000,train,41,65,0.984413449106362,0.2161383330821991
200000,train,42,61,0.9800218345649674,0.22285832464694977
200000,train,43,74,0.986080655688136,0.21245451271533966
200000,train,44,68,0.98368183667745,0.21211154758930206
200000,train,45,60,0.98726260848523,0.21081732213497162
200000,train,46,61,0.9853293142910705,0.21086092293262482
200000,train,47,71,0.9872538061124975,0.2147122174501419
200000,train,48,58,0.9862362420855962,0.2111963927745819
200000,train,49,54,0.982199814167131,0.2190505713224411
200000,train,50,76,0.9796909307678476,0.21853800117969513
200000,train,mean,3000,0.9829721435090896,0.21755775809288025
200000,held_interior,15,974,0.9765131197530501,0.22808623313903809
200000,held_interior,27,1061,0.985862179231171,0.21241991221904755
200000,held_interior,38,965,0.9831476449812729,0.21741367876529694
200000,held_interior,mean,3000,0.9818409813218314,0.2191125899553299
200000,held_high,52,986,0.9425666339960511,0.28140825033187866
200000,held_high,55,1002,0.8405575749178786,0.431721568107605
200000,held_high,58,1012,0.6661341757632809,0.6762073040008545
200000,held_high,mean,3000,0.8164194615590702,0.46479177474975586
210000,train,1,63,0.9646815361465981,0.2507932186126709
210000,train,2,61,0.9665559847780688,0.2360607534646988
210000,train,3,62,0.9718471123315666,0.240534245967865
210000,train,4,60,0.9773287760033135,0.23259152472019196
210000,train,5,63,0.9746391168149009,0.23455610871315002
210000,train,6,65,0.9788371672071622,0.21800361573696136
210000,train,7,55,0.9822061192135286,0.21246281266212463
210000,train,8,62,0.978108975947906,0.22850172221660614
210000,train,9,63,0.9844388234050424,0.2169371396303177
210000,train,10,56,0.97829907397867,0.22180096805095673
210000,train,11,70,0.9822674815372894,0.2243347316980362
210000,train,12,66,0.9828883689138226,0.22120191156864166
210000,train,13,68,0.9801300688912035,0.21834035217761993
210000,train,14,69,0.980514727382211,0.2246202677488327
210000,train,16,74,0.9719652376315351,0.23435282707214355
210000,train,17,73,0.9794132531534484,0.22423161566257477
210000,train,18,60,0.9787596966542357,0.2220623940229416
210000,train,19,69,0.9829254892929492,0.21516153216362
210000,train,20,58,0.9812814409979258,0.22267718613147736
210000,train,21,75,0.978177966934794,0.22277644276618958
210000,train,22,61,0.9797248171442232,0.22032728791236877
210000,train,23,57,0.984514034590265,0.2107137143611908
210000,train,24,54,0.978854533218395,0.22511683404445648
210000,train,25,69,0.9844555880084362,0.215321347117424
210000,train,26,61,0.9852159218177668,0.21568726003170013
210000,train,28,58,0.98055147180754,0.21749092638492584
210000,train,29,55,0.9830629037714314,0.21860294044017792
210000,train,30,69,0.9808434048183432,0.2216775119304657
210000,train,31,72,0.9867555707239826,0.21486671268939972
210000,train,32,56,0.9825585652873302,0.21633616089820862
210000,train,33,65,0.9866175176373544,0.21256691217422485
210000,train,34,64,0.9822634458029285,0.21980991959571838
210000,train,35,67,0.9834455486145246,0.21559982001781464
210000,train,36,66,0.9895031990541147,0.20867864787578583
210000,train,37,70,0.9854412178821432,0.20921513438224792
210000,train,39,58,0.9791662270780086,0.2278173714876175
210000,train,40,58,0.9765737797884191,0.2332250326871872
210000,train,41,65,0.9830765262668116,0.21722395718097687
210000,train,42,61,0.9804185851451841,0.22231033444404602
210000,train,43,74,0.9858067738873608,0.21210579574108124
210000,train,44,68,0.9847458210709548,0.2121470719575882
210000,train,45,60,0.9860538912491713,0.21102897822856903
210000,train,46,61,0.9832489707462738,0.21537840366363525
210000,train,47,71,0.985487146364251,0.21592144668102264
210000,train,48,58,0.9814660137839328,0.22148455679416656
210000,train,49,54,0.9770800052196864,0.230691060423851
210000,train,50,76,0.9714574606745936,0.23195555806159973
210000,train,mean,3000,0.9805033055036081,0.2215338498353958
210000,held_interior,15,974,0.9765858159604714,0.2277998924255371
210000,held_interior,27,1061,0.9831381418939975,0.2167000025510788
210000,held_interior,38,965,0.9800293035566977,0.22257687151432037
210000,held_interior,mean,3000,0.9799177538037221,0.22219417989253998
210000,held_high,52,986,0.934072918092658,0.2943871021270752
210000,held_high,55,1002,0.8442681636597023,0.42657506465911865
210000,held_high,58,1012,0.6985113637553849,0.6336202621459961
210000,held_high,mean,3000,0.825617481835915,0.45297250151634216
220000,train,1,63,0.9688250732070169,0.24346709251403809
220000,train,2,61,0.9662383979864514,0.2370186597108841
220000,train,3,62,0.9817110447446853,0.22459504008293152
220000,train,4,60,0.981421684290176,0.2248721569776535
220000,train,5,63,0.9786741339492805,0.22915564477443695
220000,train,6,65,0.9843677184495189,0.21037472784519196
220000,train,7,55,0.986529021033102,0.20746931433677673
220000,train,8,62,0.9815659763204895,0.2227383702993393
220000,train,9,63,0.9859638208882529,0.21540072560310364
220000,train,10,56,0.9799648822964644,0.22050978243350983
220000,train,11,70,0.9811608489125314,0.22449591755867004
220000,train,12,66,0.9822635741329057,0.22277696430683136
220000,train,13,68,0.9784906894331215,0.21997210383415222
220000,train,14,69,0.9759780755568725,0.23214082419872284
220000,train,16,74,0.9700608918457799,0.23696930706501007
220000,train,17,73,0.9794240940351638,0.225409135222435
220000,train,18,60,0.9771365862492595,0.22551889717578888
220000,train,19,69,0.9825856803617465,0.21637094020843506
220000,train,20,58,0.9816974154261355,0.2225761115550995
220000,train,21,75,0.9792535903844543,0.222339928150177
220000,train,22,61,0.9803519638137721,0.22057722508907318
220000,train,23,57,0.9820238778450977,0.21427564322948456
220000,train,24,54,0.9778150316680063,0.227338045835495
220000,train,25,69,0.9832881900371594,0.21828211843967438
220000,train,26,61,0.9837740743293698,0.21800468862056732
220000,train,28,58,0.9808516890081483,0.2171218991279602
220000,train,29,55,0.9831220813619137,0.21733200550079346
220000,train,30,69,0.9837168878679793,0.21716450154781342
220000,train,31,72,0.9880454987013211,0.21208862960338593
220000,train,32,56,0.9860919777859004,0.21133540570735931
220000,train,33,65,0.9865312484110869,0.21204562485218048
220000,train,34,64,0.9827760154022464,0.21832723915576935
220000,train,35,67,0.9831540747770855,0.21610763669013977
220000,train,36,66,0.9874970171726593,0.21242175996303558
220000,train,37,70,0.9858101098366931,0.2096155434846878
220000,train,39,58,0.980912113879205,0.22541160881519318
220000,train,40,58,0.9779840570089214,0.23353375494480133
220000,train,41,65,0.9808877390838663,0.22015023231506348
220000,train,42,61,0.9769725235000304,0.22884753346443176
220000,train,43,74,0.9852597614219224,0.21498815715312958
220000,train,44,68,0.982024537034162,0.21575218439102173
220000,train,45,60,0.9853625947496599,0.21349835395812988
220000,train,46,61,0.9800793974234897,0.22071069478988647
220000,train,47,71,0.9833631170231549,0.22163452208042145
220000,train,48,58,0.9825042688656912,0.2191908210515976
220000,train,49,54,0.9790093968143433,0.2253885269165039
220000,train,50,76,0.9730611717304806,0.22939516603946686
220000,train,mean,3000,0.9809698641714206,0.22118639945983887
220000,held_interior,15,974,0.9750238147347814,0.23053468763828278
220000,held_interior,27,1061,0.9819272716554378,0.21911238133907318
220000,held_interior,38,965,0.9808700676547875,0.22148388624191284
220000,held_interior,mean,3000,0.9792737180150022,0.2235836535692215
220000,held_high,52,986,0.9343110809622146,0.2949410676956177
220000,held_high,55,1002,0.823623328675968,0.4582042396068573
220000,held_high,58,1012,0.6320969711349372,0.726966381072998
220000,held_high,mean,3000,0.7966771269243732,0.4952075183391571
230000,train,1,63,0.9689927309003462,0.24400585889816284
230000,train,2,61,0.966876279062337,0.2362520396709442
230000,train,3,62,0.9796804420111446,0.2293345332145691
230000,train,4,60,0.9805291889078298,0.22637571394443512
230000,train,5,63,0.9796064603508818,0.22589011490345
230000,train,6,65,0.9848307684155281,0.20940391719341278
230000,train,7,55,0.9887277277606926,0.20295292139053345
230000,train,8,62,0.9842067629407834,0.21776868402957916
230000,train,9,63,0.9887090662286588,0.2104426920413971
230000,train,10,56,0.9844569925885404,0.21322225034236908
230000,train,11,70,0.9877501196840348,0.21488429605960846
230000,train,12,66,0.9875655917522297,0.21336813271045685
230000,train,13,68,0.9855522853216141,0.20933112502098083
230000,train,14,69,0.985569867264135,0.2170337587594986
230000,train,16,74,0.9782730303021903,0.22488568723201752
230000,train,17,73,0.9845133693751651,0.2167349010705948
230000,train,18,60,0.9832118451372136,0.21400602161884308
230000,train,19,69,0.985857002505302,0.21027939021587372
230000,train,20,58,0.9843194421183175,0.21794520318508148
230000,train,21,75,0.9824473587313266,0.21683840453624725
230000,train,22,61,0.9829120933325471,0.21558070182800293
230000,train,23,57,0.9856279681756585,0.20774325728416443
230000,train,24,54,0.9797855868293701,0.22303935885429382
230000,train,25,69,0.9852621891834614,0.21400277316570282
230000,train,26,61,0.983550777347709,0.21812480688095093
230000,train,28,58,0.9805581580329451,0.21723933517932892
230000,train,29,55,0.9848178868251724,0.2138472944498062
230000,train,30,69,0.984553459275246,0.2159258872270584
230000,train,31,72,0.9881156113127765,0.21206611394882202
230000,train,32,56,0.9869176714437079,0.20947198569774628
230000,train,33,65,0.986244330270621,0.2120910882949829
230000,train,34,64,0.9814690361207843,0.22066059708595276
230000,train,35,67,0.9825282608474533,0.21774190664291382
230000,train,36,66,0.9883435610935623,0.21224345266819
230000,train,37,70,0.9858300269242235,0.20822836458683014
230000,train,39,58,0.9809276620280568,0.2245100736618042
230000,train,40,58,0.9807778499679141,0.22716015577316284
230000,train,41,65,0.9813356275564853,0.2196834683418274
230000,train,42,61,0.9798093495052677,0.2227887213230133
230000,train,43,74,0.9831384634085569,0.21892106533050537
230000,train,44,68,0.9842174792285417,0.2122940570116043
230000,train,45,60,0.9851831477894976,0.21394729614257812
230000,train,46,61,0.983077953722442,0.21397744119167328
230000,train,47,71,0.9850987388077993,0.2177545428276062
230000,train,48,58,0.9856937935319113,0.2131796032190323
230000,train,49,54,0.9817446290079332,0.2187594175338745
230000,train,50,76,0.9763581822810561,0.22470253705978394
230000,train,mean,3000,0.9830969324512546,0.2173653393983841
230000,held_interior,15,974,0.9826507810895936,0.21820935606956482
230000,held_interior,27,1061,0.9831622424557281,0.21677875518798828
230000,held_interior,38,965,0.9816273985619061,0.2198864221572876
230000,held_interior,mean,3000,0.9824801407024092,0.21824288368225098
230000,held_high,52,986,0.9392734497470356,0.28563252091407776
230000,held_high,55,1002,0.8371693122115575,0.4379885792732239
230000,held_high,58,1012,0.6562791663894443,0.6913937926292419
230000,held_high,mean,3000,0.8109073094493459,0.4733962416648865
240000,train,1,63,0.9647758410971571,0.2509514093399048
240000,train,2,61,0.9640940674390275,0.23973329365253448
240000,train,3,62,0.9757042815981745,0.23675967752933502
240000,train,4,60,0.97950505641037,0.2286090850830078
240000,train,5,63,0.9807854791337679,0.224306121468544
240000,train,6,65,0.9839471535921755,0.21123363077640533
240000,train,7,55,0.9872090288476015,0.205674946308136
240000,train,8,62,0.9801101802041391,0.22627045214176178
240000,train,9,63,0.986561464145715,0.2140595018863678
240000,train,10,56,0.9820787726597371,0.2171424925327301
240000,train,11,70,0.985070589449954,0.2200658917427063
240000,train,12,66,0.9851678196040197,0.21770304441452026
240000,train,13,68,0.9846957132820908,0.21010717749595642
240000,train,14,69,0.9811074763290278,0.22349819540977478
240000,train,16,74,0.9744203262252094,0.2306080311536789
240000,train,17,73,0.9826073397826555,0.2199886292219162
240000,train,18,60,0.9816193442575494,0.21840529143810272
240000,train,19,69,0.9855526746696301,0.2115253508090973
240000,train,20,58,0.9847385191270499,0.21597275137901306
240000,train,21,75,0.9825847337924529,0.21669133007526398
240000,train,22,61,0.9810397208290126,0.21801908314228058
240000,train,23,57,0.9855445407774429,0.20935581624507904
240000,train,24,54,0.9773402686767952,0.22729770839214325
240000,train,25,69,0.9838793418362206,0.21470163762569427
240000,train,26,61,0.9847848889482286,0.217097207903862
240000,train,28,58,0.9812495511212981,0.21721205115318298
240000,train,29,55,0.9857899876277582,0.2127777487039566
240000,train,30,69,0.9824786951678169,0.2198694348335266
240000,train,31,72,0.9858818449328516,0.2165154069662094
240000,train,32,56,0.9862788714501729,0.2126622051000595
240000,train,33,65,0.9849752815095144,0.21634066104888916
240000,train,34,64,0.9796292144725752,0.22309988737106323
240000,train,35,67,0.9850083167130907,0.21301941573619843
240000,train,36,66,0.9854329623364564,0.21620066463947296
240000,train,37,70,0.9836540852500092,0.2136201560497284
240000,train,39,58,0.9789300578178615,0.22797320783138275
240000,train,40,58,0.977408964923776,0.23355720937252045
240000,train,41,65,0.9788172154225737,0.22474919259548187
240000,train,42,61,0.9758377253814697,0.22941823303699493
240000,train,43,74,0.9840601301528589,0.2168017476797104
240000,train,44,68,0.9821520775043215,0.21533991396427155
240000,train,45,60,0.9854124597646883,0.21505802869796753
240000,train,46,61,0.9827697860788971,0.21400317549705505
240000,train,47,71,0.9855728965479928,0.21874289214611053
240000,train,48,58,0.9809021889201973,0.2213732749223709
240000,train,49,54,0.9743667325715228,0.23177631199359894
240000,train,50,76,0.9717396238252763,0.23294074833393097
240000,train,mean,3000,0.9813462402597488,0.2205788791179657
240000,held_interior,15,974,0.977964356768511,0.22597071528434753
240000,held_interior,27,1061,0.982236132286584,0.21864216029644012
240000,held_interior,38,965,0.9786158754718804,0.22450481355190277
240000,held_interior,mean,3000,0.9796054548423251,0.22290733456611633
240000,held_high,52,986,0.9311793913348004,0.29866769909858704
240000,held_high,55,1002,0.8210040322528763,0.4623045027256012
240000,held_high,58,1012,0.6368058505620465,0.7214880585670471
240000,held_high,mean,3000,0.7963297580499078,0.49595382809638977
250000,train,1,63,0.9598246612872786,0.2570333182811737
250000,train,2,61,0.9613731008985326,0.2435767650604248
250000,train,3,62,0.9728418366781098,0.23992374539375305
250000,train,4,60,0.9790867689105669,0.22806096076965332
250000,train,5,63,0.9780435657932215,0.22882510721683502
250000,train,6,65,0.9805356260774221,0.21621987223625183
250000,train,7,55,0.9837953794742355,0.2108009308576584
250000,train,8,62,0.9794004265661571,0.22649681568145752
250000,train,9,63,0.9845611928087187,0.21761807799339294
250000,train,10,56,0.981219452976493,0.2174324244260788
250000,train,11,70,0.9835801994728135,0.22180227935314178
250000,train,12,66,0.9831660782391476,0.2210240215063095
250000,train,13,68,0.9823144447168084,0.21487969160079956
250000,train,14,69,0.9814380331543935,0.22273117303848267
250000,train,16,74,0.9752412982785197,0.2309373915195465
250000,train,17,73,0.9824238176902415,0.2193467617034912
250000,train,18,60,0.9804666839134899,0.2178461104631424
250000,train,19,69,0.983801077983939,0.2147189974784851
250000,train,20,58,0.9821450742979958,0.220829039812088
250000,train,21,75,0.9818488993946682,0.21735170483589172
250000,train,22,61,0.9806768112881457,0.21864892542362213
250000,train,23,57,0.9863414467690004,0.20737501978874207
250000,train,24,54,0.9784434521642924,0.2251463532447815
250000,train,25,69,0.9835316362812043,0.21426619589328766
250000,train,26,61,0.9824374056699734,0.22090518474578857
250000,train,28,58,0.9804402497827183,0.21708659827709198
250000,train,29,55,0.9823887976400646,0.21905195713043213
250000,train,30,69,0.9798016752335762,0.22278669476509094
250000,train,31,72,0.9859568542486908,0.2148645967245102
250000,train,32,56,0.9836359935066983,0.21791665256023407
250000,train,33,65,0.9855826563135316,0.2131028175354004
250000,train,34,64,0.9791180271908164,0.22440709173679352
250000,train,35,67,0.9831276540564468,0.21569502353668213
250000,train,36,66,0.9827129974304574,0.220073863863945
250000,train,37,70,0.9814230719543044,0.21704360842704773
250000,train,39,58,0.9787423319511275,0.22792237997055054
250000,train,40,58,0.9764908953566003,0.2344571053981781
250000,train,41,65,0.9782707092578397,0.22543834149837494
250000,train,42,61,0.9755463391255658,0.22811231017112732
250000,train,43,74,0.9828616843864281,0.21874600648880005
250000,train,44,68,0.980878513158847,0.21789446473121643
250000,train,45,60,0.9820403466033747,0.22089941799640656
250000,train,46,61,0.9758589399304056,0.22657497227191925
250000,train,47,71,0.9803618113811975,0.22683441638946533
250000,train,48,58,0.9795395905318742,0.22237570583820343
250000,train,49,54,0.9696709557192478,0.2404518723487854
250000,train,50,76,0.9603678143460442,0.24859218299388885
250000,train,mean,3000,0.9794331123381113,0.22326141595840454
250000,held_interior,15,974,0.9787876169401958,0.22434638440608978
250000,held_interior,27,1061,0.9819340834325544,0.2188100516796112
250000,held_interior,38,965,0.9783271754928721,0.22490844130516052
250000,held_interior,mean,3000,0.9796829586218742,0.22256916761398315
250000,held_high,52,986,0.921499172005794,0.31268396973609924
250000,held_high,55,1002,0.8161417034373388,0.46732527017593384
250000,held_high,58,1012,0.6427329577583788,0.708820104598999
250000,held_high,mean,3000,0.793457944400504,0.49796411395072937
260000,train,1,63,0.9686632383508803,0.2440587282180786
260000,train,2,61,0.9673266600828537,0.23568113148212433
260000,train,3,62,0.9775838728015739,0.23231379687786102
260000,train,4,60,0.9761393924158497,0.23384979367256165
260000,train,5,63,0.9770778772049301,0.23075182735919952
260000,train,6,65,0.9827318854022347,0.2118772715330124
260000,train,7,55,0.9851810998400335,0.20881788432598114
260000,train,8,62,0.9802737562656932,0.2243979424238205
260000,train,9,63,0.986676654611785,0.21304285526275635
260000,train,10,56,0.9798412252236467,0.21951474249362946
260000,train,11,70,0.9832489451272358,0.22163517773151398
260000,train,12,66,0.9835046570744204,0.22009123861789703
260000,train,13,68,0.9839987015560703,0.21213912963867188
260000,train,14,69,0.9830709443066812,0.22031068801879883
260000,train,16,74,0.9734474234487017,0.23269331455230713
260000,train,17,73,0.9818436313284724,0.2204403579235077
260000,train,18,60,0.9809664229348035,0.21755437552928925
260000,train,19,69,0.9844518196582451,0.21326282620429993
260000,train,20,58,0.9821005412053587,0.22091399133205414
260000,train,21,75,0.9801879844680264,0.2203098088502884
260000,train,22,61,0.9773399525616222,0.22398002445697784
260000,train,23,57,0.982887174606553,0.21325325965881348
260000,train,24,54,0.9739950355643947,0.23231171071529388
260000,train,25,69,0.9812473584080573,0.2199523150920868
260000,train,26,61,0.9795791793659564,0.22617214918136597
260000,train,28,58,0.9770095793472101,0.2229003608226776
260000,train,29,55,0.9822922034386832,0.21968360245227814
260000,train,30,69,0.9798345566732649,0.22336451709270477
260000,train,31,72,0.9843301474443146,0.21799355745315552
260000,train,32,56,0.984699373071173,0.21603897213935852
260000,train,33,65,0.9855553984446079,0.21370050311088562
260000,train,34,64,0.9818481413905916,0.22112981975078583
260000,train,35,67,0.985369067650953,0.2117520421743393
260000,train,36,66,0.987501627965264,0.21353699266910553
260000,train,37,70,0.9837262136206952,0.2115129977464676
260000,train,39,58,0.9821540849458936,0.2222972810268402
260000,train,40,58,0.9824802100728026,0.22350813448429108
260000,train,41,65,0.9860269210879093,0.21361956000328064
260000,train,42,61,0.9844285849487923,0.21646076440811157
260000,train,43,74,0.9878789692553005,0.2113489806652069
260000,train,44,68,0.9874651437488027,0.20754550397396088
260000,train,45,60,0.9892825907344042,0.20827119052410126
260000,train,46,61,0.9859413528284438,0.2099303901195526
260000,train,47,71,0.9883994279672222,0.2129945456981659
260000,train,48,58,0.9877859083372191,0.21013718843460083
260000,train,49,54,0.9798153536973593,0.22171686589717865
260000,train,50,76,0.9772630913145808,0.22576703131198883
260000,train,mean,3000,0.9817968804638205,0.21960562467575073
260000,held_interior,15,974,0.977939934188016,0.2255266010761261
260000,held_interior,27,1061,0.9801571138870182,0.222048819065094
260000,held_interior,38,965,0.9807973086599548,0.22130103409290314
260000,held_interior,mean,3000,0.9796314522449964,0.22293740510940552
260000,held_high,52,986,0.9414806817789159,0.28230369091033936
260000,held_high,55,1002,0.8341934341144738,0.4390873312950134
260000,held_high,58,1012,0.665953404478824,0.6708876490592957
260000,held_high,mean,3000,0.8138758401240711,0.46575167775154114
270000,train,1,63,0.9613565270555867,0.257252961397171
270000,train,2,61,0.9647167083489198,0.23854315280914307
270000,train,3,62,0.9799595966576672,0.22912979125976562
270000,train,4,60,0.9818602724034927,0.22486431896686554
270000,train,5,63,0.9813260494291483,0.22347156703472137
270000,train,6,65,0.9843554107861534,0.209359809756279
270000,train,7,55,0.9878412213356357,0.20415763556957245
270000,train,8,62,0.9840554863470707,0.21674276888370514
270000,train,9,63,0.9886781506666289,0.2099970430135727
270000,train,10,56,0.9836895630508117,0.21428132057189941
270000,train,11,70,0.9856135569105542,0.2185039520263672
270000,train,12,66,0.9853310828201227,0.21641233563423157
270000,train,13,68,0.9839230901521836,0.21188944578170776
270000,train,14,69,0.9817931141703053,0.22259435057640076
270000,train,16,74,0.9750741213288293,0.2296600341796875
270000,train,17,73,0.9812250709762032,0.2223435789346695
270000,train,18,60,0.9811616869091142,0.21750713884830475
270000,train,19,69,0.9840972833643389,0.21307556331157684
270000,train,20,58,0.9813132749032119,0.2229461818933487
270000,train,21,75,0.9794737155379255,0.22122520208358765
270000,train,22,61,0.9809490700136251,0.2170810103416443
270000,train,23,57,0.9843794480131783,0.2118675708770752
270000,train,24,54,0.976976355947994,0.22734718024730682
270000,train,25,69,0.9835972036323122,0.21731050312519073
270000,train,26,61,0.9809306419726205,0.22183389961719513
270000,train,28,58,0.9789926744618066,0.22111372649669647
270000,train,29,55,0.9836757028869438,0.2164839655160904
270000,train,30,69,0.980700760274816,0.22209174931049347
270000,train,31,72,0.9850317940063511,0.21769560873508453
270000,train,32,56,0.9849079963488863,0.21427103877067566
270000,train,33,65,0.9836432643469972,0.2170751988887787
270000,train,34,64,0.9786702813645222,0.22394827008247375
270000,train,35,67,0.9834876542009414,0.2161015123128891
270000,train,36,66,0.9876056509119047,0.2126348912715912
270000,train,37,70,0.983201112939791,0.2137892246246338
270000,train,39,58,0.9797547207399019,0.22637417912483215
270000,train,40,58,0.9752703924161186,0.23678328096866608
270000,train,41,65,0.9765411898433279,0.2284994274377823
270000,train,42,61,0.9720092094878208,0.2368381917476654
270000,train,43,74,0.9789923239490487,0.22571638226509094
270000,train,44,68,0.9791812954940916,0.22009621560573578
270000,train,45,60,0.9819981893280981,0.22057515382766724
270000,train,46,61,0.9776117149949095,0.22265124320983887
270000,train,47,71,0.9807885216450618,0.22579240798950195
270000,train,48,58,0.9794801804112028,0.22238117456436157
270000,train,49,54,0.974803521953142,0.23179422318935394
270000,train,50,76,0.9698380645396789,0.23557926714420319
270000,train,mean,3000,0.9804226365804041,0.22188539803028107
270000,held_interior,15,974,0.979211961218607,0.22388426959514618
270000,held_interior,27,1061,0.9801394581222099,0.22154603898525238
270000,held_interior,38,965,0.9779811938669232,0.22567537426948547
270000,held_interior,mean,3000,0.9791108710692468,0.22363346815109253
270000,held_high,52,986,0.9245885885512886,0.30722299218177795
270000,held_high,55,1002,0.8221796990081939,0.45695504546165466
270000,held_high,58,1012,0.6435716959261283,0.7034644484519958
270000,held_high,mean,3000,0.7967799944952035,0.4908989667892456
280000,train,1,63,0.9679615403778667,0.2454199343919754
280000,train,2,61,0.9704755885748683,0.23068135976791382
280000,train,3,62,0.9794903507284476,0.22946222126483917
280000,train,4,60,0.9816338404468871,0.2247885763645172
280000,train,5,63,0.981878305359018,0.22317646443843842
280000,train,6,65,0.9860919082331516,0.20727914571762085
280000,train,7,55,0.9884172839204531,0.2030823826789856
280000,train,8,62,0.9858440705452979,0.21470429003238678
280000,train,9,63,0.9884814959732708,0.21045662462711334
280000,train,10,56,0.9813979418959303,0.21702943742275238
280000,train,11,70,0.9843731405205068,0.21953336894512177
280000,train,12,66,0.9837483662041905,0.21891936659812927
280000,train,13,68,0.9820089619408517,0.21452586352825165
280000,train,14,69,0.9829892936756964,0.22072651982307434
280000,train,16,74,0.9748348296958737,0.23011228442192078
280000,train,17,73,0.9810403939837602,0.2209053337574005
280000,train,18,60,0.9830340865367476,0.21448281407356262
280000,train,19,69,0.9864076141250756,0.2092258334159851
280000,train,20,58,0.9859872451326652,0.21559394896030426
280000,train,21,75,0.984048443897355,0.21473932266235352
280000,train,22,61,0.9842302138960147,0.21293769776821136
280000,train,23,57,0.9872062405101734,0.2059609442949295
280000,train,24,54,0.9786852375063888,0.22526489198207855
280000,train,25,69,0.9852486527804667,0.21365734934806824
280000,train,26,61,0.9858695473500667,0.2130809873342514
280000,train,28,58,0.982296574620792,0.21556153893470764
280000,train,29,55,0.9838261847657676,0.21579857170581818
280000,train,30,69,0.9811120382458226,0.2224743813276291
280000,train,31,72,0.9869489782275115,0.21436847746372223
280000,train,32,56,0.984074639528252,0.21496589481830597
280000,train,33,65,0.9845096211974982,0.21647845208644867
280000,train,34,64,0.9828421616529361,0.21849216520786285
280000,train,35,67,0.9835540397561541,0.21465590596199036
280000,train,36,66,0.9890342803556268,0.2095714658498764
280000,train,37,70,0.9851201856764875,0.20977316796779633
280000,train,39,58,0.9820250308627702,0.2216358482837677
280000,train,40,58,0.9804955197789884,0.22768718004226685
280000,train,41,65,0.9822731825003773,0.21951818466186523
280000,train,42,61,0.9778202545148941,0.22687596082687378
280000,train,43,74,0.984264765176314,0.21556319296360016
280000,train,44,68,0.9817925973364597,0.21619999408721924
280000,train,45,60,0.9862367825535296,0.21311552822589874
280000,train,46,61,0.984172095690721,0.21251055598258972
280000,train,47,71,0.9846629363385789,0.22038590908050537
280000,train,48,58,0.9844825016557549,0.21417413651943207
280000,train,49,54,0.9800720686096606,0.2232068032026291
280000,train,50,76,0.9776525278912709,0.2222345471382141
280000,train,mean,3000,0.9827798629946213,0.2179143726825714
280000,held_interior,15,974,0.9792067857430524,0.22354711592197418
280000,held_interior,27,1061,0.98311095077946,0.2164931744337082
280000,held_interior,38,965,0.9808292679325975,0.22107940912246704
280000,held_interior,mean,3000,0.9810490014850366,0.22025857865810394
280000,held_high,52,986,0.9401419398470187,0.2843996286392212
280000,held_high,55,1002,0.8329766256827462,0.4434923827648163
280000,held_high,58,1012,0.6498240142151404,0.6984094381332397
280000,held_high,mean,3000,0.8076475265816351,0.4771959185600281
290000,train,1,63,0.9569246033206813,0.2644183039665222
290000,train,2,61,0.9592011868152686,0.24713583290576935
290000,train,3,62,0.9766054725899586,0.23389862477779388
290000,train,4,60,0.978748436430845,0.2298518866300583
290000,train,5,63,0.9716859692397614,0.2396777719259262
290000,train,6,65,0.9814399651423948,0.2136486917734146
290000,train,7,55,0.9870510979214376,0.20563410222530365
290000,train,8,62,0.9828442231283483,0.21988120675086975
290000,train,9,63,0.9874058175086581,0.2132057547569275
290000,train,10,56,0.9800578664152182,0.21836507320404053
290000,train,11,70,0.9848293228898457,0.21997222304344177
290000,train,12,66,0.9844613180430462,0.21744504570960999
290000,train,13,68,0.982779236912932,0.2122107297182083
290000,train,14,69,0.9808680892266751,0.22400355339050293
290000,train,16,74,0.9753507898414067,0.23061466217041016
290000,train,17,73,0.9828841002152117,0.21890640258789062
290000,train,18,60,0.9807955116752414,0.2170458287000656
290000,train,19,69,0.986027522325609,0.2106281965970993
290000,train,20,58,0.985352885428795,0.21755850315093994
290000,train,21,75,0.982625642265942,0.21646489202976227
290000,train,22,61,0.9802987593896515,0.21980103850364685
290000,train,23,57,0.9851648784960123,0.20952193439006805
290000,train,24,54,0.9783874847989454,0.22591006755828857
290000,train,25,69,0.9847019065384383,0.21395599842071533
290000,train,26,61,0.9860596605512854,0.21333175897598267
290000,train,28,58,0.9830331219930494,0.21389290690422058
290000,train,29,55,0.9852773544684527,0.21439813077449799
290000,train,30,69,0.9836481427704168,0.21776439249515533
290000,train,31,72,0.9862907704514231,0.21499177813529968
290000,train,32,56,0.9867453482295683,0.2112920731306076
290000,train,33,65,0.9877639707870135,0.20959600806236267
290000,train,34,64,0.9835857881219601,0.21725709736347198
290000,train,35,67,0.9857757247536938,0.21149908006191254
290000,train,36,66,0.9865904736475081,0.21340760588645935
290000,train,37,70,0.9851313793132154,0.20975300669670105
290000,train,39,58,0.9800020100692457,0.22439584136009216
290000,train,40,58,0.9792263284004358,0.22895249724388123
290000,train,41,65,0.9805994370820655,0.22169582545757294
290000,train,42,61,0.97694316831384,0.2282264232635498
290000,train,43,74,0.9832824930424007,0.21714870631694794
290000,train,44,68,0.9825515056438386,0.21457171440124512
290000,train,45,60,0.9852456413579989,0.21250683069229126
290000,train,46,61,0.9840815935476694,0.21260620653629303
290000,train,47,71,0.9860449234499004,0.2165111005306244
290000,train,48,58,0.9857982261343988,0.21203111112117767
290000,train,49,54,0.9777627285054312,0.22466331720352173
290000,train,50,76,0.9767170800692274,0.22410348057746887
290000,train,mean,3000,0.9815882756864759,0.21962465345859528
290000,held_interior,15,974,0.9785618082157861,0.22498081624507904
290000,held_interior,27,1061,0.9831438235248449,0.2169942557811737
290000,held_interior,38,965,0.9803945865848964,0.2219683825969696
290000,held_interior,mean,3000,0.9807000727751758,0.22118723392486572
290000,held_high,52,986,0.9411510482071261,0.28234708309173584
290000,held_high,55,1002,0.8347570586223909,0.4397495985031128
290000,held_high,58,1012,0.6521595891750104,0.6912831664085388
290000,held_high,mean,3000,0.8093558986681758,0.47286731004714966
300000,train,1,63,0.9548365968177985,0.2691599726676941
300000,train,2,61,0.9589063595428647,0.24836309254169464
300000,train,3,62,0.9746064535082202,0.23740698397159576
300000,train,4,60,0.9750187362494327,0.23480986058712006
300000,train,5,63,0.9739773874528195,0.235256627202034
300000,train,6,65,0.9802556347141935,0.2166040986776352
300000,train,7,55,0.9823241220174204,0.21260851621627808
300000,train,8,62,0.9758695476922745,0.2331586480140686
300000,train,9,63,0.9845939111352565,0.21722261607646942
300000,train,10,56,0.9813174384232296,0.2182186096906662
300000,train,11,70,0.9854095232476924,0.21815188229084015
300000,train,12,66,0.9846239384406157,0.21739016473293304
300000,train,13,68,0.9857746738030052,0.20931074023246765
300000,train,14,69,0.9832829654277635,0.21931317448616028
300000,train,16,74,0.9763873116494285,0.22792936861515045
300000,train,17,73,0.9807856059040794,0.2223258912563324
300000,train,18,60,0.9823121275515241,0.2161884903907776
300000,train,19,69,0.9849963233650513,0.21213391423225403
300000,train,20,58,0.9839270378490295,0.219033345580101
300000,train,21,75,0.9833163943095535,0.21513183414936066
300000,train,22,61,0.9815871291066616,0.21649549901485443
300000,train,23,57,0.9861624368443693,0.20863312482833862
300000,train,24,54,0.9768370386307437,0.22671014070510864
300000,train,25,69,0.9821975309116963,0.21918436884880066
300000,train,26,61,0.982613134621568,0.22019706666469574
300000,train,28,58,0.9832473179143086,0.21350067853927612
300000,train,29,55,0.9854924235809234,0.2129654586315155
300000,train,30,69,0.9830884962543259,0.21621771156787872
300000,train,31,72,0.9858835582623703,0.2158661037683487
300000,train,32,56,0.9854410856115938,0.2149905413389206
300000,train,33,65,0.9838333032050004,0.21697649359703064
300000,train,34,64,0.9796293689586749,0.22410976886749268
300000,train,35,67,0.9831554611785218,0.2149200737476349
300000,train,36,66,0.983228749068126,0.21941618621349335
300000,train,37,70,0.9815017007711399,0.21750450134277344
300000,train,39,58,0.9808602216630736,0.22609102725982666
300000,train,40,58,0.977516680174386,0.23248480260372162
300000,train,41,65,0.9805756366617315,0.22275404632091522
300000,train,42,61,0.9770887042464599,0.227382093667984
300000,train,43,74,0.9826189232657251,0.2204010933637619
300000,train,44,68,0.9777249353798894,0.22212183475494385
300000,train,45,60,0.9839232641867771,0.21808074414730072
300000,train,46,61,0.9806316383343145,0.21864750981330872
300000,train,47,71,0.9833388641952487,0.22390955686569214
300000,train,48,58,0.9820778524596444,0.21884797513484955
300000,train,49,54,0.9771585969046338,0.2259223908185959
300000,train,50,76,0.9707916373203533,0.23630638420581818
300000,train,mean,3000,0.9802282506130535,0.22232577204704285
300000,held_interior,15,974,0.9794730676527422,0.22374573349952698
300000,held_interior,27,1061,0.9819652913722631,0.21914760768413544
300000,held_interior,38,965,0.9782290257671942,0.22521771490573883
300000,held_interior,mean,3000,0.9798891282640665,0.2225930243730545
300000,held_high,52,986,0.9346104961595256,0.29220718145370483
300000,held_high,55,1002,0.8382976003810246,0.4336865544319153
300000,held_high,58,1012,0.659870792442985,0.6800293326377869
300000,held_high,mean,3000,0.8109262963278452,0.47028666734695435
