step,bucket,lag,n_sequences,correlation,masked_mse
0,train,1,63,-0.9696981844571383,1.9593309164047241
0,train,2,61,0.02033258151896661,1.1794345378875732
0,train,3,62,0.007213664709848846,1.3109376430511475
0,train,4,60,0.06636632648633053,1.3206068277359009
0,train,5,63,-0.016416795997169036,1.35271418094635
0,train,6,65,0.023245955224091668,1.2811503410339355
0,train,7,55,0.014180639468165937,1.2908670902252197
0,train,8,62,-0.004623901710814855,1.3339804410934448
0,train,9,63,-0.00026972164270665087,1.3447909355163574
0,train,10,56,0.009759321352912803,1.2405825853347778
0,train,11,70,-0.0019737475629156126,1.2695434093475342
0,train,12,66,0.015234900176660746,1.2822059392929077
0,train,13,68,0.03338277616431078,1.1866596937179565
0,train,14,69,-0.008692361090708416,1.3063805103302002
0,train,16,74,0.02123787333296596,1.2309828996658325
0,train,17,73,0.027525856843226705,1.2818107604980469
0,train,18,60,-0.008405287588577176,1.244619369506836
0,train,19,69,0.007805146764118452,1.2738250494003296
0,train,20,58,0.010339266511658986,1.2838666439056396
0,train,21,75,0.002872106641979257,1.2230892181396484
0,train,22,61,-0.02282194580417342,1.287794828414917
0,train,23,57,-0.011290646789430632,1.2784945964813232
0,train,24,54,-0.00618095568671133,1.3078194856643677
0,train,25,69,0.01010786656928265,1.2857025861740112
0,train,26,61,0.01173825774714612,1.3110864162445068
0,train,28,58,0.02609702069671362,1.2414029836654663
0,train,29,55,0.011279034803953656,1.268701195716858
0,train,30,69,-0.009113450694869308,1.306084156036377
0,train,31,72,0.027747163299339857,1.3026933670043945
0,train,32,56,5.225723405914646e-05,1.2347718477249146
0,train,33,65,0.02047636918609981,1.2973588705062866
0,train,34,64,0.021536754904383643,1.2650401592254639
0,train,35,67,-0.04327855744808728,1.3234171867370605
0,train,36,66,0.019930860058237954,1.327062964439392
0,train,37,70,-0.007290945261227943,1.3304681777954102
0,train,39,58,0.017001219262804887,1.291020154953003
0,train,40,58,-0.018304162899302825,1.3249622583389282
0,train,41,65,0.014565381249081088,1.267472505569458
0,train,42,61,-0.020067155498510528,1.2525577545166016
0,train,43,74,-0.004294511951861914,1.3511736392974854
0,train,44,68,0.025301004896492514,1.2340261936187744
0,train,45,60,0.02286586397933943,1.3083373308181763
0,train,46,61,-0.030089231110534624,1.2364240884780884
0,train,47,71,-0.017243593845757826,1.3422199487686157
0,train,48,58,0.02132665820594165,1.2556227445602417
0,train,49,54,0.044926247354541295,1.2914742231369019
0,train,50,76,-0.026954045882234573,1.3040735721588135
0,train,mean,3000,-0.014309804857022925,1.2985422611236572
0,held_interior,15,974,-0.0018370953565784178,1.2934203147888184
0,held_interior,27,1061,0.002463412351557358,1.2881097793579102
0,held_interior,38,965,-0.001221307173111388,1.288806676864624
0,held_interior,mean,3000,-0.00019833005937748257,1.2900581359863281
0,held_high,52,986,0.00020643575746500902,1.2747840881347656
0,held_high,55,1002,-0.0028963045379686012,1.2785472869873047
0,held_high,58,1012,-0.0012621019497720458,1.2863678932189941
0,held_high,mean,3000,-0.0013173235767585459,1.2799485921859741
10000,train,1,63,0.9841606784583632,0.21938982605934143
10000,train,2,61,0.8886968681902846,0.33592480421066284
10000,train,3,62,0.8309012942117353,0.46197831630706787
10000,train,4,60,0.8438029819263805,0.43822795152664185
10000,train,5,63,0.853187680710887,0.4213866591453552
10000,train,6,65,0.8503918088570372,0.40675464272499084
10000,train,7,55,0.8498568115060546,0.4110040068626404
10000,train,8,62,0.8805391145756464,0.38922926783561707
10000,train,9,63,0.8601657890169195,0.4139493405818939
10000,train,10,56,0.8487755000267497,0.4081030786037445
10000,train,11,70,0.8511595118097834,0.41624659299850464
10000,train,12,66,0.8742922264934999,0.39249932765960693
10000,train,13,68,0.8143814767931674,0.45313021540641785
10000,train,14,69,0.8254714387778405,0.4619741439819336
10000,train,16,74,0.8521614839390017,0.39702343940734863
10000,train,17,73,0.8395799891125114,0.43298518657684326
10000,train,18,60,0.8303105027439203,0.43302902579307556
10000,train,19,69,0.8355895790330885,0.4312053322792053
10000,train,20,58,0.8458039189537733,0.4494626522064209
10000,train,21,75,0.8503534156665904,0.402458131313324
10000,train,22,61,0.8442910859056763,0.41132086515426636
10000,train,23,57,0.8608043896244822,0.400147020816803
10000,train,24,54,0.9001293316535095,0.34810715913772583
10000,train,25,69,0.8548085654645895,0.41862693428993225
10000,train,26,61,0.8278466365406972,0.4625687301158905
10000,train,28,58,0.8033168580344119,0.4760388731956482
10000,train,29,55,0.8142331985607724,0.4687831401824951
10000,train,30,69,0.8234301592022162,0.44071054458618164
10000,train,31,72,0.8340082199040183,0.45217928290367126
10000,train,32,56,0.8196318532827164,0.4539561867713928
10000,train,33,65,0.8259208593227645,0.45124325156211853
10000,train,34,64,0.8011803086866541,0.4704365134239197
10000,train,35,67,0.82635936930741,0.44378262758255005
10000,train,36,66,0.8206868168590107,0.46731019020080566
10000,train,37,70,0.8185660125844227,0.46048933267593384
10000,train,39,58,0.8122336879050073,0.4837409257888794
10000,train,40,58,0.8028915564638363,0.46796533465385437
10000,train,41,65,0.8207971724138323,0.45224443078041077
10000,train,42,61,0.8135361569841628,0.44852539896965027
10000,train,43,74,0.8304144314455193,0.4509568214416504
10000,train,44,68,0.8320016315890756,0.4349115788936615
10000,train,45,60,0.8498808995373676,0.41837990283966064
10000,train,46,61,0.8775409718891006,0.37171950936317444
10000,train,47,71,0.9028789792118006,0.3477119505405426
10000,train,48,58,0.9148907242686533,0.32613855600357056
10000,train,49,54,0.8814141564155921,0.3797611594200134
10000,train,50,76,0.7936631852963735,0.4871695041656494
10000,train,mean,3000,0.8450412614714236,0.4234180152416229
10000,held_interior,15,974,0.8089292192491339,0.4704331159591675
10000,held_interior,27,1061,0.8094985882058868,0.47301238775253296
10000,held_interior,38,965,0.8070486988723198,0.47316935658454895
10000,held_interior,mean,3000,0.8084921687757802,0.4722254276275635
10000,held_high,52,986,0.5342943674496818,0.7994961142539978
10000,held_high,55,1002,0.2674926840365053,1.102562665939331
10000,held_high,58,1012,0.14967200473101785,1.240838885307312
10000,held_high,mean,3000,0.3171530187390683,1.0496000051498413
20000,train,1,63,0.9920038333874498,0.21243353188037872
20000,train,2,61,0.9781343808073432,0.22176454961299896
20000,train,3,62,0.9661841633288266,0.25019800662994385
20000,train,4,60,0.9503079856791946,0.28080400824546814
20000,train,5,63,0.9385396015676213,0.292041152715683
20000,train,6,65,0.9383170630341705,0.2798795998096466
20000,train,7,55,0.9373278268866473,0.2830267548561096
20000,train,8,62,0.9477334227377995,0.2800695300102234
20000,train,9,63,0.9364873749097113,0.29959914088249207
20000,train,10,56,0.9327014171815526,0.2886422276496887
20000,train,11,70,0.9267819411360768,0.3081374764442444
20000,train,12,66,0.9509758986611531,0.2717820107936859
20000,train,13,68,0.9271301585285833,0.29791784286499023
20000,train,14,69,0.922471059305123,0.3166947662830353
20000,train,16,74,0.936143181139776,0.28397059440612793
20000,train,17,73,0.934833022023136,0.29772767424583435
20000,train,18,60,0.934197766271665,0.2875215709209442
20000,train,19,69,0.9387418830637954,0.28588518500328064
20000,train,20,58,0.9395735676288324,0.2977810204029083
20000,train,21,75,0.9257833547497604,0.3012254238128662
20000,train,22,61,0.9197244433795055,0.3083195388317108
20000,train,23,57,0.9398755498630555,0.27966585755348206
20000,train,24,54,0.9556363874217543,0.2634686529636383
20000,train,25,69,0.9381672447256069,0.2852254807949066
20000,train,26,61,0.9272480762176148,0.30591878294944763
20000,train,28,58,0.9229082045130933,0.30423152446746826
20000,train,29,55,0.9292380327756021,0.3014754354953766
20000,train,30,69,0.9271213323152788,0.30097874999046326
20000,train,31,72,0.9403845026384479,0.28936824202537537
20000,train,32,56,0.9297669824567889,0.2985188364982605
20000,train,33,65,0.9357675123156449,0.2891387343406677
20000,train,34,64,0.9226376966180678,0.30740222334861755
20000,train,35,67,0.928269671570258,0.3029232621192932
20000,train,36,66,0.9317713134905796,0.30192744731903076
20000,train,37,70,0.9311666409474593,0.29814615845680237
20000,train,39,58,0.9142707776775194,0.3352099359035492
20000,train,40,58,0.9122013664667573,0.32837703824043274
20000,train,41,65,0.9184537538751424,0.31948596239089966
20000,train,42,61,0.8991128401219645,0.3311822712421417
20000,train,43,74,0.9052239398526223,0.3438495993614197
20000,train,44,68,0.8993619663014917,0.3365842401981354
20000,train,45,60,0.9231399454199196,0.31088557839393616
20000,train,46,61,0.939793231762491,0.2790184020996094
20000,train,47,71,0.9537109447530868,0.2683428227901459
20000,train,48,58,0.9639859493737264,0.2516970932483673
20000,train,49,54,0.9574095955916289,0.2601054906845093
20000,train,50,76,0.9332548384885714,0.292176216840744
20000,train,mean,3000,0.9351908860204659,0.2926087975502014
20000,held_interior,15,974,0.9153581260638113,0.32150331139564514
20000,held_interior,27,1061,0.9200550160003371,0.31561049818992615
20000,held_interior,38,965,0.918517880276229,0.31848952174186707
20000,held_interior,mean,3000,0.9179770074467924,0.3184497654438019
20000,held_high,52,986,0.7709242081858212,0.5219472646713257
20000,held_high,55,1002,0.6125346886186447,0.732805609703064
20000,held_high,58,1012,0.47837936364366684,0.8960305452346802
20000,held_high,mean,3000,0.6206127534827109,0.7185646891593933
30000,train,1,63,0.9840493769540434,0.2201545089483261
30000,train,2,61,0.9898825042913905,0.1990097612142563
30000,train,3,62,0.9719527225751255,0.2427452802658081
30000,train,4,60,0.9641493511594641,0.2570461630821228
30000,train,5,63,0.9571255331248654,0.2630779445171356
30000,train,6,65,0.9527733514777676,0.25739824771881104
30000,train,7,55,0.9530110774326928,0.2578124701976776
30000,train,8,62,0.956954743001475,0.26416903734207153
30000,train,9,63,0.9537563511030533,0.26722705364227295
30000,train,10,56,0.9521426632860075,0.2597475051879883
30000,train,11,70,0.9409795491304533,0.28502506017684937
30000,train,12,66,0.9603367681663968,0.2578798830509186
30000,train,13,68,0.9449563627530702,0.26792266964912415
30000,train,14,69,0.936174073715316,0.29523444175720215
30000,train,16,74,0.9421403038781385,0.2753806412220001
30000,train,17,73,0.9488382654610628,0.2741926312446594
30000,train,18,60,0.9441411105965043,0.2736411690711975
30000,train,19,69,0.9460477325328887,0.2744460701942444
30000,train,20,58,0.9485431341753651,0.2785438001155853
30000,train,21,75,0.9368058364282988,0.28461238741874695
30000,train,22,61,0.9292873926558308,0.2956196665763855
30000,train,23,57,0.952438235957538,0.26380014419555664
30000,train,24,54,0.9594832777983284,0.25590500235557556
30000,train,25,69,0.9547974415627535,0.2600099444389343
30000,train,26,61,0.9461356192428567,0.27890533208847046
30000,train,28,58,0.9433650898439032,0.2723846733570099
30000,train,29,55,0.9502694671813859,0.2684800624847412
30000,train,30,69,0.9425196774697002,0.2790697515010834
30000,train,31,72,0.9524099457902848,0.27225691080093384
30000,train,32,56,0.9431010367406325,0.27769359946250916
30000,train,33,65,0.9497259650018297,0.268595814704895
30000,train,34,64,0.9401678829220932,0.2822314500808716
30000,train,35,67,0.9454728935879904,0.27595722675323486
30000,train,36,66,0.9440132293674856,0.2804236114025116
30000,train,37,70,0.9497364640478669,0.26780253648757935
30000,train,39,58,0.9370651339354782,0.2959747016429901
30000,train,40,58,0.9365978330224649,0.2921709716320038
30000,train,41,65,0.9436569300577343,0.28149741888046265
30000,train,42,61,0.9279961341977766,0.29499495029449463
30000,train,43,74,0.9400003699539096,0.2869422137737274
30000,train,44,68,0.9247379490221469,0.2985801696777344
30000,train,45,60,0.9443731437703319,0.2779347598552704
30000,train,46,61,0.9561177291372394,0.25747931003570557
30000,train,47,71,0.9626293915291235,0.2538568079471588
30000,train,48,58,0.9611931159707575,0.2591072618961334
30000,train,49,54,0.968666467898541,0.2409290373325348
30000,train,50,76,0.9580095689859812,0.25306862592697144
30000,train,mean,3000,0.949972940380752,0.26941314339637756
30000,held_interior,15,974,0.9236762091718685,0.3098524510860443
30000,held_interior,27,1061,0.9391483766541907,0.28598588705062866
30000,held_interior,38,965,0.9371492796768047,0.2900683283805847
30000,held_interior,mean,3000,0.933324621834288,0.2950477600097656
30000,held_high,52,986,0.8014136689769844,0.48531708121299744
30000,held_high,55,1002,0.6617054016352071,0.6807701587677002
30000,held_high,58,1012,0.5380217222832342,0.8401574492454529
30000,held_high,mean,3000,0.6670469309651419,0.6702978610992432
40000,train,1,63,0.9957312564056477,0.19994042813777924
40000,train,2,61,0.9894827386715119,0.2033507525920868
40000,train,3,62,0.9866804665210102,0.2142004668712616
40000,train,4,60,0.9641300814819312,0.2575523555278778
40000,train,5,63,0.9587322442621049,0.25995713472366333
40000,train,6,65,0.951683322438619,0.2584076523780823
40000,train,7,55,0.9587876078685698,0.24884633719921112
40000,train,8,62,0.9592947494335501,0.2601935565471649
40000,train,9,63,0.9568912411311492,0.26316511631011963
40000,train,10,56,0.954227107482174,0.25475603342056274
40000,train,11,70,0.9439569467356503,0.27908462285995483
40000,train,12,66,0.9635438231481346,0.25145602226257324
40000,train,13,68,0.944967604308685,0.2715889811515808
40000,train,14,69,0.9403193533780885,0.28882575035095215
40000,train,16,74,0.9501134908430845,0.26489096879959106
40000,train,17,73,0.9548074402529808,0.2653258740901947
40000,train,18,60,0.9487624579578423,0.2688744366168976
40000,train,19,69,0.9510617816194299,0.26668375730514526
40000,train,20,58,0.9545406934527948,0.2687338888645172
40000,train,21,75,0.9428308908813929,0.2747576832771301
40000,train,22,61,0.9333832950557741,0.29063260555267334
40000,train,23,57,0.951010873370427,0.2647258937358856
40000,train,24,54,0.9595337848543675,0.2537539005279541
40000,train,25,69,0.9535334335598634,0.26171591877937317
40000,train,26,61,0.9399184952592686,0.2858375906944275
40000,train,28,58,0.9434086638959429,0.27366313338279724
40000,train,29,55,0.9478803926989323,0.271372526884079
40000,train,30,69,0.9438018282292397,0.277849942445755
40000,train,31,72,0.9539908445716767,0.26675060391426086
40000,train,32,56,0.9447184852977718,0.2777497172355652
40000,train,33,65,0.9479114248812319,0.2710767388343811
40000,train,34,64,0.9316371892987101,0.2950937747955322
40000,train,35,67,0.9376327559852086,0.28421348333358765
40000,train,36,66,0.9386897734330074,0.28970006108283997
40000,train,37,70,0.9461982556164701,0.2726794481277466
40000,train,39,58,0.9397172459567601,0.29031091928482056
40000,train,40,58,0.9357648334229511,0.2908550798892975
40000,train,41,65,0.9414193987582656,0.28164222836494446
40000,train,42,61,0.9270206879625769,0.29664647579193115
40000,train,43,74,0.9394273075568842,0.28746217489242554
40000,train,44,68,0.9281032306148841,0.29756367206573486
40000,train,45,60,0.9482674162221305,0.2705569863319397
40000,train,46,61,0.9547551674440419,0.25619009137153625
40000,train,47,71,0.9632561180024113,0.25225013494491577
40000,train,48,58,0.9668269414923721,0.2483745813369751
40000,train,49,54,0.9636181148752306,0.247386172413826
40000,train,50,76,0.9553689289009402,0.25878143310546875
40000,train,mean,3000,0.9512200039466316,0.2670396864414215
40000,held_interior,15,974,0.9291160092595604,0.301361620426178
40000,held_interior,27,1061,0.9358178066093444,0.2912011742591858
40000,held_interior,38,965,0.9326218404077299,0.2967984974384308
40000,held_interior,mean,3000,0.9325185520922116,0.29630038142204285
40000,held_high,52,986,0.7991839174396773,0.48673123121261597
40000,held_high,55,1002,0.6665395584216567,0.670028567314148
40000,held_high,58,1012,0.5464747502311023,0.8216207027435303
40000,held_high,mean,3000,0.670732742030812,0.6609219312667847
50000,train,1,63,0.9951511026222756,0.20284095406532288
50000,train,2,61,0.9895540455208398,0.19965912401676178
50000,train,3,62,0.9847788744833513,0.21801050007343292
50000,train,4,60,0.9666478332579017,0.2525831460952759
50000,train,5,63,0.963516301366183,0.25316303968429565
50000,train,6,65,0.9597315739711173,0.24493370950222015
50000,train,7,55,0.9617507603606622,0.2429531216621399
50000,train,8,62,0.964300266018261,0.25203853845596313
50000,train,9,63,0.9626671393403613,0.25133857131004333
50000,train,10,56,0.9589688772771103,0.25165504217147827
50000,train,11,70,0.9513385144845025,0.27010348439216614
50000,train,12,66,0.9667354848117081,0.24613681435585022
50000,train,13,68,0.9469628052228599,0.2676544785499573
50000,train,14,69,0.9415420613942401,0.287492036819458
50000,train,16,74,0.9477001243832102,0.2694053649902344
50000,train,17,73,0.9534030116095221,0.2677314579486847
50000,train,18,60,0.9492786764364669,0.26744401454925537
50000,train,19,69,0.9541210386030675,0.26234596967697144
50000,train,20,58,0.9595502220805354,0.26111888885498047
50000,train,21,75,0.94615694654108,0.2703128159046173
50000,train,22,61,0.9431376513355743,0.2739315629005432
50000,train,23,57,0.9611063140221127,0.24863041937351227
50000,train,24,54,0.9669906352798685,0.24278301000595093
50000,train,25,69,0.960045176107685,0.2521732747554779
50000,train,26,61,0.9537263599794196,0.26610416173934937
50000,train,28,58,0.9537421344089592,0.25669360160827637
50000,train,29,55,0.9569896211259334,0.25673025846481323
50000,train,30,69,0.9519529968078022,0.2639619708061218
50000,train,31,72,0.9631322075119203,0.25283777713775635
50000,train,32,56,0.9508099622502953,0.26898422837257385
50000,train,33,65,0.9573748252366289,0.2562897503376007
50000,train,34,64,0.9447957495211792,0.27559182047843933
50000,train,35,67,0.9491533754992472,0.26824474334716797
50000,train,36,66,0.9499503477508081,0.2715422809123993
50000,train,37,70,0.9557375121989027,0.25780752301216125
50000,train,39,58,0.9437329426558366,0.2884470522403717
50000,train,40,58,0.9423976065575077,0.28193601965904236
50000,train,41,65,0.9444734707362862,0.2774040400981903
50000,train,42,61,0.9252251964912976,0.2963411509990692
50000,train,43,74,0.9345904758481083,0.29431334137916565
50000,train,44,68,0.9300476514216615,0.29459840059280396
50000,train,45,60,0.9519161585467514,0.26487699151039124
50000,train,46,61,0.9558228169655787,0.2566235065460205
50000,train,47,71,0.9660118284017843,0.24763117730617523
50000,train,48,58,0.963719628120386,0.25132378935813904
50000,train,49,54,0.9679940497770145,0.24277327954769135
50000,train,50,76,0.9584773308361368,0.2520172595977783
50000,train,mean,3000,0.9558916954293605,0.2599913775920868
50000,held_interior,15,974,0.9330808103866303,0.2948741912841797
50000,held_interior,27,1061,0.9484365925159585,0.2716350853443146
50000,held_interior,38,965,0.9409636463503155,0.28381776809692383
50000,held_interior,mean,3000,0.9408270164176348,0.28309884667396545
50000,held_high,52,986,0.8186579584330538,0.4593583643436432
50000,held_high,55,1002,0.6818758268452051,0.6507838368415833
50000,held_high,58,1012,0.5503647154780006,0.8212643265724182
50000,held_high,mean,3000,0.6836328335854197,0.6453773975372314
60000,train,1,63,0.9899460294596765,0.20952215790748596
60000,train,2,61,0.9874218355048735,0.20299290120601654
60000,train,3,62,0.9857838824033149,0.21631290018558502
60000,train,4,60,0.9684766845420956,0.2499249428510666
60000,train,5,63,0.9611762364438858,0.2573910355567932
60000,train,6,65,0.9585067081087518,0.24957604706287384
60000,train,7,55,0.9612429918682618,0.24537581205368042
60000,train,8,62,0.9625767430738619,0.25364601612091064
60000,train,9,63,0.9604851430780258,0.25663748383522034
60000,train,10,56,0.9576178396965764,0.25195324420928955
60000,train,11,70,0.9478272043628418,0.27435314655303955
60000,train,12,66,0.9622024895692145,0.2534174621105194
60000,train,13,68,0.9480053482572781,0.2662379741668701
60000,train,14,69,0.9437695818045905,0.28407183289527893
60000,train,16,74,0.9470180932616874,0.269572377204895
60000,train,17,73,0.9534468429536117,0.26765498518943787
60000,train,18,60,0.9513315059625852,0.2630731463432312
60000,train,19,69,0.9541248502018566,0.26144859194755554
60000,train,20,58,0.9559436737284654,0.26659995317459106
60000,train,21,75,0.9473912688855328,0.2685556411743164
60000,train,22,61,0.9411771944603842,0.27750077843666077
60000,train,23,57,0.9544967099969509,0.2603083848953247
60000,train,24,54,0.9642686826932165,0.25114312767982483
60000,train,25,69,0.9584157743046814,0.2541671097278595
60000,train,26,61,0.9484910537325387,0.27676621079444885
60000,train,28,58,0.9513870826686888,0.2616991400718689
60000,train,29,55,0.9588060243185327,0.2536729872226715
60000,train,30,69,0.954790545952849,0.26046022772789
60000,train,31,72,0.963956941071213,0.25248584151268005
60000,train,32,56,0.957854394525762,0.25715383887290955
60000,train,33,65,0.9573993936096404,0.2547415494918823
60000,train,34,64,0.9488796285577636,0.2713923156261444
60000,train,35,67,0.9549279393806847,0.25843679904937744
60000,train,36,66,0.9501200486297571,0.26972028613090515
60000,train,37,70,0.9533775951759154,0.26314637064933777
60000,train,39,58,0.9439848526255267,0.28476962447166443
60000,train,40,58,0.940433522341099,0.2873181104660034
60000,train,41,65,0.9467657170794933,0.27256396412849426
60000,train,42,61,0.9319176756938803,0.2872498631477356
60000,train,43,74,0.9415048511667929,0.2863413691520691
60000,train,44,68,0.9373237354598969,0.28194957971572876
60000,train,45,60,0.9502400776939732,0.26752814650535583
60000,train,46,61,0.9602796704579105,0.24825100600719452
60000,train,47,71,0.9688786740313194,0.24189329147338867
60000,train,48,58,0.9694176700214348,0.2438504844903946
60000,train,49,54,0.9716046776572307,0.2346462607383728
60000,train,50,76,0.9630232927040872,0.24653254449367523
60000,train,mean,3000,0.9563408165782599,0.2593578100204468
60000,held_interior,15,974,0.929079178015522,0.3010070323944092
60000,held_interior,27,1061,0.9470850112278683,0.27404001355171204
60000,held_interior,38,965,0.9414321806539134,0.28318214416503906
60000,held_interior,mean,3000,0.939198789965768,0.2857360243797302
60000,held_high,52,986,0.8104933923861745,0.468828946352005
60000,held_high,55,1002,0.6413474698234094,0.6977401375770569
60000,held_high,58,1012,0.5050766494024411,0.867036759853363
60000,held_high,mean,3000,0.6523058372040084,0.6796140074729919
70000,train,1,63,0.9971850571073768,0.19725258648395538
70000,train,2,61,0.9887527898294618,0.20418213307857513
70000,train,3,62,0.9910873543743182,0.20772354304790497
70000,train,4,60,0.9665284101578897,0.2510067820549011
70000,train,5,63,0.9612887624702208,0.2562851309776306
70000,train,6,65,0.9610277363815,0.24556531012058258
70000,train,7,55,0.9638401096977286,0.24112850427627563
70000,train,8,62,0.9687742522163687,0.24315360188484192
70000,train,9,63,0.9650490316657458,0.24941925704479218
70000,train,10,56,0.9570080902024845,0.25188344717025757
70000,train,11,70,0.9504146977351848,0.2691417634487152
70000,train,12,66,0.9651237443065226,0.2495717704296112
70000,train,13,68,0.9475707205444791,0.2655927538871765
70000,train,14,69,0.9424686277520178,0.28352415561676025
70000,train,16,74,0.9497045053439709,0.2660870850086212
70000,train,17,73,0.9529251209206318,0.2674860656261444
70000,train,18,60,0.9510921163165242,0.26463982462882996
70000,train,19,69,0.952977288901637,0.26187214255332947
70000,train,20,58,0.9563092660899183,0.26775476336479187
70000,train,21,75,0.9435177526952634,0.2757198214530945
70000,train,22,61,0.9396340537449135,0.2793431580066681
70000,train,23,57,0.9565822253907135,0.25542646646499634
70000,train,24,54,0.9625866259645357,0.2505488097667694
70000,train,25,69,0.9568700882801882,0.25665873289108276
70000,train,26,61,0.9491566993875862,0.2763155400753021
70000,train,28,58,0.9489975566304338,0.26513853669166565
70000,train,29,55,0.9561527771896716,0.2596006691455841
70000,train,30,69,0.9495010694402405,0.2684175670146942
70000,train,31,72,0.9589545151871962,0.2590365707874298
70000,train,32,56,0.9517487529854938,0.2649064362049103
70000,train,33,65,0.9584531018480884,0.25368979573249817
70000,train,34,64,0.9457387930152993,0.2749636173248291
70000,train,35,67,0.9495637809653289,0.2671809792518616
70000,train,36,66,0.9476163066366996,0.2757331430912018
70000,train,37,70,0.9531837623988938,0.2609563171863556
70000,train,39,58,0.9454433560541478,0.2820405066013336
70000,train,40,58,0.9422940645895262,0.2820463478565216
70000,train,41,65,0.9423291341739513,0.2811669409275055
70000,train,42,61,0.9283525461094791,0.2916797399520874
70000,train,43,74,0.9294323180928481,0.30381810665130615
70000,train,44,68,0.9222195315674798,0.3042733669281006
70000,train,45,60,0.9422468081748997,0.2785223722457886
70000,train,46,61,0.9551856198113444,0.2548023462295532
70000,train,47,71,0.9605731675301589,0.25612872838974
70000,train,48,58,0.9639021712065886,0.251498281955719
70000,train,49,54,0.9634220841208363,0.2503455877304077
70000,train,50,76,0.9512876512889133,0.2654648721218109
70000,train,mean,3000,0.9545547658828659,0.26196080446243286
70000,held_interior,15,974,0.9311159425439585,0.29768338799476624
70000,held_interior,27,1061,0.9474129377859951,0.2731460928916931
70000,held_interior,38,965,0.941530107933286,0.2840786278247833
70000,held_interior,mean,3000,0.9400196627544132,0.2846291661262512
70000,held_high,52,986,0.8092202384206756,0.4727274477481842
70000,held_high,55,1002,0.6585770953949054,0.6829371452331543
70000,held_high,58,1012,0.5304006019880025,0.8458564877510071
70000,held_high,mean,3000,0.6660659786011945,0.6688063740730286
80000,train,1,63,0.9911665834574305,0.20820169150829315
80000,train,2,61,0.9935889232314412,0.19425120949745178
80000,train,3,62,0.9814718156859149,0.22388094663619995
80000,train,4,60,0.9688699957369411,0.24718616902828217
80000,train,5,63,0.9706634420304555,0.2411433309316635
80000,train,6,65,0.9644596775428402,0.23968350887298584
80000,train,7,55,0.9680355799842748,0.235517218708992
80000,train,8,62,0.9708902572236157,0.24253727495670319
80000,train,9,63,0.970552356968085,0.23932179808616638
80000,train,10,56,0.9632806132137632,0.2427883893251419
80000,train,11,70,0.9562181901831561,0.2600114643573761
80000,train,12,66,0.9707907760107113,0.23918990790843964
80000,train,13,68,0.9550720944420792,0.2557304799556732
80000,train,14,69,0.9490005410010703,0.2773878574371338
80000,train,16,74,0.9554893568734438,0.2575829029083252
80000,train,17,73,0.9611453637004812,0.25653380155563354
80000,train,18,60,0.9581309516686384,0.2526925802230835
80000,train,19,69,0.961829153429868,0.24977079033851624
80000,train,20,58,0.9621037235596115,0.25743329524993896
80000,train,21,75,0.9534390332592094,0.25886449217796326
80000,train,22,61,0.9463653106996475,0.2692634165287018
80000,train,23,57,0.9593020837009961,0.24920795857906342
80000,train,24,54,0.9671435652184698,0.24609290063381195
80000,train,25,69,0.9599874957310764,0.251832515001297
80000,train,26,61,0.9574033515273738,0.26143935322761536
80000,train,28,58,0.9561589653666843,0.25525519251823425
80000,train,29,55,0.9623725066154367,0.2509843409061432
80000,train,30,69,0.9577301045822537,0.25644516944885254
80000,train,31,72,0.9650055486362111,0.24764090776443481
80000,train,32,56,0.9567205471744523,0.25936901569366455
80000,train,33,65,0.9663320300604503,0.24152955412864685
80000,train,34,64,0.9537067246482164,0.2598720192909241
80000,train,35,67,0.9538280414698136,0.26188480854034424
80000,train,36,66,0.955556756387555,0.2617751955986023
80000,train,37,70,0.95933201061787,0.25172820687294006
80000,train,39,58,0.9582723360878839,0.2638433277606964
80000,train,40,58,0.9509894513271975,0.2712755501270294
80000,train,41,65,0.9538805871067356,0.2617831230163574
80000,train,42,61,0.9448232610040881,0.26951658725738525
80000,train,43,74,0.9528686940965724,0.26718074083328247
80000,train,44,68,0.9438892971591841,0.2719408869743347
80000,train,45,60,0.9569550487164208,0.25671136379241943
80000,train,46,61,0.9641767833283007,0.24529680609703064
80000,train,47,71,0.9731245820988239,0.2384423315525055
80000,train,48,58,0.9683085256393393,0.24503417313098907
80000,train,49,54,0.9755906662436548,0.22762839496135712
80000,train,50,76,0.9637191174251151,0.24732215702533722
80000,train,mean,3000,0.9619094004653799,0.25072985887527466
80000,held_interior,15,974,0.9377826558647927,0.2879749536514282
80000,held_interior,27,1061,0.9510203074727829,0.26738330721855164
80000,held_interior,38,965,0.9515603793331153,0.2682698965072632
80000,held_interior,mean,3000,0.9467877808902303,0.27435389161109924
80000,held_high,52,986,0.8454565856178516,0.42197322845458984
80000,held_high,55,1002,0.6877440095191057,0.6423323750495911
80000,held_high,58,1012,0.5391850086156119,0.8323791027069092
80000,held_high,mean,3000,0.6907952012508565,0.634016752243042
90000,train,1,63,0.9903026114711905,0.2252654731273651
90000,train,2,61,0.9865660606876145,0.20482279360294342
90000,train,3,62,0.9858547406367645,0.21665281057357788
90000,train,4,60,0.9755176167412489,0.23644615709781647
90000,train,5,63,0.9770267409009082,0.23044489324092865
90000,train,6,65,0.9724129600807899,0.2286827564239502
90000,train,7,55,0.9738175418952143,0.22592291235923767
90000,train,8,62,0.9770427355535164,0.2316771149635315
90000,train,9,63,0.9758376801432689,0.23175986111164093
90000,train,10,56,0.9691266140976024,0.23506557941436768
90000,train,11,70,0.9656794954361334,0.2470615953207016
90000,train,12,66,0.9778406840160542,0.22693681716918945
90000,train,13,68,0.9662901691773467,0.23904956877231598
90000,train,14,69,0.9595837013205563,0.2590608298778534
90000,train,16,74,0.9628409200767151,0.24759741127490997
90000,train,17,73,0.9656938170822911,0.24812136590480804
90000,train,18,60,0.970509402128569,0.23404459655284882
90000,train,19,69,0.9684728575670886,0.2372235506772995
90000,train,20,58,0.9696761152334349,0.24328209459781647
90000,train,21,75,0.9621004201886997,0.2438850849866867
90000,train,22,61,0.9565425751898312,0.253094345331192
90000,train,23,57,0.9689258758455082,0.23736414313316345
90000,train,24,54,0.9752611186932523,0.23326729238033295
90000,train,25,69,0.9646279507400278,0.2438080757856369
90000,train,26,61,0.9640214351838461,0.2484629601240158
90000,train,28,58,0.9610482402181968,0.24739833176136017
90000,train,29,55,0.967827366024882,0.2412499189376831
90000,train,30,69,0.9639546356218668,0.24591106176376343
90000,train,31,72,0.9697153389858096,0.24277657270431519
90000,train,32,56,0.9662753526678322,0.2432999461889267
90000,train,33,65,0.9711596562907518,0.23642461001873016
90000,train,34,64,0.9593481083268318,0.2527350187301636
90000,train,35,67,0.962568738508033,0.25080883502960205
90000,train,36,66,0.9582792593058043,0.25837308168411255
90000,train,37,70,0.9591972218017466,0.25403058528900146
90000,train,39,58,0.9603768729003779,0.2578069865703583
90000,train,40,58,0.9512513327520865,0.268555223941803
90000,train,41,65,0.9591126396953082,0.25631436705589294
90000,train,42,61,0.9482000737098438,0.26733672618865967
90000,train,43,74,0.9596803921012383,0.25772470235824585
90000,train,44,68,0.9464576121475289,0.26920461654663086
90000,train,45,60,0.9613730859924664,0.2538841962814331
90000,train,46,61,0.9634697686055455,0.2470313459634781
90000,train,47,71,0.9742152414386019,0.23504045605659485
90000,train,48,58,0.9722384177037714,0.2391958236694336
90000,train,49,54,0.9774177520082915,0.22661982476711273
90000,train,50,76,0.9661504348063006,0.24243412911891937
90000,train,mean,3000,0.9672529655680975,0.24290287494659424
90000,held_interior,15,974,0.9484691696272847,0.2718146741390228
90000,held_interior,27,1061,0.959273154673784,0.25461545586586
90000,held_interior,38,965,0.9536295166852335,0.2650371789932251
90000,held_interior,mean,3000,0.9537906136621007,0.26355183124542236
90000,held_high,52,986,0.8685823559436724,0.3910275399684906
90000,held_high,55,1002,0.7268206154786946,0.5950123071670532
90000,held_high,58,1012,0.5961608966875483,0.7713487148284912
90000,held_high,mean,3000,0.7305212893699718,0.5874534249305725
100000,train,1,63,0.9957912485386188,0.20062397420406342
100000,train,2,61,0.9839159143289148,0.21543756127357483
100000,train,3,62,0.9849438891706638,0.22196054458618164
100000,train,4,60,0.9760883748601044,0.23514118790626526
100000,train,5,63,0.9778485615352666,0.22779853641986847
100000,train,6,65,0.9703699736202048,0.23049449920654297
100000,train,7,55,0.9709538193925097,0.23058979213237762
100000,train,8,62,0.9756714122027008,0.2336587756872177
100000,train,9,63,0.9774342937053124,0.2297421544790268
100000,train,10,56,0.9692066780003777,0.23351489007472992
100000,train,11,70,0.9650380378032605,0.24873894453048706
100000,train,12,66,0.9779583293167494,0.22628732025623322
100000,train,13,68,0.9675445294570617,0.2365092635154724
100000,train,14,69,0.9584868807321498,0.2621275782585144
100000,train,16,74,0.9624181866979706,0.2480945587158203
100000,train,17,73,0.9679507187830358,0.2439272701740265
100000,train,18,60,0.969429457155052,0.235391303896904
100000,train,19,69,0.968686325845293,0.23713567852973938
100000,train,20,58,0.9662618616838411,0.2511001527309418
100000,train,21,75,0.9581109795427315,0.2522614300251007
100000,train,22,61,0.9462708504445728,0.2696642577648163
100000,train,23,57,0.9690118026188329,0.237217515707016
100000,train,24,54,0.9714949970980059,0.2394091933965683
100000,train,25,69,0.9661151973733697,0.24220609664916992
100000,train,26,61,0.9659786897109637,0.24695168435573578
100000,train,28,58,0.9623689997441226,0.24503447115421295
100000,train,29,55,0.9636767105487705,0.2478732168674469
100000,train,30,69,0.9651559062072281,0.24562802910804749
100000,train,31,72,0.9704966537620774,0.24100235104560852
100000,train,32,56,0.9669712437242312,0.2415400892496109
100000,train,33,65,0.9699536558524672,0.2363588809967041
100000,train,34,64,0.9598080008727171,0.24853375554084778
100000,train,35,67,0.963368235568046,0.24857649207115173
100000,train,36,66,0.9620670600280139,0.2537955939769745
100000,train,37,70,0.9675982202411376,0.2400875836610794
100000,train,39,58,0.9676915018814172,0.24774301052093506
100000,train,40,58,0.9583129040525746,0.2594423294067383
100000,train,41,65,0.9655840307018891,0.2469741255044937
100000,train,42,61,0.9534556761625297,0.26141494512557983
100000,train,43,74,0.9641145750976712,0.2484464943408966
100000,train,44,68,0.9507008352499174,0.2595728039741516
100000,train,45,60,0.9603224790719578,0.2526196539402008
100000,train,46,61,0.967560180159828,0.237162783741951
100000,train,47,71,0.9762923606213734,0.23073938488960266
100000,train,48,58,0.9744835888359542,0.2348639816045761
100000,train,49,54,0.9775318097171936,0.22512361407279968
100000,train,50,76,0.9700662966089659,0.23560453951358795
100000,train,mean,3000,0.9680970624325028,0.2411089688539505
100000,held_interior,15,974,0.9485953157201577,0.2713576555252075
100000,held_interior,27,1061,0.9576505269110364,0.2569340765476227
100000,held_interior,38,965,0.9620980925694146,0.251321017742157
100000,held_interior,mean,3000,0.9561146450668695,0.2598114311695099
100000,held_high,52,986,0.8876464188462392,0.3625957667827606
100000,held_high,55,1002,0.7514770475950813,0.5590786933898926
100000,held_high,58,1012,0.6138214508137733,0.7443567514419556
100000,held_high,mean,3000,0.7509816390850311,0.5570017099380493
110000,train,1,63,0.993384901897226,0.21038801968097687
110000,train,2,61,0.9886025766808455,0.20138677954673767
110000,train,3,62,0.9820007328956967,0.2244817018508911
110000,train,4,60,0.9758707185694051,0.23665861785411835
110000,train,5,63,0.9761056140077365,0.23296085000038147
110000,train,6,65,0.9704427643032522,0.2316344976425171
110000,train,7,55,0.9692353659580574,0.23335391283035278
110000,train,8,62,0.9715798086928812,0.2406737506389618
110000,train,9,63,0.9736757713927288,0.23634111881256104
110000,train,10,56,0.9666527471762009,0.23656965792179108
110000,train,11,70,0.9619316613052499,0.2532218098640442
110000,train,12,66,0.9757926901573547,0.23104847967624664
110000,train,13,68,0.9662966938721522,0.24128220975399017
110000,train,14,69,0.9605324501879362,0.260210782289505
110000,train,16,74,0.9665741494278973,0.24216608703136444
110000,train,17,73,0.9696698590350649,0.2427021712064743
110000,train,18,60,0.9712752929227748,0.23279426991939545
110000,train,19,69,0.970942477358497,0.2343306541442871
110000,train,20,58,0.9704101302176548,0.2449541687965393
110000,train,21,75,0.9615175682794528,0.24835963547229767
110000,train,22,61,0.9544660568741985,0.25687333941459656
110000,train,23,57,0.9732719495859746,0.22930976748466492
110000,train,24,54,0.977192050366715,0.23120072484016418
110000,train,25,69,0.9742139480133829,0.23013640940189362
110000,train,26,61,0.9697081661051845,0.2395213544368744
110000,train,28,58,0.9739672484877665,0.22807064652442932
110000,train,29,55,0.971513144897693,0.23577089607715607
110000,train,30,69,0.9635023498632048,0.24910590052604675
110000,train,31,72,0.9709839641003959,0.2409411072731018
110000,train,32,56,0.9670621053459202,0.2416410595178604
110000,train,33,65,0.973702876011906,0.23330052196979523
110000,train,34,64,0.9648967235779659,0.2442961484193802
110000,train,35,67,0.9665885738967364,0.2449437826871872
110000,train,36,66,0.9664950914662755,0.24620607495307922
110000,train,37,70,0.9723772177184683,0.2322082817554474
110000,train,39,58,0.9682156008741818,0.24669891595840454
110000,train,40,58,0.9625021881129266,0.2520749568939209
110000,train,41,65,0.9657903149283484,0.24565865099430084
110000,train,42,61,0.9512012008639746,0.25980958342552185
110000,train,43,74,0.9584888708140649,0.2582264244556427
110000,train,44,68,0.9493520433917585,0.26388436555862427
110000,train,45,60,0.9589923150653122,0.2551976144313812
110000,train,46,61,0.9662070117956685,0.24278268218040466
110000,train,47,71,0.9756474528246304,0.2318573296070099
110000,train,48,58,0.9749083197752625,0.23481523990631104
110000,train,49,54,0.9776065588039111,0.2257748693227768
110000,train,50,76,0.9737285519216027,0.22926945984363556
110000,train,mean,3000,0.969469699357904,0.23951265215873718
110000,held_interior,15,974,0.9529674771114588,0.2651086151599884
110000,held_interior,27,1061,0.9671881156093124,0.2426147162914276
110000,held_interior,38,965,0.9658983496321034,0.24573726952075958
110000,held_interior,mean,3000,0.9620179807842915,0.25092217326164246
110000,held_high,52,986,0.8955511953132317,0.35175198316574097
110000,held_high,55,1002,0.7671804878084211,0.5351301431655884
110000,held_high,58,1012,0.6580356954496563,0.6827219128608704
110000,held_high,mean,3000,0.7735891261904363,0.5246475338935852
120000,train,1,63,0.9940586570602404,0.20214203000068665
120000,train,2,61,0.9951024109374103,0.19620774686336517
120000,train,3,62,0.9874067991637644,0.21451568603515625
120000,train,4,60,0.9735897849601625,0.23866763710975647
120000,train,5,63,0.9743128742849664,0.23517835140228271
120000,train,6,65,0.969522795394618,0.2323741912841797
120000,train,7,55,0.9712578497821258,0.2291458249092102
120000,train,8,62,0.9758946189490741,0.23256735503673553
120000,train,9,63,0.9781067757993425,0.22820423543453217
120000,train,10,56,0.9691719753750142,0.23276419937610626
120000,train,11,70,0.9657128042164961,0.24745677411556244
120000,train,12,66,0.9785161470911551,0.22732694447040558
120000,train,13,68,0.9701021365889888,0.23455946147441864
120000,train,14,69,0.961170058156508,0.2593282163143158
120000,train,16,74,0.9688631210518407,0.23745188117027283
120000,train,17,73,0.972186656847712,0.239540234208107
120000,train,18,60,0.9748843755752958,0.22540757060050964
120000,train,19,69,0.9746978965030425,0.22720274329185486
120000,train,20,58,0.9724928716821014,0.23923996090888977
120000,train,21,75,0.9661602464625377,0.23995880782604218
120000,train,22,61,0.9585205660135273,0.2535345256328583
120000,train,23,57,0.9762058056917741,0.2272338718175888
120000,train,24,54,0.9792328086956215,0.22766311466693878
120000,train,25,69,0.9718280360600835,0.23199966549873352
120000,train,26,61,0.9702482434317584,0.23931469023227692
120000,train,28,58,0.9707538060468119,0.23334184288978577
120000,train,29,55,0.9713777320959828,0.23427581787109375
120000,train,30,69,0.970532392486389,0.23649148643016815
120000,train,31,72,0.9725377936516153,0.23609474301338196
120000,train,32,56,0.9719249954003083,0.23566104471683502
120000,train,33,65,0.9769218324792696,0.22461624443531036
120000,train,34,64,0.9656985661057412,0.24356108903884888
120000,train,35,67,0.9678905334054105,0.2406119406223297
120000,train,36,66,0.9689636260044779,0.24085263907909393
120000,train,37,70,0.9690442767211884,0.23706728219985962
120000,train,39,58,0.9715834888009555,0.23879674077033997
120000,train,40,58,0.9632518927813799,0.2510232627391815
120000,train,41,65,0.9673059751725339,0.24316608905792236
120000,train,42,61,0.9543428857493012,0.25645411014556885
120000,train,43,74,0.963880858949166,0.2479308545589447
120000,train,44,68,0.9542680569616345,0.25754356384277344
120000,train,45,60,0.9649229759230049,0.24617674946784973
120000,train,46,61,0.971633562736954,0.23338378965854645
120000,train,47,71,0.9777171725488574,0.22988185286521912
120000,train,48,58,0.9802966544322766,0.2243935465812683
120000,train,49,54,0.9812096865894948,0.21979282796382904
120000,train,50,76,0.9749544753316044,0.22798432409763336
120000,train,mean,3000,0.9719204160882877,0.2350960224866867
120000,held_interior,15,974,0.9553650323448928,0.2607339322566986
120000,held_interior,27,1061,0.9667650722416493,0.24245047569274902
120000,held_interior,38,965,0.965543246265558,0.24596711993217468
120000,held_interior,mean,3000,0.9625577836173668,0.24951769411563873
120000,held_high,52,986,0.9091018834479381,0.3302343487739563
120000,held_high,55,1002,0.7891984902828788,0.5064781308174133
120000,held_high,58,1012,0.6676971563724956,0.6730790734291077
120000,held_high,mean,3000,0.7886658433677708,0.5047526955604553
130000,train,1,63,0.9826153294995451,0.22254325449466705
130000,train,2,61,0.9923777659594881,0.19690586626529694
130000,train,3,62,0.9871418789220086,0.2139855921268463
130000,train,4,60,0.9763732472186202,0.23517224192619324
130000,train,5,63,0.9765728305360557,0.23061974346637726
130000,train,6,65,0.9692765405715101,0.23374037444591522
130000,train,7,55,0.9698216431929403,0.2353844791650772
130000,train,8,62,0.9751872762101106,0.23523786664009094
130000,train,9,63,0.9781261571119768,0.22919166088104248
130000,train,10,56,0.9683443977737202,0.23382894694805145
130000,train,11,70,0.9677642745492685,0.24415166676044464
130000,train,12,66,0.9776969195794522,0.2289813607931137
130000,train,13,68,0.9707455701576202,0.2340897172689438
130000,train,14,69,0.9652729245661085,0.2546096444129944
130000,train,16,74,0.9674958616780132,0.24163055419921875
130000,train,17,73,0.9711919437379956,0.24032062292099
130000,train,18,60,0.9736826799847084,0.230593740940094
130000,train,19,69,0.9742010935142894,0.22844262421131134
130000,train,20,58,0.9738508709997563,0.2387370467185974
130000,train,21,75,0.966954235385259,0.23940198123455048
130000,train,22,61,0.9615952037381859,0.24670296907424927
130000,train,23,57,0.9765865267430006,0.2254548817873001
130000,train,24,54,0.980281446659801,0.22635415196418762
130000,train,25,69,0.9741936361963524,0.2306625247001648
130000,train,26,61,0.9709083091321424,0.23972748219966888
130000,train,28,58,0.9690022250498862,0.23655208945274353
130000,train,29,55,0.9734493651767564,0.2335701733827591
130000,train,30,69,0.9662219806070721,0.24398137629032135
130000,train,31,72,0.9725552267846335,0.23728328943252563
130000,train,32,56,0.9705348618441819,0.23697130382061005
130000,train,33,65,0.9762719670780656,0.22756940126419067
130000,train,34,64,0.9682751042920169,0.24059218168258667
130000,train,35,67,0.9702427587314632,0.23746174573898315
130000,train,36,66,0.9689356332939802,0.2421991527080536
130000,train,37,70,0.9736612715454861,0.2305619865655899
130000,train,39,58,0.9709138833648446,0.24104388058185577
130000,train,40,58,0.9620156908920312,0.251412957906723
130000,train,41,65,0.9681386070111215,0.24133822321891785
130000,train,42,61,0.952002128915847,0.25916969776153564
130000,train,43,74,0.9631925217850354,0.24966342747211456
130000,train,44,68,0.9525985335150958,0.26051566004753113
130000,train,45,60,0.9619147760469712,0.25199800729751587
130000,train,46,61,0.9708631672307694,0.23439271748065948
130000,train,47,71,0.9765878094259028,0.23151153326034546
130000,train,48,58,0.9758940343451988,0.23402856290340424
130000,train,49,54,0.9797936974412349,0.22148285806179047
130000,train,50,76,0.9729040979438488,0.23362420499324799
130000,train,mean,3000,0.9715793171476462,0.23624825477600098
130000,held_interior,15,974,0.9550131796304873,0.2618376910686493
130000,held_interior,27,1061,0.9671341981308331,0.2425963133573532
130000,held_interior,38,965,0.9670430328345964,0.24423116445541382
130000,held_interior,mean,3000,0.9630634701986388,0.24936921894550323
130000,held_high,52,986,0.9026129259678873,0.3399403691291809
130000,held_high,55,1002,0.7710407453216365,0.5260709524154663
130000,held_high,58,1012,0.6441707367206191,0.6960887908935547
130000,held_high,mean,3000,0.772608136003381,0.5222486853599548
140000,train,1,63,0.9930212052058717,0.20294134318828583
140000,train,2,61,0.9950568337591816,0.19209200143814087
140000,train,3,62,0.9805522171350458,0.22622966766357422
140000,train,4,60,0.9744277475021599,0.23670248687267303
140000,train,5,63,0.9765196990348095,0.23174068331718445
140000,train,6,65,0.9734885020120445,0.22784379124641418
140000,train,7,55,0.9712392138666983,0.23113396763801575
140000,train,8,62,0.9762697781351447,0.23274904489517212
140000,train,9,63,0.9781699838617552,0.23006336390972137
140000,train,10,56,0.9714572469517005,0.23002669215202332
140000,train,11,70,0.968594447866571,0.2435457557439804
140000,train,12,66,0.9784277451140848,0.22769685089588165
140000,train,13,68,0.9678111507285981,0.23847784101963043
140000,train,14,69,0.9629693395872323,0.25523319840431213
140000,train,16,74,0.9630632398464315,0.24617576599121094
140000,train,17,73,0.9677907269268308,0.2451227456331253
140000,train,18,60,0.9668487217582992,0.23912344872951508
140000,train,19,69,0.9736252228113478,0.2286754697561264
140000,train,20,58,0.9701964902221724,0.2437995970249176
140000,train,21,75,0.9642583795751472,0.24493631720542908
140000,train,22,61,0.9568712494247823,0.256354421377182
140000,train,23,57,0.9744631371486905,0.22734010219573975
140000,train,24,54,0.9764275462492489,0.22993236780166626
140000,train,25,69,0.9720280798411264,0.23331423103809357
140000,train,26,61,0.9676450665148787,0.24616582691669464
140000,train,28,58,0.9685015018178303,0.2366434931755066
140000,train,29,55,0.9708437562617562,0.23661600053310394
140000,train,30,69,0.9658970843574585,0.2451600283384323
140000,train,31,72,0.9731873669999133,0.23573629558086395
140000,train,32,56,0.9690827474012578,0.23752090334892273
140000,train,33,65,0.974418116475996,0.232496976852417
140000,train,34,64,0.9683827231459189,0.23952631652355194
140000,train,35,67,0.9704904645441315,0.23861080408096313
140000,train,36,66,0.9692245599816162,0.2402161806821823
140000,train,37,70,0.9727454192595355,0.23059594631195068
140000,train,39,58,0.9708860505633544,0.2413806915283203
140000,train,40,58,0.9601785648012965,0.25568416714668274
140000,train,41,65,0.9654666865673368,0.24605882167816162
140000,train,42,61,0.9577675937761546,0.25221192836761475
140000,train,43,74,0.9672715910069986,0.24364149570465088
140000,train,44,68,0.9570668280497094,0.25387993454933167
140000,train,45,60,0.9661133587828555,0.24561545252799988
140000,train,46,61,0.9709370261312399,0.23397037386894226
140000,train,47,71,0.9779225652161261,0.22858254611492157
140000,train,48,58,0.980663433170818,0.22416843473911285
140000,train,49,54,0.9791417011438238,0.22114297747612
140000,train,50,76,0.9769757254066106,0.22358620166778564
140000,train,mean,3000,0.971369953956204,0.23615609109401703
140000,held_interior,15,974,0.9498781111796677,0.26958003640174866
140000,held_interior,27,1061,0.9637597687068049,0.24759575724601746
140000,held_interior,38,965,0.9656986055805535,0.2450806349515915
140000,held_interior,mean,3000,0.9597788284890086,0.25392431020736694
140000,held_high,52,986,0.9099389796866609,0.3302324414253235
140000,held_high,55,1002,0.7860656374270121,0.5094393491744995
140000,held_high,58,1012,0.6542460467601663,0.6900932192802429
140000,held_high,mean,3000,0.7834168879579465,0.5114805698394775
150000,train,1,63,0.9967330645817752,0.19891417026519775
150000,train,2,61,0.9900862516698278,0.20018312335014343
150000,train,3,62,0.9815870293183471,0.22443358600139618
150000,train,4,60,0.9738924369629026,0.23976974189281464
150000,train,5,63,0.976043835304536,0.23164314031600952
150000,train,6,65,0.9694158033799645,0.23273269832134247
150000,train,7,55,0.9708969376028517,0.2322750836610794
150000,train,8,62,0.9746932496074749,0.23455089330673218
150000,train,9,63,0.9740719673904656,0.2376885861158371
150000,train,10,56,0.9676497472156251,0.23777823150157928
150000,train,11,70,0.9650210337366224,0.2482358068227768
150000,train,12,66,0.976126473451015,0.23111481964588165
150000,train,13,68,0.9628076336269372,0.24409016966819763
150000,train,14,69,0.9596348312799526,0.26051539182662964
150000,train,16,74,0.9607069595717277,0.24977761507034302
150000,train,17,73,0.9678627319575139,0.24657335877418518
150000,train,18,60,0.9682559815224056,0.23617185652256012
150000,train,19,69,0.9696500407062725,0.2375156283378601
150000,train,20,58,0.9711620071851662,0.24360503256320953
150000,train,21,75,0.9636896325783344,0.24474436044692993
150000,train,22,61,0.9587206365157233,0.2531440854072571
150000,train,23,57,0.972517794327265,0.23076175153255463
150000,train,24,54,0.9759617986622585,0.232012540102005
150000,train,25,69,0.9730528451616379,0.2311617136001587
150000,train,26,61,0.970518863226606,0.23918133974075317
150000,train,28,58,0.9700646464051639,0.23324759304523468
150000,train,29,55,0.9711539265177169,0.23493993282318115
150000,train,30,69,0.967182709276593,0.24341541528701782
150000,train,31,72,0.9736824586176758,0.23626631498336792
150000,train,32,56,0.9710916302528309,0.23591996729373932
150000,train,33,65,0.9781317781274484,0.2248319536447525
150000,train,34,64,0.9649271641667024,0.24547606706619263
150000,train,35,67,0.9708527903029083,0.23772166669368744
150000,train,36,66,0.9700211019443935,0.24001483619213104
150000,train,37,70,0.9719225986995308,0.2313975691795349
150000,train,39,58,0.9706111780151813,0.2429436445236206
150000,train,40,58,0.9624283245845079,0.2513018846511841
150000,train,41,65,0.9666054948364016,0.2449030876159668
150000,train,42,61,0.9545994322930339,0.25836893916130066
150000,train,43,74,0.9648987938056915,0.24866175651550293
150000,train,44,68,0.9572169049636822,0.2521354556083679
150000,train,45,60,0.9665362798560021,0.24444827437400818
150000,train,46,61,0.9708431779658167,0.23550483584403992
150000,train,47,71,0.977172799197947,0.23079533874988556
150000,train,48,58,0.977287383266675,0.23127393424510956
150000,train,49,54,0.9789168784595599,0.22419214248657227
150000,train,50,76,0.9736043841711148,0.23018968105316162
150000,train,mean,3000,0.9706491791972295,0.23761731386184692
150000,held_interior,15,974,0.946471263075982,0.27469804883003235
150000,held_interior,27,1061,0.9648333641544224,0.24587957561016083
150000,held_interior,38,965,0.9655944759612182,0.24548324942588806
150000,held_interior,mean,3000,0.9589663677305409,0.255108505487442
150000,held_high,52,986,0.9004922551689255,0.3424842655658722
150000,held_high,55,1002,0.7626825667065561,0.5376790165901184
150000,held_high,58,1012,0.6281846695983017,0.7183982729911804
150000,held_high,mean,3000,0.7637864971579278,0.5344876050949097
160000,train,1,63,0.9971572748259047,0.19678084552288055
160000,train,2,61,0.9867925966598317,0.20514605939388275
160000,train,3,62,0.9859632155043245,0.21654929220676422
160000,train,4,60,0.9771034581537072,0.23242135345935822
160000,train,5,63,0.9777244917252358,0.22906477749347687
160000,train,6,65,0.9683621021310286,0.234491765499115
160000,train,7,55,0.9699742179946509,0.23301464319229126
160000,train,8,62,0.9711201272530697,0.2396816611289978
160000,train,9,63,0.9752838683801579,0.23404279351234436
160000,train,10,56,0.9668097881624562,0.23742535710334778
160000,train,11,70,0.9632765071426471,0.250459760427475
160000,train,12,66,0.9762303761047053,0.2302847057580948
160000,train,13,68,0.9668443715038372,0.23798196017742157
160000,train,14,69,0.9598048328090543,0.2614403963088989
160000,train,16,74,0.9621411250516673,0.2478862702846527
160000,train,17,73,0.9700977589691565,0.24022355675697327
160000,train,18,60,0.9694255363219261,0.23451155424118042
160000,train,19,69,0.9706320935414106,0.23464545607566833
160000,train,20,58,0.970446130074646,0.24442817270755768
160000,train,21,75,0.9617958927786886,0.24710087478160858
160000,train,22,61,0.9573924214515196,0.2538301348686218
160000,train,23,57,0.974844357868036,0.22958587110042572
160000,train,24,54,0.9774674549712404,0.22936181724071503
160000,train,25,69,0.9717818167507323,0.23419147729873657
160000,train,26,61,0.9701468998436739,0.23964658379554749
160000,train,28,58,0.9681654534236186,0.23805224895477295
160000,train,29,55,0.969704171369974,0.23813775181770325
160000,train,30,69,0.9669896205820704,0.24414336681365967
160000,train,31,72,0.9745522843685879,0.23214758932590485
160000,train,32,56,0.9689524038850218,0.23829643428325653
160000,train,33,65,0.9740397806650032,0.23044395446777344
160000,train,34,64,0.9644706972471548,0.24568234384059906
160000,train,35,67,0.9674591901817005,0.24421384930610657
160000,train,36,66,0.9703670289855509,0.23781359195709229
160000,train,37,70,0.9734129140080248,0.22954921424388885
160000,train,39,58,0.970024759155279,0.24172191321849823
160000,train,40,58,0.9637088346267895,0.25363484025001526
160000,train,41,65,0.9721815763157045,0.2335110902786255
160000,train,42,61,0.9629930914676094,0.2457444816827774
160000,train,43,74,0.9711849015252015,0.23725266754627228
160000,train,44,68,0.9649279563942406,0.24282188713550568
160000,train,45,60,0.9742415377257017,0.2318604588508606
160000,train,46,61,0.9734485964670392,0.23039624094963074
160000,train,47,71,0.9815573304231544,0.2224617451429367
160000,train,48,58,0.9778158217695608,0.23181800544261932
160000,train,49,54,0.9794501783557437,0.22240112721920013
160000,train,50,76,0.9716852364018743,0.23323822021484375
160000,train,mean,3000,0.9714883421557002,0.23591913282871246
160000,held_interior,15,974,0.9486793145498293,0.27115365862846375
160000,held_interior,27,1061,0.9645690330941217,0.24593667685985565
160000,held_interior,38,965,0.9692076387903421,0.24002720415592194
160000,held_interior,mean,3000,0.9608186621447644,0.2522228956222534
160000,held_high,52,986,0.9053618473190206,0.33567410707473755
160000,held_high,55,1002,0.7805357033074993,0.51516193151474
160000,held_high,58,1012,0.6555161480659863,0.6812318563461304
160000,held_high,mean,3000,0.7804712328975021,0.5121911764144897
170000,train,1,63,0.9972710726870333,0.1974790245294571
170000,train,2,61,0.9936037739950768,0.19511567056179047
170000,train,3,62,0.9868839214506885,0.2136303186416626
170000,train,4,60,0.9792866928488889,0.22963477671146393
170000,train,5,63,0.9799481380687961,0.22558405995368958
170000,train,6,65,0.9719783632098501,0.23034138977527618
170000,train,7,55,0.971021989966934,0.23301364481449127
170000,train,8,62,0.9747029911669907,0.2365504801273346
170000,train,9,63,0.9766756730460744,0.2327711582183838
170000,train,10,56,0.9705557726981928,0.23246632516384125
170000,train,11,70,0.9685427019956012,0.24321730434894562
170000,train,12,66,0.9798401000649795,0.22470633685588837
170000,train,13,68,0.9711318455523085,0.23363175988197327
170000,train,14,69,0.965037168244759,0.25182387232780457
170000,train,16,74,0.9660598432173498,0.2418452799320221
170000,train,17,73,0.9719048097105394,0.2386612594127655
170000,train,18,60,0.9729153711234492,0.23011602461338043
170000,train,19,69,0.9734606869695049,0.22918787598609924
170000,train,20,58,0.973028943446355,0.24145843088626862
170000,train,21,75,0.9638030526877583,0.2455773651599884
170000,train,22,61,0.9607995347525149,0.24713382124900818
170000,train,23,57,0.9773835812525491,0.22317643463611603
170000,train,24,54,0.9808764573078,0.22427202761173248
170000,train,25,69,0.9776004443555654,0.222706601023674
170000,train,26,61,0.9756100862632069,0.23050545156002045
170000,train,28,58,0.9728789216237007,0.22924238443374634
170000,train,29,55,0.9725439567576033,0.2338249385356903
170000,train,30,69,0.9720071270504871,0.2351348102092743
170000,train,31,72,0.9767772979507909,0.23138053715229034
170000,train,32,56,0.9731459338110583,0.23347756266593933
170000,train,33,65,0.9793898923941955,0.22194167971611023
170000,train,34,64,0.9674239422751635,0.24016913771629333
170000,train,35,67,0.9720638840451868,0.2360270768404007
170000,train,36,66,0.9718566652967673,0.2375936061143875
170000,train,37,70,0.9736512473404472,0.22919772565364838
170000,train,39,58,0.9712159076539092,0.2412038892507553
170000,train,40,58,0.9584702680834556,0.25606101751327515
170000,train,41,65,0.9670176496862243,0.24168454110622406
170000,train,42,61,0.9588807680554705,0.24952799081802368
170000,train,43,74,0.965730972487942,0.24661318957805634
170000,train,44,68,0.963675917880037,0.24327802658081055
170000,train,45,60,0.969869720426654,0.23718656599521637
170000,train,46,61,0.9778392377088472,0.22425073385238647
170000,train,47,71,0.9828562116169105,0.22317230701446533
170000,train,48,58,0.9809137214192372,0.22561021149158478
170000,train,49,54,0.9791831648225058,0.22287771105766296
170000,train,50,76,0.9762014933437656,0.22555579245090485
170000,train,mean,3000,0.973691849315173,0.23252151906490326
170000,held_interior,15,974,0.9547714213062758,0.26191404461860657
170000,held_interior,27,1061,0.9700206483229693,0.23797406256198883
170000,held_interior,38,965,0.9679597808049265,0.24201907217502594
170000,held_interior,mean,3000,0.9642506168113906,0.24704770743846893
170000,held_high,52,986,0.9063390240801975,0.334388792514801
170000,held_high,55,1002,0.7713809185218072,0.528165340423584
170000,held_high,58,1012,0.6606155379425882,0.6776179075241089
170000,held_high,mean,3000,0.779445160181531,0.5148927569389343
180000,train,1,63,0.9985524586972434,0.19421495497226715
180000,train,2,61,0.9888479752850804,0.20470905303955078
180000,train,3,62,0.9795630167827605,0.2282271683216095
180000,train,4,60,0.9734908496373008,0.24024136364459991
180000,train,5,63,0.9766437787312701,0.23167386651039124
180000,train,6,65,0.9728259739227235,0.22768165171146393
180000,train,7,55,0.9749396487567127,0.22386540472507477
180000,train,8,62,0.9760633037978051,0.23373882472515106
180000,train,9,63,0.9791616756725522,0.22664082050323486
180000,train,10,56,0.9702072820372643,0.23135879635810852
180000,train,11,70,0.9652479506093204,0.2481337934732437
180000,train,12,66,0.9752923937339458,0.23150905966758728
180000,train,13,68,0.9699314176711674,0.23402737081050873
180000,train,14,69,0.9633626697234319,0.25229135155677795
180000,train,16,74,0.9674291080276226,0.2409319430589676
180000,train,17,73,0.9711805023016618,0.2397269457578659
180000,train,18,60,0.9729756537398402,0.22984245419502258
180000,train,19,69,0.9743300768214984,0.22813580930233002
180000,train,20,58,0.9749438412432181,0.23671390116214752
180000,train,21,75,0.9675405778525603,0.23880699276924133
180000,train,22,61,0.9642049046672628,0.24417446553707123
180000,train,23,57,0.9792641530880961,0.22116369009017944
180000,train,24,54,0.9790366136432146,0.22474120557308197
180000,train,25,69,0.9761476780476463,0.22488611936569214
180000,train,26,61,0.9739995763070445,0.2347438484430313
180000,train,28,58,0.9746794162632769,0.22868205606937408
180000,train,29,55,0.9722344260141541,0.23279409110546112
180000,train,30,69,0.9678186831569564,0.2416231781244278
180000,train,31,72,0.9753549898190103,0.2310384064912796
180000,train,32,56,0.9754742178969054,0.22807015478610992
180000,train,33,65,0.9770665657865014,0.2244311422109604
180000,train,34,64,0.9718139726869369,0.23275567591190338
180000,train,35,67,0.9720977635734629,0.23522663116455078
180000,train,36,66,0.9723186321374404,0.23646193742752075
180000,train,37,70,0.9749265572311,0.22625994682312012
180000,train,39,58,0.9723999187357387,0.241676926612854
180000,train,40,58,0.9623463616010063,0.2501659691333771
180000,train,41,65,0.9689437371898308,0.23857927322387695
180000,train,42,61,0.9546738664740573,0.25432661175727844
180000,train,43,74,0.9672944433651661,0.24465741217136383
180000,train,44,68,0.9546520393823889,0.25741109251976013
180000,train,45,60,0.961112612772772,0.25258904695510864
180000,train,46,61,0.9725339386034936,0.2313520461320877
180000,train,47,71,0.9790647837028742,0.22594131529331207
180000,train,48,58,0.9768225173937832,0.22930097579956055
180000,train,49,54,0.9784379666562051,0.22416582703590393
180000,train,50,76,0.97554919125514,0.22600655257701874
180000,train,mean,3000,0.9728255251594988,0.2335163801908493
180000,held_interior,15,974,0.954372386661322,0.261761337518692
180000,held_interior,27,1061,0.9701033197897767,0.23710720241069794
180000,held_interior,38,965,0.9690346035336193,0.23984719812870026
180000,held_interior,mean,3000,0.9645034366615727,0.24599294364452362
180000,held_high,52,986,0.9168825085319698,0.31885531544685364
180000,held_high,55,1002,0.787963563217887,0.507482647895813
180000,held_high,58,1012,0.657555525310048,0.6876799464225769
180000,held_high,mean,3000,0.7874671990199683,0.506273627281189
190000,train,1,63,0.9983711450006788,0.19603939354419708
190000,train,2,61,0.9911891216616883,0.19720302522182465
190000,train,3,62,0.986110488771611,0.2170472890138626
190000,train,4,60,0.9788068798600542,0.2304971069097519
190000,train,5,63,0.9805550026938565,0.22490984201431274
190000,train,6,65,0.97403041178573,0.22719372808933258
190000,train,7,55,0.9751551969719329,0.22514109313488007
190000,train,8,62,0.9755688324782201,0.2347220480442047
190000,train,9,63,0.9766414621872537,0.23221001029014587
190000,train,10,56,0.9678698770077899,0.23456940054893494
190000,train,11,70,0.9673124116123923,0.24613647162914276
190000,train,12,66,0.9782068449867,0.22813105583190918
190000,train,13,68,0.9733671788893894,0.22910583019256592
190000,train,14,69,0.9674572235228426,0.24686232209205627
190000,train,16,74,0.971067991044899,0.23650936782360077
190000,train,17,73,0.9740538425305343,0.23473618924617767
190000,train,18,60,0.9745524271020362,0.22761914134025574
190000,train,19,69,0.9748604604798716,0.22659777104854584
190000,train,20,58,0.9749078537805665,0.23638950288295746
190000,train,21,75,0.9691123921065428,0.23575681447982788
190000,train,22,61,0.9600837286207242,0.2514069080352783
190000,train,23,57,0.9748441352172821,0.22838900983333588
190000,train,24,54,0.9791893137608708,0.22589951753616333
190000,train,25,69,0.9748582215411794,0.2266380339860916
190000,train,26,61,0.9728435406665684,0.2365749478340149
190000,train,28,58,0.9737803973500754,0.22915644943714142
190000,train,29,55,0.9742984317647568,0.23206667602062225
190000,train,30,69,0.967363185951962,0.2431834191083908
190000,train,31,72,0.9728625052342833,0.23598459362983704
190000,train,32,56,0.9693768598670794,0.23787185549736023
190000,train,33,65,0.9771573111785002,0.22499389946460724
190000,train,34,64,0.967677504388445,0.24309273064136505
190000,train,35,67,0.9683238190101069,0.2422148883342743
190000,train,36,66,0.9699934215771657,0.24082468450069427
190000,train,37,70,0.9742291297519717,0.22827325761318207
190000,train,39,58,0.9729950829251053,0.23988544940948486
190000,train,40,58,0.961513189782637,0.2520230710506439
190000,train,41,65,0.969157031942915,0.23705922067165375
190000,train,42,61,0.9589028294738846,0.2520330250263214
190000,train,43,74,0.9644437959966595,0.24803321063518524
190000,train,44,68,0.9531545107332882,0.2610766887664795
190000,train,45,60,0.9625408994982504,0.2524823844432831
190000,train,46,61,0.9699807939082826,0.23412157595157623
190000,train,47,71,0.9793409799544328,0.2269143909215927
190000,train,48,58,0.9768439738273818,0.23001189529895782
190000,train,49,54,0.9792551454790521,0.22317373752593994
190000,train,50,76,0.9761374577194057,0.2259937822818756
190000,train,mean,3000,0.97298604769355,0.23370255529880524
190000,held_interior,15,974,0.9559716051452707,0.26034659147262573
190000,held_interior,27,1061,0.9687057676382308,0.2395775020122528
190000,held_interior,38,965,0.9691254801533757,0.2403428852558136
190000,held_interior,mean,3000,0.964600950978959,0.24656671285629272
190000,held_high,52,986,0.9174942798694112,0.31773215532302856
190000,held_high,55,1002,0.7889409717690055,0.5017251968383789
190000,held_high,58,1012,0.6773967980617379,0.6539842486381531
190000,held_high,mean,3000,0.7946106832333849,0.49261486530303955
200000,train,1,63,0.9933184942811202,0.2057454138994217
200000,train,2,61,0.9922340116051984,0.1972663253545761
200000,train,3,62,0.9890801138112062,0.21130648255348206
200000,train,4,60,0.9793125345323299,0.2297751009464264
200000,train,5,63,0.9819731799008217,0.22219884395599365
200000,train,6,65,0.9765063325753837,0.22203274071216583
200000,train,7,55,0.9763307047508528,0.22141097486019135
200000,train,8,62,0.9772535958727878,0.22995567321777344
200000,train,9,63,0.9786347896131455,0.22874599695205688
200000,train,10,56,0.9690150900282547,0.2316143959760666
200000,train,11,70,0.9661915069918928,0.2458774894475937
200000,train,12,66,0.9776660466031482,0.22862406075000763
200000,train,13,68,0.9668469236420032,0.23839899897575378
200000,train,14,69,0.9627362165823189,0.2565440237522125
200000,train,16,74,0.9658241492897712,0.2422071397304535
200000,train,17,73,0.9728858146599659,0.23734150826931
200000,train,18,60,0.9720341513031945,0.23109070956707
200000,train,19,69,0.9745403740115641,0.22813893854618073
200000,train,20,58,0.9767736302366483,0.23369841277599335
200000,train,21,75,0.96491650289243,0.24179692566394806
200000,train,22,61,0.9612921491718214,0.2472323775291443
200000,train,23,57,0.9788663980995252,0.2218111753463745
200000,train,24,54,0.9776107997580974,0.22810997068881989
200000,train,25,69,0.9747281348031488,0.22848154604434967
200000,train,26,61,0.9689424472336402,0.2427779585123062
200000,train,28,58,0.9691682046178419,0.23748822510242462
200000,train,29,55,0.971704949046423,0.2342165857553482
200000,train,30,69,0.9711031012057694,0.23531648516654968
200000,train,31,72,0.9737843835778527,0.23474155366420746
200000,train,32,56,0.9724792614457419,0.23231229186058044
200000,train,33,65,0.9784142386611159,0.22382581233978271
200000,train,34,64,0.969698827657858,0.23770573735237122
200000,train,35,67,0.9731021619543169,0.23307247459888458
200000,train,36,66,0.9708551600382483,0.2395744025707245
200000,train,37,70,0.9738714580160182,0.22922717034816742
200000,train,39,58,0.9721599181672047,0.23957064747810364
200000,train,40,58,0.958626104539403,0.25630125403404236
200000,train,41,65,0.9658988376225348,0.24486948549747467
200000,train,42,61,0.9561159346177479,0.25169405341148376
200000,train,43,74,0.9672026300110139,0.24343451857566833
200000,train,44,68,0.9536197419331586,0.2593834400177002
200000,train,45,60,0.9654948994934918,0.2448446899652481
200000,train,46,61,0.9729347445913453,0.23016084730625153
200000,train,47,71,0.9791686858876765,0.22728106379508972
200000,train,48,58,0.9796548476056888,0.22588740289211273
200000,train,49,54,0.9810801086740132,0.21880215406417847
200000,train,50,76,0.9746300587483276,0.22874651849269867
200000,train,mean,3000,0.9728996244758099,0.2334655374288559
200000,held_interior,15,974,0.953656119887091,0.2635266184806824
200000,held_interior,27,1061,0.9658973366854114,0.2446058988571167
200000,held_interior,38,965,0.967942517811243,0.2417890578508377
200000,held_interior,mean,3000,0.9624986581279152,0.24984274804592133
200000,held_high,52,986,0.9004901766679055,0.3433901369571686
200000,held_high,55,1002,0.7493172971722577,0.5612626671791077
200000,held_high,58,1012,0.6239161123656835,0.7330914735794067
200000,held_high,mean,3000,0.7579078620686155,0.5476187467575073
210000,train,1,63,0.99631882320289,0.20016345381736755
210000,train,2,61,0.9861873433944859,0.20617125928401947
210000,train,3,62,0.9889767606635761,0.21137607097625732
210000,train,4,60,0.980395888192927,0.2282264679670334
210000,train,5,63,0.979259930767604,0.22663624584674835
210000,train,6,65,0.9732911756159601,0.22675730288028717
210000,train,7,55,0.973550821859931,0.22520527243614197
210000,train,8,62,0.9763797225192536,0.23267598450183868
210000,train,9,63,0.9778433016907192,0.2306702882051468
210000,train,10,56,0.970792376749853,0.23090001940727234
210000,train,11,70,0.9707473764926564,0.23888449370861053
210000,train,12,66,0.9802191642204015,0.22569873929023743
210000,train,13,68,0.9733101670886803,0.2287561148405075
210000,train,14,69,0.9697256811575908,0.2442663162946701
210000,train,16,74,0.9697641790340948,0.23646873235702515
210000,train,17,73,0.9750406758332655,0.23250415921211243
210000,train,18,60,0.976651500060331,0.22445417940616608
210000,train,19,69,0.9754191696989526,0.2275337278842926
210000,train,20,58,0.9750267552992534,0.23432472348213196
210000,train,21,75,0.968140313302628,0.23820394277572632
210000,train,22,61,0.9607281649330607,0.24903137981891632
210000,train,23,57,0.9773785463710528,0.22264015674591064
210000,train,24,54,0.9762149330413514,0.23255659639835358
210000,train,25,69,0.9748454917370766,0.22753660380840302
210000,train,26,61,0.9739460610415756,0.23502424359321594
210000,train,28,58,0.9743915769695308,0.22755317389965057
210000,train,29,55,0.9698044836254963,0.23548583686351776
210000,train,30,69,0.9719496516490833,0.2358514815568924
210000,train,31,72,0.9740689994355725,0.2347279191017151
210000,train,32,56,0.9727334632777024,0.23306575417518616
210000,train,33,65,0.9782895027276466,0.22289006412029266
210000,train,34,64,0.9690565108659047,0.23903219401836395
210000,train,35,67,0.9728319748482035,0.2335837036371231
210000,train,36,66,0.9694413494863011,0.2416374236345291
210000,train,37,70,0.9700175705537238,0.23480290174484253
210000,train,39,58,0.9694875993094396,0.24524305760860443
210000,train,40,58,0.953732049960945,0.262813538312912
210000,train,41,65,0.9643156150274029,0.24664714932441711
210000,train,42,61,0.9508187205581744,0.26162636280059814
210000,train,43,74,0.96323301430403,0.25050702691078186
210000,train,44,68,0.9509489145786051,0.26325303316116333
210000,train,45,60,0.965558326275805,0.2449699193239212
210000,train,46,61,0.9712274147670577,0.23469328880310059
210000,train,47,71,0.9753650185703772,0.23227059841156006
210000,train,48,58,0.9760396092060366,0.23101778328418732
210000,train,49,54,0.9740327146173446,0.2317652553319931
210000,train,50,76,0.9752026388753595,0.22618645429611206
210000,train,mean,3000,0.9726106604991257,0.23385989665985107
210000,held_interior,15,974,0.9591576607059038,0.25546565651893616
210000,held_interior,27,1061,0.9683183597170751,0.2402687519788742
210000,held_interior,38,965,0.9665306914988779,0.24437271058559418
210000,held_interior,mean,3000,0.9646689039739522,0.24652281403541565
210000,held_high,52,986,0.9050264397947971,0.33726319670677185
210000,held_high,55,1002,0.7761482875010889,0.5268115401268005
210000,held_high,58,1012,0.6654421578799324,0.6802594661712646
210000,held_high,mean,3000,0.7822056283919395,0.5162764191627502
220000,train,1,63,0.9971220424179716,0.19938889145851135
220000,train,2,61,0.9917793946699156,0.1967293918132782
220000,train,3,62,0.9911056801762002,0.2063465267419815
220000,train,4,60,0.9784036466443853,0.23008456826210022
220000,train,5,63,0.9813526517272184,0.22233088314533234
220000,train,6,65,0.975040408682994,0.22524003684520721
220000,train,7,55,0.9775003898669659,0.22095899283885956
220000,train,8,62,0.975537580236995,0.2338593453168869
220000,train,9,63,0.9762932725885657,0.23153874278068542
220000,train,10,56,0.9679935483784421,0.23413775861263275
220000,train,11,70,0.9677476450389783,0.24418002367019653
220000,train,12,66,0.978371744252379,0.2275872528553009
220000,train,13,68,0.9702870595187965,0.23501305282115936
220000,train,14,69,0.9675369094182297,0.2477336823940277
220000,train,16,74,0.968992261045905,0.23714500665664673
220000,train,17,73,0.974403876242253,0.23319654166698456
220000,train,18,60,0.9729794456542681,0.23111584782600403
220000,train,19,69,0.9755750080138521,0.22713473439216614
220000,train,20,58,0.9741905619258326,0.23626521229743958
220000,train,21,75,0.9692891474127411,0.23547714948654175
220000,train,22,61,0.9659664610668771,0.24196992814540863
220000,train,23,57,0.9755554151658512,0.2239692360162735
220000,train,24,54,0.9799238772964692,0.22529345750808716
220000,train,25,69,0.9754764023234854,0.22493204474449158
220000,train,26,61,0.9716277563627426,0.24006341397762299
220000,train,28,58,0.9724507013367706,0.23325370252132416
220000,train,29,55,0.9734382431554657,0.22910961508750916
220000,train,30,69,0.967719196354197,0.2418990135192871
220000,train,31,72,0.9750092646719235,0.23259462416172028
220000,train,32,56,0.9724556435807686,0.23271821439266205
220000,train,33,65,0.9769601387506688,0.22525618970394135
220000,train,34,64,0.9666704937775865,0.24332207441329956
220000,train,35,67,0.9690172589638837,0.24072951078414917
220000,train,36,66,0.968889400559185,0.24169211089611053
220000,train,37,70,0.9729046732884549,0.23117651045322418
220000,train,39,58,0.9738404398176067,0.23600144684314728
220000,train,40,58,0.9608579221628238,0.2551672160625458
220000,train,41,65,0.9660962187670947,0.24476514756679535
220000,train,42,61,0.9601690911128172,0.24976065754890442
220000,train,43,74,0.9638628575061488,0.25000494718551636
220000,train,44,68,0.9576406496045216,0.25256234407424927
220000,train,45,60,0.9626199300315764,0.24775485694408417
220000,train,46,61,0.970258451199195,0.23459486663341522
220000,train,47,71,0.9791616439958561,0.22617565095424652
220000,train,48,58,0.9760426921756303,0.23237228393554688
220000,train,49,54,0.9800238803769417,0.22026149928569794
220000,train,50,76,0.9752211290256821,0.2267008125782013
220000,train,mean,3000,0.973220470347726,0.23296597599983215
220000,held_interior,15,974,0.957465276996739,0.25775301456451416
220000,held_interior,27,1061,0.9688167277068238,0.2393481284379959
220000,held_interior,38,965,0.9674360528860235,0.24226564168930054
220000,held_interior,mean,3000,0.9645726858631954,0.24626204371452332
220000,held_high,52,986,0.9066582372180977,0.33381208777427673
220000,held_high,55,1002,0.7833257026205461,0.5166943073272705
220000,held_high,58,1012,0.6700552790681427,0.6742877960205078
220000,held_high,mean,3000,0.7866797396355955,0.5097485184669495
230000,train,1,63,0.9908288506909073,0.21590030193328857
230000,train,2,61,0.9923959461098272,0.19792398810386658
230000,train,3,62,0.9851798366162069,0.2165815532207489
230000,train,4,60,0.9815225926704595,0.22581163048744202
230000,train,5,63,0.9832169376749573,0.21954427659511566
230000,train,6,65,0.9777107160637275,0.22036133706569672
230000,train,7,55,0.9772933259657384,0.21892079710960388
230000,train,8,62,0.9787244051336753,0.22768767178058624
230000,train,9,63,0.9781696711214205,0.22866564989089966
230000,train,10,56,0.9708220211243499,0.22989363968372345
230000,train,11,70,0.9701233547873256,0.24171112477779388
230000,train,12,66,0.979962614048402,0.2248152792453766
230000,train,13,68,0.9729505584144049,0.230240598320961
230000,train,14,69,0.9701211170897861,0.24337293207645416
230000,train,16,74,0.9728896875976888,0.23271091282367706
230000,train,17,73,0.9757813754214235,0.23160986602306366
230000,train,18,60,0.9768344930185365,0.22398972511291504
230000,train,19,69,0.9768954377225121,0.22371019423007965
230000,train,20,58,0.9774073115938027,0.22982436418533325
230000,train,21,75,0.9684515467182488,0.23647643625736237
230000,train,22,61,0.9605205356358808,0.24753005802631378
230000,train,23,57,0.9759134785550684,0.2258390486240387
230000,train,24,54,0.9780552882546844,0.22823412716388702
230000,train,25,69,0.9731902160180134,0.22972039878368378
230000,train,26,61,0.9731680829399207,0.2366330325603485
230000,train,28,58,0.9739987595265597,0.23003122210502625
230000,train,29,55,0.9729811704305503,0.23245126008987427
230000,train,30,69,0.9718839146556941,0.23454657196998596
230000,train,31,72,0.9773808859409575,0.230227530002594
230000,train,32,56,0.9745329244571027,0.23014914989471436
230000,train,33,65,0.9792115443985724,0.22178615629673004
230000,train,34,64,0.9715309130822374,0.2355552464723587
230000,train,35,67,0.974047961329887,0.23218801617622375
230000,train,36,66,0.9748037980145935,0.2314329445362091
230000,train,37,70,0.9759514266252309,0.22494225203990936
230000,train,39,58,0.9721058096702884,0.241117924451828
230000,train,40,58,0.9629815828524284,0.25298601388931274
230000,train,41,65,0.9703313998577736,0.23716625571250916
230000,train,42,61,0.9583791387921021,0.2509816288948059
230000,train,43,74,0.9677245539031726,0.24189981818199158
230000,train,44,68,0.9560714454166784,0.25528019666671753
230000,train,45,60,0.9645541459135732,0.24659021198749542
230000,train,46,61,0.971089814293818,0.23522187769412994
230000,train,47,71,0.9805141482543747,0.22453360259532928
230000,train,48,58,0.9788194841679915,0.22684982419013977
230000,train,49,54,0.9800211885226524,0.2213144153356552
230000,train,50,76,0.9772554388533495,0.22377383708953857
230000,train,mean,3000,0.9745595925520544,0.23092997074127197
230000,held_interior,15,974,0.9597527138090016,0.254210889339447
230000,held_interior,27,1061,0.9680251619935648,0.24142614006996155
230000,held_interior,38,965,0.9707758229359353,0.2370951920747757
230000,held_interior,mean,3000,0.9661845662461671,0.24418379366397858
230000,held_high,52,986,0.9111459863267896,0.32758674025535583
230000,held_high,55,1002,0.7576841413860941,0.5497555732727051
230000,held_high,58,1012,0.6295256638069675,0.7260022759437561
230000,held_high,mean,3000,0.7661185971732838,0.5361899733543396
240000,train,1,63,0.9979648873729808,0.19549398124217987
240000,train,2,61,0.9947511836303232,0.1932852566242218
240000,train,3,62,0.9897929645628716,0.20987722277641296
240000,train,4,60,0.9791252357881364,0.23104773461818695
240000,train,5,63,0.9810306348647417,0.22336474061012268
240000,train,6,65,0.9751739372003989,0.22581826150417328
240000,train,7,55,0.9763551844661525,0.22410520911216736
240000,train,8,62,0.977062470199691,0.22980837523937225
240000,train,9,63,0.9772602629856796,0.23223289847373962
240000,train,10,56,0.9708033808783163,0.23129674792289734
240000,train,11,70,0.9707865586634589,0.24011410772800446
240000,train,12,66,0.980953045674398,0.22442510724067688
240000,train,13,68,0.9736124268314335,0.23041710257530212
240000,train,14,69,0.9679205657196476,0.24657440185546875
240000,train,16,74,0.9699025234273009,0.23774513602256775
240000,train,17,73,0.9750194230479183,0.2333383411169052
240000,train,18,60,0.9757635233939576,0.2257627546787262
240000,train,19,69,0.9770795656282715,0.22307205200195312
240000,train,20,58,0.9755876190144942,0.2361363172531128
240000,train,21,75,0.971628949804248,0.23299667239189148
240000,train,22,61,0.9655726305456424,0.24506734311580658
240000,train,23,57,0.9787380865269859,0.22133947908878326
240000,train,24,54,0.9793535211134696,0.22571656107902527
240000,train,25,69,0.9750348089670282,0.22654327750205994
240000,train,26,61,0.9701891229705146,0.24107740819454193
240000,train,28,58,0.9752149948034343,0.2268029898405075
240000,train,29,55,0.9725564868660644,0.23223157227039337
240000,train,30,69,0.9708702169385135,0.23979900777339935
240000,train,31,72,0.9755041595491701,0.23322857916355133
240000,train,32,56,0.975969861702766,0.22787870466709137
240000,train,33,65,0.9780950324295475,0.22501777112483978
240000,train,34,64,0.9702194361053214,0.23781941831111908
240000,train,35,67,0.9729839076611645,0.23355604708194733
240000,train,36,66,0.9726333396587408,0.23502688109874725
240000,train,37,70,0.9749699644019815,0.22627457976341248
240000,train,39,58,0.9718039082940104,0.24199409782886505
240000,train,40,58,0.9603870576641752,0.2570067048072815
240000,train,41,65,0.9670965361333592,0.2405249923467636
240000,train,42,61,0.9618304384859315,0.248872309923172
240000,train,43,74,0.9716731801251801,0.23697888851165771
240000,train,44,68,0.959795977485332,0.25014546513557434
240000,train,45,60,0.9673009238401451,0.2415974885225296
240000,train,46,61,0.973339481111142,0.23112210631370544
240000,train,47,71,0.9825677306096946,0.22224098443984985
240000,train,48,58,0.9816074110473638,0.22272728383541107
240000,train,49,54,0.9816646459999308,0.2189345359802246
240000,train,50,76,0.9815472342070048,0.21840734779834747
240000,train,mean,3000,0.9750232859233623,0.23063582181930542
240000,held_interior,15,974,0.957429715080446,0.25813737511634827
240000,held_interior,27,1061,0.9685736119712893,0.2403344064950943
240000,held_interior,38,965,0.9693221111407048,0.2400149405002594
240000,held_interior,mean,3000,0.9651084793974801,0.2460116744041443
240000,held_high,52,986,0.9196772812622834,0.3163810968399048
240000,held_high,55,1002,0.7910374294343967,0.503411054611206
240000,held_high,58,1012,0.6672450736016948,0.6785699129104614
240000,held_high,mean,3000,0.7926532614327916,0.5010274052619934
250000,train,1,63,0.9970704309202898,0.19706861674785614
250000,train,2,61,0.9879432656335037,0.21100403368473053
250000,train,3,62,0.9842601964530937,0.21939992904663086
250000,train,4,60,0.9800203018306134,0.2280806601047516
250000,train,5,63,0.97993219949506,0.22671636939048767
250000,train,6,65,0.9733384241600134,0.22579267621040344
250000,train,7,55,0.9725654258416285,0.2267168164253235
250000,train,8,62,0.9737900810538254,0.2357044219970703
250000,train,9,63,0.9729903473920932,0.23839445412158966
250000,train,10,56,0.9679159300201748,0.23448412120342255
250000,train,11,70,0.9695340824195937,0.24078260362148285
250000,train,12,66,0.9793454941283353,0.2270229309797287
250000,train,13,68,0.971246245806503,0.23297592997550964
250000,train,14,69,0.9680648141923374,0.24741286039352417
250000,train,16,74,0.9694235956341491,0.23829300701618195
250000,train,17,73,0.9746348995087131,0.23330092430114746
250000,train,18,60,0.9753467797205803,0.22737807035446167
250000,train,19,69,0.9735413187394139,0.23033536970615387
250000,train,20,58,0.9744030644730715,0.23685508966445923
250000,train,21,75,0.9705512833482238,0.23353701829910278
250000,train,22,61,0.965661350992601,0.24208985269069672
250000,train,23,57,0.9801668562201724,0.21851880848407745
250000,train,24,54,0.9818242211427588,0.22305022180080414
250000,train,25,69,0.9766097376071058,0.22452358901500702
250000,train,26,61,0.973999977969193,0.23366455733776093
250000,train,28,58,0.9777111565989829,0.22204840183258057
250000,train,29,55,0.9767036354749012,0.22491782903671265
250000,train,30,69,0.9710594810422996,0.23628173768520355
250000,train,31,72,0.9761345761144786,0.23220433294773102
250000,train,32,56,0.9717194583271964,0.23588313162326813
250000,train,33,65,0.9789412547066544,0.22035625576972961
250000,train,34,64,0.972177073688958,0.23474520444869995
250000,train,35,67,0.9723955059539904,0.23352590203285217
250000,train,36,66,0.97392883092268,0.23021362721920013
250000,train,37,70,0.9752680900216778,0.2240472286939621
250000,train,39,58,0.9747544029155599,0.23541900515556335
250000,train,40,58,0.9621011769448057,0.2521038353443146
250000,train,41,65,0.9680451614594988,0.24033091962337494
250000,train,42,61,0.9639107505311111,0.24344336986541748
250000,train,43,74,0.9723227117989585,0.2372414916753769
250000,train,44,68,0.9615965579572039,0.2468644082546234
250000,train,45,60,0.966497469178235,0.24502916634082794
250000,train,46,61,0.9769279585993673,0.22457820177078247
250000,train,47,71,0.9813583770099622,0.22345051169395447
250000,train,48,58,0.9809138964067579,0.22426900267601013
250000,train,49,54,0.9815412863287775,0.2191028594970703
250000,train,50,76,0.9768772086276972,0.22441703081130981
250000,train,mean,3000,0.9746184328789959,0.23086287081241608
250000,held_interior,15,974,0.9546486665234252,0.2616402208805084
250000,held_interior,27,1061,0.9716353710297245,0.23526741564273834
250000,held_interior,38,965,0.9705717288421724,0.23761627078056335
250000,held_interior,mean,3000,0.9656185887984408,0.244585320353508
250000,held_high,52,986,0.9176265449937768,0.3177793025970459
250000,held_high,55,1002,0.7925780634872518,0.5004726648330688
250000,held_high,58,1012,0.6658826737583036,0.675779402256012
250000,held_high,mean,3000,0.7920290940797775,0.4995642602443695
260000,train,1,63,0.9977412192825271,0.19523674249649048
260000,train,2,61,0.9933447042634208,0.20035533607006073
260000,train,3,62,0.9824206954186662,0.22238700091838837
260000,train,4,60,0.9795099579377547,0.22930830717086792
260000,train,5,63,0.981741906841509,0.2231305092573166
260000,train,6,65,0.9777505130438106,0.22017405927181244
260000,train,7,55,0.9793517884064311,0.21408240497112274
260000,train,8,62,0.9775796918680374,0.2286766618490219
260000,train,9,63,0.9792404592207196,0.22639071941375732
260000,train,10,56,0.9705934004655451,0.230894073843956
260000,train,11,70,0.9719430209271858,0.23677615821361542
260000,train,12,66,0.979460997654553,0.22643102705478668
260000,train,13,68,0.9717382829445086,0.23192323744297028
260000,train,14,69,0.9719974751241957,0.2392043024301529
260000,train,16,74,0.96985918349853,0.23726053535938263
260000,train,17,73,0.9773105592263874,0.22913376986980438
260000,train,18,60,0.9735206237125308,0.23049718141555786
260000,train,19,69,0.9739112078064266,0.22769193351268768
260000,train,20,58,0.9747260375563215,0.23541805148124695
260000,train,21,75,0.9695677264064151,0.23470985889434814
260000,train,22,61,0.9661580018940086,0.2420009821653366
260000,train,23,57,0.976278810344171,0.22666804492473602
260000,train,24,54,0.9775880950002789,0.22686968743801117
260000,train,25,69,0.9771678860648824,0.22289153933525085
260000,train,26,61,0.9733846227181557,0.23402638733386993
260000,train,28,58,0.9734049130656307,0.2296418845653534
260000,train,29,55,0.973522859308728,0.23082678020000458
260000,train,30,69,0.9718145375279145,0.23415634036064148
260000,train,31,72,0.9756521557284487,0.23237673938274384
260000,train,32,56,0.9701805935941915,0.23761996626853943
260000,train,33,65,0.9772964800061621,0.22417975962162018
260000,train,34,64,0.9704638056106667,0.2358064204454422
260000,train,35,67,0.9707847178207081,0.23727592825889587
260000,train,36,66,0.9697911016580976,0.23652981221675873
260000,train,37,70,0.9713964448676004,0.23075732588768005
260000,train,39,58,0.9708663496977828,0.2433049976825714
260000,train,40,58,0.9629428575303182,0.25030577182769775
260000,train,41,65,0.9672216314067387,0.24133767187595367
260000,train,42,61,0.9610353084046502,0.2471107542514801
260000,train,43,74,0.972963012027014,0.23379746079444885
260000,train,44,68,0.9618179189673374,0.24573519825935364
260000,train,45,60,0.9633738017814211,0.24999389052391052
260000,train,46,61,0.9732511376752826,0.2308027297258377
260000,train,47,71,0.9813769452806776,0.2245001643896103
260000,train,48,58,0.9762323570739649,0.2327435314655304
260000,train,49,54,0.9828218426691498,0.2163645476102829
260000,train,50,76,0.9797311710569131,0.22018557786941528
260000,train,mean,3000,0.9745069959656674,0.2306390106678009
260000,held_interior,15,974,0.9557463599497747,0.26005101203918457
260000,held_interior,27,1061,0.9693574770848219,0.23850083351135254
260000,held_interior,38,965,0.9687778298651626,0.24028882384300232
260000,held_interior,mean,3000,0.9646272222999198,0.24607260525226593
260000,held_high,52,986,0.9147560556254852,0.3215688467025757
260000,held_high,55,1002,0.7659298619992986,0.5366309285163879
260000,held_high,58,1012,0.6285755351468777,0.7222069501876831
260000,held_high,mean,3000,0.7697538175905537,0.5285481810569763
270000,train,1,63,0.9937753668220128,0.20231689512729645
270000,train,2,61,0.9937688410542712,0.19386014342308044
270000,train,3,62,0.9867934351553607,0.21593491733074188
270000,train,4,60,0.9798781568151851,0.22697807848453522
270000,train,5,63,0.9838409709285151,0.21778921782970428
270000,train,6,65,0.9805102435361923,0.21498122811317444
270000,train,7,55,0.9816758837654871,0.2130609005689621
270000,train,8,62,0.9799392974759162,0.22654367983341217
270000,train,9,63,0.9762006865486874,0.23397912085056305
270000,train,10,56,0.9698191189006884,0.2311243861913681
270000,train,11,70,0.9707091616204175,0.2393008917570114
270000,train,12,66,0.9786057432555195,0.22743302583694458
270000,train,13,68,0.970377450200537,0.2368319183588028
270000,train,14,69,0.9716743397214261,0.23976358771324158
270000,train,16,74,0.9718613498973291,0.23307214677333832
270000,train,17,73,0.9726661775610379,0.23833067715168
270000,train,18,60,0.9756599505065563,0.22657307982444763
270000,train,19,69,0.9755442021379978,0.2260606437921524
270000,train,20,58,0.9744806183804665,0.23477964103221893
270000,train,21,75,0.974605401461835,0.22846783697605133
270000,train,22,61,0.9652034635563361,0.24258340895175934
270000,train,23,57,0.9769714598480694,0.22388353943824768
270000,train,24,54,0.9786899417007014,0.22597360610961914
270000,train,25,69,0.9760864095357151,0.2257435917854309
270000,train,26,61,0.978046806294129,0.22746093571186066
270000,train,28,58,0.9762744079017657,0.2260691225528717
270000,train,29,55,0.9746235537063749,0.22857071459293365
270000,train,30,69,0.9697410313809519,0.240215465426445
270000,train,31,72,0.9776509405336185,0.22789695858955383
270000,train,32,56,0.9732559303407341,0.23201380670070648
270000,train,33,65,0.9767774076854061,0.225298672914505
270000,train,34,64,0.9700531911838978,0.23416668176651
270000,train,35,67,0.9743491830835924,0.23213785886764526
270000,train,36,66,0.9778791384743897,0.22533944249153137
270000,train,37,70,0.9764682168285377,0.2232753038406372
270000,train,39,58,0.9745527297074695,0.2363811433315277
270000,train,40,58,0.9605507209176039,0.257771760225296
270000,train,41,65,0.965029125736197,0.24376748502254486
270000,train,42,61,0.9648023742059815,0.24314691126346588
270000,train,43,74,0.9779333793975379,0.22693757712841034
270000,train,44,68,0.9563783358095074,0.25391343235969543
270000,train,45,60,0.9545333517076797,0.2655384838581085
270000,train,46,61,0.9715597434079535,0.23010843992233276
270000,train,47,71,0.9834404491616986,0.22248390316963196
270000,train,48,58,0.9815961300726186,0.2228836864233017
270000,train,49,54,0.9831667557054465,0.2171180099248886
270000,train,50,76,0.9809808755456709,0.21826259791851044
270000,train,mean,3000,0.9752974776420216,0.22956040501594543
270000,held_interior,15,974,0.9523232593926045,0.2648979127407074
270000,held_interior,27,1061,0.972492600389997,0.23424623906612396
270000,held_interior,38,965,0.9721134236262211,0.235061377286911
270000,held_interior,mean,3000,0.9656430944696076,0.24446000158786774
270000,held_high,52,986,0.9175733769206212,0.3171689212322235
270000,held_high,55,1002,0.751973687184047,0.5542407035827637
270000,held_high,58,1012,0.6145139357374464,0.742124617099762
270000,held_high,mean,3000,0.7613536666140382,0.5397026538848877
280000,train,1,63,0.9988948447097518,0.19510765373706818
280000,train,2,61,0.9933839539933639,0.19662225246429443
280000,train,3,62,0.9804832203232394,0.2241373360157013
280000,train,4,60,0.976696452652699,0.23522837460041046
280000,train,5,63,0.9826623988479889,0.22111709415912628
280000,train,6,65,0.9822769470897611,0.21332713961601257
280000,train,7,55,0.9847696155272148,0.20924659073352814
280000,train,8,62,0.98466287327736,0.21977946162223816
280000,train,9,63,0.9794617348213037,0.22687046229839325
280000,train,10,56,0.9749596520668038,0.22580376267433167
280000,train,11,70,0.9739881579348737,0.23627859354019165
280000,train,12,66,0.980960663387968,0.2239619493484497
280000,train,13,68,0.9729047050435586,0.23046909272670746
280000,train,14,69,0.9819055104750567,0.2238260954618454
280000,train,16,74,0.972865315712293,0.23193246126174927
280000,train,17,73,0.9786527243639579,0.22705529630184174
280000,train,18,60,0.9806483748097152,0.2187717854976654
280000,train,19,69,0.9790797548934661,0.2222786545753479
280000,train,20,58,0.9833507925066727,0.2172834277153015
280000,train,21,75,0.9846537871428039,0.21426673233509064
280000,train,22,61,0.9686132375653687,0.24137170612812042
280000,train,23,57,0.977374455005158,0.2226940244436264
280000,train,24,54,0.9821854830881684,0.21971161663532257
280000,train,25,69,0.9780997400941139,0.2231285572052002
280000,train,26,61,0.9803009316099676,0.22136551141738892
280000,train,28,58,0.9763132449666695,0.2235790640115738
280000,train,29,55,0.9795693205882086,0.21953433752059937
280000,train,30,69,0.9767001700294476,0.2282412350177765
280000,train,31,72,0.9840339686299598,0.2176443487405777
280000,train,32,56,0.9798376051026089,0.2199876606464386
280000,train,33,65,0.9859967294118019,0.2115311324596405
280000,train,34,64,0.9770555675012355,0.22671356797218323
280000,train,35,67,0.979317527578355,0.22586850821971893
280000,train,36,66,0.980662062172364,0.22056648135185242
280000,train,37,70,0.9826521563837293,0.21679790318012238
280000,train,39,58,0.9732698981486305,0.23609304428100586
280000,train,40,58,0.9569908588331545,0.263639897108078
280000,train,41,65,0.9608183965983721,0.2510746717453003
280000,train,42,61,0.9680249605517708,0.23771978914737701
280000,train,43,74,0.9757344596866236,0.2271575927734375
280000,train,44,68,0.9528345853932044,0.26113930344581604
280000,train,45,60,0.9584031758875625,0.26123568415641785
280000,train,46,61,0.9700282257617338,0.23416081070899963
280000,train,47,71,0.9839143947777399,0.21951894462108612
280000,train,48,58,0.9850098019004819,0.21703895926475525
280000,train,49,54,0.9852876512710977,0.2096928209066391
280000,train,50,76,0.9786915975216665,0.22310085594654083
280000,train,mean,3000,0.9779783337370009,0.2254488468170166
280000,held_interior,15,974,0.9629547422869684,0.24876277148723602
280000,held_interior,27,1061,0.9769940703808153,0.226796954870224
280000,held_interior,38,965,0.9736621204431045,0.23229694366455078
280000,held_interior,mean,3000,0.9712036443702962,0.2356976717710495
280000,held_high,52,986,0.9233084986743341,0.3094358742237091
280000,held_high,55,1002,0.7599166902190736,0.5436306595802307
280000,held_high,58,1012,0.617365953097129,0.7412552237510681
280000,held_high,mean,3000,0.7668637139968456,0.5333240032196045
290000,train,1,63,0.9978227511499674,0.19625535607337952
290000,train,2,61,0.9960047705261142,0.19145259261131287
290000,train,3,62,0.9867577988157249,0.21392783522605896
290000,train,4,60,0.9792283632023677,0.22840625047683716
290000,train,5,63,0.9846596064666805,0.21731401979923248
290000,train,6,65,0.9842501389106149,0.20943470299243927
290000,train,7,55,0.9863722881690623,0.20817960798740387
290000,train,8,62,0.9839940077436533,0.21909336745738983
290000,train,9,63,0.9808365979764526,0.224812850356102
290000,train,10,56,0.9759859662945217,0.2248062640428543
290000,train,11,70,0.9747292692056676,0.23322641849517822
290000,train,12,66,0.9792184967146378,0.22581319510936737
290000,train,13,68,0.9727697474413409,0.2340451329946518
290000,train,14,69,0.9825610732818222,0.22189703583717346
290000,train,16,74,0.9688489906812419,0.24043546617031097
290000,train,17,73,0.9752871835978626,0.23327620327472687
290000,train,18,60,0.979156434484804,0.22124911844730377
290000,train,19,69,0.9779072727667791,0.2227758914232254
290000,train,20,58,0.979947469412871,0.22498147189617157
290000,train,21,75,0.9835552309286901,0.214061439037323
290000,train,22,61,0.969379688843914,0.23734812438488007
290000,train,23,57,0.9752781175925583,0.22508805990219116
290000,train,24,54,0.9814637020021012,0.2221076637506485
290000,train,25,69,0.9805339387352405,0.21696066856384277
290000,train,26,61,0.9812419767778555,0.22075743973255157
290000,train,28,58,0.9765044385050115,0.22362461686134338
290000,train,29,55,0.9818172779693215,0.2168976217508316
290000,train,30,69,0.9819630858020432,0.2186966985464096
290000,train,31,72,0.9832956158123924,0.21995387971401215
290000,train,32,56,0.9787582983867744,0.22365154325962067
290000,train,33,65,0.9819522604759298,0.22011099755764008
290000,train,34,64,0.9763381137766609,0.2278699278831482
290000,train,35,67,0.9794118833083557,0.222245991230011
290000,train,36,66,0.9843834039565866,0.21649007499217987
290000,train,37,70,0.9825199530245387,0.2173154354095459
290000,train,39,58,0.9723407563121595,0.23779907822608948
290000,train,40,58,0.9629301164027495,0.252615362405777
290000,train,41,65,0.9651915638300961,0.2452661544084549
290000,train,42,61,0.9735942004331465,0.23346243798732758
290000,train,43,74,0.9750788028785735,0.22996848821640015
290000,train,44,68,0.9630035226621605,0.24517589807510376
290000,train,45,60,0.9719229911714218,0.2371038943529129
290000,train,46,61,0.9693216184081143,0.2350616753101349
290000,train,47,71,0.9864545472961666,0.21527355909347534
290000,train,48,58,0.9843018770655656,0.21718944609165192
290000,train,49,54,0.9843979861866502,0.21453288197517395
290000,train,50,76,0.9819789923067506,0.21702410280704498
290000,train,mean,3000,0.9790479188871007,0.2237803190946579
290000,held_interior,15,974,0.9597869308852557,0.25294873118400574
290000,held_interior,27,1061,0.9772402784803714,0.2261524349451065
290000,held_interior,38,965,0.9744434203478799,0.23144161701202393
290000,held_interior,mean,3000,0.9704902099045024,0.23655365407466888
290000,held_high,52,986,0.9166391968255032,0.32082563638687134
290000,held_high,55,1002,0.7651921253857483,0.5368615984916687
290000,held_high,58,1012,0.629537070429975,0.7264180183410645
290000,held_high,mean,3000,0.7704561308804089,0.5298014283180237
300000,train,1,63,0.99593765890837,0.19881559908390045
300000,train,2,61,0.9952663571046572,0.19717393815517426
300000,train,3,62,0.9894225268138094,0.2085704207420349
300000,train,4,60,0.9837224398020957,0.2215278595685959
300000,train,5,63,0.9836232115056008,0.2191372811794281
300000,train,6,65,0.9831160862900694,0.21361729502677917
300000,train,7,55,0.986334859276477,0.2055109441280365
300000,train,8,62,0.9876661269248516,0.21455290913581848
300000,train,9,63,0.9873638097201229,0.21206556260585785
300000,train,10,56,0.9725106444453793,0.230158731341362
300000,train,11,70,0.9848589010352375,0.2161012887954712
300000,train,12,66,0.9874481571547341,0.21076203882694244
300000,train,13,68,0.9828160977113328,0.21443001925945282
300000,train,14,69,0.978514368162434,0.2299192100763321
300000,train,16,74,0.9643046017499488,0.24497580528259277
300000,train,17,73,0.9855173901145386,0.21590162813663483
300000,train,18,60,0.9712469601953153,0.23374010622501373
300000,train,19,69,0.9726257467369631,0.23068363964557648
300000,train,20,58,0.967730493528484,0.24919112026691437
300000,train,21,75,0.9804794880806865,0.2195938378572464
300000,train,22,61,0.9884827319374107,0.20900747179985046
300000,train,23,57,0.9898863423214621,0.20361286401748657
300000,train,24,54,0.9893093554375572,0.209779292345047
300000,train,25,69,0.98690039086314,0.20940561592578888
300000,train,26,61,0.988436686211124,0.20994380116462708
300000,train,28,58,0.9851937337596907,0.21264542639255524
300000,train,29,55,0.9868743416178132,0.20783205330371857
300000,train,30,69,0.9852805572470437,0.21393463015556335
300000,train,31,72,0.9920447308664565,0.2036157101392746
300000,train,32,56,0.9873775180032227,0.20831532776355743
300000,train,33,65,0.9880497051539047,0.20678569376468658
300000,train,34,64,0.9798346008294742,0.2235778272151947
300000,train,35,67,0.9872633304143109,0.20950298011302948
300000,train,36,66,0.9885155657766563,0.21066099405288696
300000,train,37,70,0.9877744186973982,0.20632851123809814
300000,train,39,58,0.9893097384053866,0.20889350771903992
300000,train,40,58,0.9833094720631846,0.22372551262378693
300000,train,41,65,0.9866785733801411,0.2113954871892929
300000,train,42,61,0.9829886214677502,0.21709568798542023
300000,train,43,74,0.989982864380233,0.20682917535305023
300000,train,44,68,0.986365002749345,0.2105581909418106
300000,train,45,60,0.9890289736058316,0.20789834856987
300000,train,46,61,0.9892752289962365,0.20816385746002197
300000,train,47,71,0.9864687865286613,0.21569183468818665
300000,train,48,58,0.9896827223054601,0.20789746940135956
300000,train,49,54,0.9845288554000001,0.21427084505558014
300000,train,50,76,0.981324755426305,0.21548672020435333
300000,train,mean,3000,0.9849079474277938,0.21455733478069305
300000,held_interior,15,974,0.9688761515794598,0.24007493257522583
300000,held_interior,27,1061,0.9853128270781971,0.21308645606040955
300000,held_interior,38,965,0.9872568388028984,0.21100649237632751
300000,held_interior,mean,3000,0.9804819391535183,0.22117964923381805
300000,held_high,52,986,0.9626275063406543,0.2499946802854538
300000,held_high,55,1002,0.9266110925858609,0.30392780900001526
300000,held_high,58,1012,0.8212078606121134,0.4623049795627594
300000,held_high,mean,3000,0.9034821531795428,0.3396276831626892
