step,bucket,lag,n_sequences,correlation,masked_mse
0,train,1,63,0.9996636799553339,0.7085376381874084
0,train,2,61,-0.012679514758322227,0.956442654132843
0,train,3,62,0.0001598040551890092,1.0936977863311768
0,train,4,60,-0.053703765194545054,1.1188310384750366
0,train,5,63,0.022881797843678133,1.073506236076355
0,train,6,65,-0.006864391001661223,1.0332682132720947
0,train,7,55,-0.01540136377865296,1.049163818359375
0,train,8,62,0.017136751904674178,1.1351535320281982
0,train,9,63,0.008063285395591258,1.0929921865463257
0,train,10,56,-0.00782193528340544,1.0109211206436157
0,train,11,70,0.004407141432286137,1.0362592935562134
0,train,12,66,-0.010148891711947857,1.0887492895126343
0,train,13,68,-0.027280783823887846,1.0181463956832886
0,train,14,69,0.013292198048678568,1.0542911291122437
0,train,16,74,-0.0120243169256459,0.9919385313987732
0,train,17,73,-0.022836603514565783,1.0647209882736206
0,train,18,60,-0.002914809274840433,1.0311954021453857
0,train,19,69,-0.011364954907262186,1.0339970588684082
0,train,20,58,-0.004797748780457149,1.1529505252838135
0,train,21,75,-0.0018998288785373441,1.0152205228805542
0,train,22,61,0.0137655863877223,0.9843156337738037
0,train,23,57,0.01547087140522514,1.049045205116272
0,train,24,54,0.005750440936028023,1.0388139486312866
0,train,25,69,-0.01079062089744769,1.0919806957244873
0,train,26,61,0.000665237450752449,1.0990521907806396
0,train,28,58,-0.023983295850961005,1.039292573928833
0,train,29,55,-0.005021272808933611,1.054599404335022
0,train,30,69,0.005049088443405315,1.0260828733444214
0,train,31,72,-0.026266823362547275,1.1112282276153564
0,train,32,56,0.007901455117768264,1.0227280855178833
0,train,33,65,-0.018059674572980217,1.063348412513733
0,train,34,64,-0.017519499230639987,1.0262761116027832
0,train,35,67,0.050610824529026786,1.022518277168274
0,train,36,66,-0.011887986384557249,1.0975463390350342
0,train,37,70,0.004388767910206505,1.0585145950317383
0,train,39,58,-0.012705091074766207,1.0836470127105713
0,train,40,58,0.018956790215402884,1.0221484899520874
0,train,41,65,-0.019855020790833205,1.0510085821151733
0,train,42,61,0.016571106041696943,1.0002981424331665
0,train,43,74,0.002517561977347945,1.0757694244384766
0,train,44,68,-0.02517890762134285,1.0228198766708374
0,train,45,60,-0.02391620757236758,1.0649713277816772
0,train,46,61,0.03278150656607254,0.9943203926086426
0,train,47,71,0.019410974308478338,1.0724376440048218
0,train,48,58,-0.029619059704788068,1.0724787712097168
0,train,49,54,-0.038763540185147154,1.085809588432312
0,train,50,76,0.022514153133060454,1.0269135236740112
0,train,mean,3000,0.017630917343969828,1.0449119806289673
0,held_interior,15,974,0.004944856798726722,1.0373024940490723
0,held_interior,27,1061,0.002980397303678785,1.0465456247329712
0,held_interior,38,965,0.0002703747410290557,1.0487167835235596
0,held_interior,mean,3000,0.0027318762811448546,1.0442430973052979
0,held_high,52,986,0.0012142719213425188,1.0396174192428589
0,held_high,55,1002,0.004120455354789487,1.044867992401123
0,held_high,58,1012,0.0021764711145838066,1.0426973104476929
0,held_high,mean,3000,0.0025037327969052708,1.0424100160598755
10000,train,1,63,0.9887585801709672,0.21121184527873993
10000,train,2,61,0.9875008830672725,0.2021331787109375
10000,train,3,62,0.9915181160638734,0.20515485107898712
10000,train,4,60,0.9917082142246896,0.20793333649635315
10000,train,5,63,0.9902545271849336,0.2083130180835724
10000,train,6,65,0.9854933659585564,0.2086436003446579
10000,train,7,55,0.9814215474688733,0.21547600626945496
10000,train,8,62,0.9867465361073681,0.2154834121465683
10000,train,9,63,0.984959216141778,0.21642819046974182
10000,train,10,56,0.9837680208517741,0.2139289677143097
10000,train,11,70,0.9775172861066952,0.22971363365650177
10000,train,12,66,0.9824056640066985,0.22005416452884674
10000,train,13,68,0.9718370378003217,0.23098701238632202
10000,train,14,69,0.9719561344557874,0.2393452227115631
10000,train,16,74,0.9761010966723097,0.22782547771930695
10000,train,17,73,0.9786607997516134,0.22887426614761353
10000,train,18,60,0.9820360085001206,0.21646493673324585
10000,train,19,69,0.987062047147109,0.20977647602558136
10000,train,20,58,0.9871320726846213,0.21523456275463104
10000,train,21,75,0.9765746130678719,0.22608613967895508
10000,train,22,61,0.9761484654796441,0.22436486184597015
10000,train,23,57,0.9838649709624704,0.21351416409015656
10000,train,24,54,0.9841910090189396,0.2159661203622818
10000,train,25,69,0.9810097340161361,0.21622887253761292
10000,train,26,61,0.9851710794105067,0.21321624517440796
10000,train,28,58,0.9773464917008556,0.22205273807048798
10000,train,29,55,0.9773725031400922,0.22265565395355225
10000,train,30,69,0.9774439289517072,0.22517530620098114
10000,train,31,72,0.9807267828661281,0.2246423065662384
10000,train,32,56,0.9785419064914483,0.22442768514156342
10000,train,33,65,0.9849918786659786,0.21528023481369019
10000,train,34,64,0.9861101410114936,0.21413058042526245
10000,train,35,67,0.9912679575510734,0.2029488980770111
10000,train,36,66,0.9827496359319124,0.22092966735363007
10000,train,37,70,0.9894126294481254,0.2040327787399292
10000,train,39,58,0.9855061187200088,0.2174290120601654
10000,train,40,58,0.9830120935105039,0.224020853638649
10000,train,41,65,0.9865112239798465,0.20973965525627136
10000,train,42,61,0.9841438660844644,0.2130303978919983
10000,train,43,74,0.9881448266144122,0.2118116021156311
10000,train,44,68,0.9854259262837287,0.21141096949577332
10000,train,45,60,0.9864860854743153,0.21254250407218933
10000,train,46,61,0.9830008221157911,0.21158210933208466
10000,train,47,71,0.9859878860698125,0.21537071466445923
10000,train,48,58,0.9867767845329147,0.21326488256454468
10000,train,49,54,0.9894597287405419,0.2048533707857132
10000,train,50,76,0.9835518544827523,0.21237120032310486
10000,train,mean,3000,0.9835695340146563,0.21648354828357697
10000,held_interior,15,974,0.9611449577540482,0.2524646818637848
10000,held_interior,27,1061,0.9779787792053761,0.22489488124847412
10000,held_interior,38,965,0.9832500075093982,0.21740461885929108
10000,held_interior,mean,3000,0.9741245814896075,0.23143650591373444
10000,held_high,52,986,0.9521159195131632,0.2664898931980133
10000,held_high,55,1002,0.8045015610863792,0.48485738039016724
10000,held_high,58,1012,0.5272742515085014,0.8587046265602112
10000,held_high,mean,3000,0.7612972440360145,0.5391984581947327
20000,train,1,63,0.995699325086336,0.1998434215784073
20000,train,2,61,0.9927295685949029,0.19466528296470642
20000,train,3,62,0.9931183655851448,0.2046516239643097
20000,train,4,60,0.9934485377662229,0.20450879633426666
20000,train,5,63,0.9931369381258343,0.20459289848804474
20000,train,6,65,0.9898677208940854,0.2009945511817932
20000,train,7,55,0.9894558428759835,0.20169703662395477
20000,train,8,62,0.991463320889491,0.20661106705665588
20000,train,9,63,0.9913708162304402,0.20512335002422333
20000,train,10,56,0.9890309100279614,0.20530401170253754
20000,train,11,70,0.9856240688833621,0.21616792678833008
20000,train,12,66,0.9889361322058311,0.2080710083246231
20000,train,13,68,0.9813713040990948,0.2174123227596283
20000,train,14,69,0.9840462745665262,0.22077365219593048
20000,train,16,74,0.9827837497189542,0.21890996396541595
20000,train,17,73,0.9844300862696599,0.21935831010341644
20000,train,18,60,0.989186303539827,0.2073100209236145
20000,train,19,69,0.9920631598818777,0.2004704773426056
20000,train,20,58,0.9908061563963929,0.208624929189682
20000,train,21,75,0.9848743165738704,0.21248206496238708
20000,train,22,61,0.9868933637367326,0.2083270400762558
20000,train,23,57,0.9915529329127042,0.20071963965892792
20000,train,24,54,0.9908972756919597,0.20583051443099976
20000,train,25,69,0.9879703707001266,0.20748892426490784
20000,train,26,61,0.9887809687597724,0.20819316804409027
20000,train,28,58,0.9846526423313936,0.2113407701253891
20000,train,29,55,0.9919101427605187,0.20075903832912445
20000,train,30,69,0.9886458010629594,0.20656804740428925
20000,train,31,72,0.9930021611222722,0.20339329540729523
20000,train,32,56,0.9883232735571742,0.20978061854839325
20000,train,33,65,0.9910492029546737,0.20484204590320587
20000,train,34,64,0.9875289507537204,0.21108369529247284
20000,train,35,67,0.9929920873168813,0.20070204138755798
20000,train,36,66,0.9918220558448378,0.20352225005626678
20000,train,37,70,0.9911312307444121,0.20101028680801392
20000,train,39,58,0.9913268117859935,0.2064536213874817
20000,train,40,58,0.9889183235661445,0.21504360437393188
20000,train,41,65,0.9898627777662199,0.20355306565761566
20000,train,42,61,0.9912171283242239,0.20360158383846283
20000,train,43,74,0.9918715829188663,0.20559121668338776
20000,train,44,68,0.9860628359855685,0.21019724011421204
20000,train,45,60,0.9901794798539831,0.2053011953830719
20000,train,46,61,0.9866479099296719,0.2084505558013916
20000,train,47,71,0.9902927090308493,0.20770908892154694
20000,train,48,58,0.9880048557565989,0.21266475319862366
20000,train,49,54,0.9921508809996545,0.20073258876800537
20000,train,50,76,0.9861039558136273,0.20833194255828857
20000,train,mean,3000,0.9894305236211348,0.2071649134159088
20000,held_interior,15,974,0.9669582267446735,0.24304215610027313
20000,held_interior,27,1061,0.9842233556066898,0.215048149228096
20000,held_interior,38,965,0.9871272158018504,0.2112259417772293
20000,held_interior,mean,3000,0.9794362660510711,0.2229073941707611
20000,held_high,52,986,0.9622890537118454,0.25028708577156067
20000,held_high,55,1002,0.8523108874445507,0.41759103536605835
20000,held_high,58,1012,0.5636640007774025,0.8156121373176575
20000,held_high,mean,3000,0.7927546473112663,0.49686959385871887
30000,train,1,63,0.9908622380612179,0.20756691694259644
30000,train,2,61,0.9898001494540967,0.1990724503993988
30000,train,3,62,0.9934333132594831,0.20405183732509613
30000,train,4,60,0.9949745739146453,0.20221509039402008
30000,train,5,63,0.9961922619348698,0.19906184077262878
30000,train,6,65,0.9922187987979711,0.1978832632303238
30000,train,7,55,0.993653840206271,0.19611050188541412
30000,train,8,62,0.9926402848161427,0.2050371915102005
30000,train,9,63,0.9922513098713013,0.2041340321302414
30000,train,10,56,0.9914008961445586,0.20071125030517578
30000,train,11,70,0.9889225167257835,0.21198996901512146
30000,train,12,66,0.9928884962031216,0.20099931955337524
30000,train,13,68,0.9855266180074365,0.2101374864578247
30000,train,14,69,0.9881722047531633,0.2139025628566742
30000,train,16,74,0.9893339643582522,0.20836609601974487
30000,train,17,73,0.9904325993936706,0.21070456504821777
30000,train,18,60,0.9899455262577866,0.20646308362483978
30000,train,19,69,0.9917958128070588,0.20056086778640747
30000,train,20,58,0.991368846436573,0.20751900970935822
30000,train,21,75,0.9853820728069769,0.21300658583641052
30000,train,22,61,0.9855243667553272,0.21093614399433136
30000,train,23,57,0.988834944975389,0.2056126445531845
30000,train,24,54,0.9905731513544141,0.2068122774362564
30000,train,25,69,0.9883388204100949,0.20651192963123322
30000,train,26,61,0.9887819436218248,0.208441361784935
30000,train,28,58,0.9869522890139955,0.20644035935401917
30000,train,29,55,0.9935432829212955,0.19750520586967468
30000,train,30,69,0.9899182302649632,0.20507492125034332
30000,train,31,72,0.9932679527839863,0.20186001062393188
30000,train,32,56,0.9870697113629009,0.21242694556713104
30000,train,33,65,0.9886350822506961,0.2080269604921341
30000,train,34,64,0.9882048145420685,0.20770074427127838
30000,train,35,67,0.9865602844531571,0.20982638001441956
30000,train,36,66,0.9850148050866953,0.21557241678237915
30000,train,37,70,0.9936381558264487,0.1972368210554123
30000,train,39,58,0.9930711723693602,0.2048729658126831
30000,train,40,58,0.9900770691834629,0.21515709161758423
30000,train,41,65,0.9891666543883126,0.20513087511062622
30000,train,42,61,0.9891243882064964,0.20643535256385803
30000,train,43,74,0.9886271438980517,0.2115717977285385
30000,train,44,68,0.9827935992235128,0.21552041172981262
30000,train,45,60,0.9847018464334886,0.2160954773426056
30000,train,46,61,0.9797917630321212,0.21945540606975555
30000,train,47,71,0.9838642773485049,0.21619422733783722
30000,train,48,58,0.9845702645471971,0.21644054353237152
30000,train,49,54,0.9889521200242576,0.20519836246967316
30000,train,50,76,0.9800450231204464,0.21889719367027283
30000,train,mean,3000,0.9891667974810391,0.2076045721769333
30000,held_interior,15,974,0.9741456175182148,0.23209211230278015
30000,held_interior,27,1061,0.9861366031546521,0.21186544001102448
30000,held_interior,38,965,0.9898050375861884,0.20680661499500275
30000,held_interior,mean,3000,0.9833624194196852,0.2168051153421402
30000,held_high,52,986,0.946888504703585,0.27510231733322144
30000,held_high,55,1002,0.8376676990608697,0.4404515027999878
30000,held_high,58,1012,0.6005833594537754,0.770103931427002
30000,held_high,mean,3000,0.7950465210727433,0.49730947613716125
40000,train,1,63,0.9942789620757813,0.20294997096061707
40000,train,2,61,0.9887140059215146,0.2021169662475586
40000,train,3,62,0.9934475906466802,0.20358622074127197
40000,train,4,60,0.9931510082533175,0.20424237847328186
40000,train,5,63,0.9942343714268675,0.20247626304626465
40000,train,6,65,0.991047956937202,0.19909922778606415
40000,train,7,55,0.993873511745622,0.19383321702480316
40000,train,8,62,0.9919107814407281,0.20444339513778687
40000,train,9,63,0.9905215655358866,0.20767033100128174
40000,train,10,56,0.9866576566281147,0.2082882970571518
40000,train,11,70,0.985640590594725,0.2156744748353958
40000,train,12,66,0.9926192133923449,0.2023497074842453
40000,train,13,68,0.9863399879572928,0.20928354561328888
40000,train,14,69,0.9887796799204084,0.2126034051179886
40000,train,16,74,0.9866886349870944,0.21144568920135498
40000,train,17,73,0.9864510716091949,0.21664221584796906
40000,train,18,60,0.9904009569084907,0.20511873066425323
40000,train,19,69,0.9928226164543411,0.19974173605442047
40000,train,20,58,0.9928194881813768,0.20768527686595917
40000,train,21,75,0.9878043417847263,0.20826584100723267
40000,train,22,61,0.9866259696269016,0.2093556821346283
40000,train,23,57,0.9881021112030404,0.2071220874786377
40000,train,24,54,0.9886780429135941,0.2102556824684143
40000,train,25,69,0.9872692847894196,0.20813187956809998
40000,train,26,61,0.9903592369270479,0.20543429255485535
40000,train,28,58,0.9868928038397642,0.2067597210407257
40000,train,29,55,0.9897764127904549,0.2036258578300476
40000,train,30,69,0.9872883415081483,0.21021553874015808
40000,train,31,72,0.9913415266608572,0.20364081859588623
40000,train,32,56,0.9868822894715122,0.21193169057369232
40000,train,33,65,0.9884546855189402,0.20755162835121155
40000,train,34,64,0.9830003280204893,0.2197282612323761
40000,train,35,67,0.9849812274513097,0.21244211494922638
40000,train,36,66,0.9867701240311301,0.21283411979675293
40000,train,37,70,0.9927509205516426,0.1987251490354538
40000,train,39,58,0.9942002473040209,0.20131388306617737
40000,train,40,58,0.9898502937298497,0.21350346505641937
40000,train,41,65,0.9915094763023129,0.20206907391548157
40000,train,42,61,0.9908055845605952,0.2044159471988678
40000,train,43,74,0.9931421854644829,0.20228002965450287
40000,train,44,68,0.9904670733925088,0.2041338086128235
40000,train,45,60,0.9923986680443625,0.20183703303337097
40000,train,46,61,0.9899192919187542,0.2037738412618637
40000,train,47,71,0.9914898996020834,0.2057352513074875
40000,train,48,58,0.9894462821195253,0.2091299146413803
40000,train,49,54,0.9912459854115044,0.20181594789028168
40000,train,50,76,0.9834619739720452,0.2130325734615326
40000,train,mean,3000,0.9896875374367661,0.20667216181755066
40000,held_interior,15,974,0.9753412412309661,0.2295682579278946
40000,held_interior,27,1061,0.986941408184885,0.2102704793214798
40000,held_interior,38,965,0.9918023101188614,0.20355220139026642
40000,held_interior,mean,3000,0.9846949865115708,0.21437475085258484
40000,held_high,52,986,0.959765140708001,0.254477858543396
40000,held_high,55,1002,0.8619586704060863,0.40454381704330444
40000,held_high,58,1012,0.6299075821989318,0.7281845211982727
40000,held_high,mean,3000,0.8172104644376731,0.4643969237804413
50000,train,1,63,0.9953749115649445,0.20065197348594666
50000,train,2,61,0.9914869029682304,0.19668303430080414
50000,train,3,62,0.9928073572906102,0.20546068251132965
50000,train,4,60,0.9929253524986753,0.20541246235370636
50000,train,5,63,0.9944242238825498,0.2023272067308426
50000,train,6,65,0.9893168193633073,0.2031659632921219
50000,train,7,55,0.9906479530768406,0.20044785737991333
50000,train,8,62,0.9908987171890054,0.20689572393894196
50000,train,9,63,0.9898339454077677,0.20790256559848785
50000,train,10,56,0.9861699862602417,0.20926956832408905
50000,train,11,70,0.9852333322739599,0.21710945665836334
50000,train,12,66,0.991215792896813,0.20460976660251617
50000,train,13,68,0.983803676762495,0.2137293517589569
50000,train,14,69,0.987350017673089,0.2142544835805893
50000,train,16,74,0.9876322364655802,0.21226073801517487
50000,train,17,73,0.9872363365035929,0.21535691618919373
50000,train,18,60,0.9911024428732045,0.20416991412639618
50000,train,19,69,0.9928466216226945,0.19894416630268097
50000,train,20,58,0.9927324447857259,0.20643624663352966
50000,train,21,75,0.9877864246003855,0.20923732221126556
50000,train,22,61,0.9893879803015072,0.2061881273984909
50000,train,23,57,0.990563707509903,0.20230287313461304
50000,train,24,54,0.9909101693038024,0.20635250210762024
50000,train,25,69,0.9889984048780364,0.20644131302833557
50000,train,26,61,0.9929663002476362,0.2002636343240738
50000,train,28,58,0.9887109492072949,0.20247651636600494
50000,train,29,55,0.9931237739575194,0.19842635095119476
50000,train,30,69,0.9900801009336632,0.20566584169864655
50000,train,31,72,0.9944592600435945,0.19933252036571503
50000,train,32,56,0.9875183275992078,0.21089529991149902
50000,train,33,65,0.9944573691570006,0.19784611463546753
50000,train,34,64,0.9934439202418008,0.20181123912334442
50000,train,35,67,0.9933495535402341,0.19981171190738678
50000,train,36,66,0.9925772442792096,0.2037106156349182
50000,train,37,70,0.9934924472412794,0.19770947098731995
50000,train,39,58,0.9958438075859722,0.1987835317850113
50000,train,40,58,0.9935251786020874,0.2089010626077652
50000,train,41,65,0.9929802974397004,0.20022980868816376
50000,train,42,61,0.9898614796422535,0.2052798867225647
50000,train,43,74,0.9937212461392138,0.20190930366516113
50000,train,44,68,0.9913676346166653,0.2009361982345581
50000,train,45,60,0.9940367454155212,0.19990812242031097
50000,train,46,61,0.991236529684065,0.20137037336826324
50000,train,47,71,0.9942851216520227,0.201180562376976
50000,train,48,58,0.991910365985057,0.20562972128391266
50000,train,49,54,0.9894053776813353,0.20525607466697693
50000,train,50,76,0.9862353994425445,0.20885677635669708
50000,train,mean,3000,0.9910483869848475,0.20460592210292816
50000,held_interior,15,974,0.9710825607012259,0.23662199079990387
50000,held_interior,27,1061,0.9898927399710309,0.20575696229934692
50000,held_interior,38,965,0.9916478188495297,0.20372578501701355
50000,held_interior,mean,3000,0.9842077065072621,0.21512442827224731
50000,held_high,52,986,0.96874731069307,0.240104541182518
50000,held_high,55,1002,0.8516095265248657,0.4200713038444519
50000,held_high,58,1012,0.6283591626136316,0.7393497228622437
50000,held_high,mean,3000,0.8162386666105225,0.4686254858970642
60000,train,1,63,0.9939067932573435,0.20305903255939484
60000,train,2,61,0.9915385414590396,0.1957203894853592
60000,train,3,62,0.9950709711886727,0.20005102455615997
60000,train,4,60,0.9942213949887764,0.20350338518619537
60000,train,5,63,0.9963844859675559,0.19880425930023193
60000,train,6,65,0.9934807888731999,0.1963966339826584
60000,train,7,55,0.9947235634297491,0.19271157681941986
60000,train,8,62,0.9928955064848428,0.20412082970142365
60000,train,9,63,0.9917173492400955,0.20499230921268463
60000,train,10,56,0.9905903452412221,0.20363013446331024
60000,train,11,70,0.989173074333885,0.2104271799325943
60000,train,12,66,0.9942620640947127,0.19889041781425476
60000,train,13,68,0.9848674157050213,0.21233777701854706
60000,train,14,69,0.9853166342490784,0.21807879209518433
60000,train,16,74,0.9881247113639934,0.21089494228363037
60000,train,17,73,0.9906561305654501,0.20939241349697113
60000,train,18,60,0.992687893976828,0.2010006308555603
60000,train,19,69,0.9934354181848104,0.1987476348876953
60000,train,20,58,0.993368741541096,0.20413100719451904
60000,train,21,75,0.9876071301455451,0.20854780077934265
60000,train,22,61,0.9891856137729053,0.20582568645477295
60000,train,23,57,0.9912222227000885,0.20119403302669525
60000,train,24,54,0.991219429136338,0.20482175052165985
60000,train,25,69,0.9893123550367207,0.2050538957118988
60000,train,26,61,0.9907294966683963,0.20409634709358215
60000,train,28,58,0.9886035928444488,0.2036619335412979
60000,train,29,55,0.9929885969730671,0.2001970112323761
60000,train,30,69,0.9881358225530925,0.2094917744398117
60000,train,31,72,0.9920489176215059,0.20274347066879272
60000,train,32,56,0.9818725231884006,0.21920745074748993
60000,train,33,65,0.9877711869602301,0.20990782976150513
60000,train,34,64,0.9880393923647279,0.211762934923172
60000,train,35,67,0.9912010257476799,0.20293571054935455
60000,train,36,66,0.9914338193546326,0.2046675831079483
60000,train,37,70,0.9940716220020299,0.1966380774974823
60000,train,39,58,0.995067802072936,0.19988694787025452
60000,train,40,58,0.9921207292185514,0.2105698138475418
60000,train,41,65,0.9913277237194145,0.20342859625816345
60000,train,42,61,0.9909738374910984,0.202701598405838
60000,train,43,74,0.9939389584716491,0.20178689062595367
60000,train,44,68,0.9892240243702732,0.20387034118175507
60000,train,45,60,0.9916574566035398,0.20424558222293854
60000,train,46,61,0.9884712999682924,0.20596811175346375
60000,train,47,71,0.9921057098322966,0.20436374843120575
60000,train,48,58,0.9910709407994643,0.20680683851242065
60000,train,49,54,0.99176111718071,0.20187179744243622
60000,train,50,76,0.9868794646156381,0.2068641632795334
60000,train,mean,3000,0.990988587990618,0.20457763969898224
60000,held_interior,15,974,0.9673096406368525,0.24238300323486328
60000,held_interior,27,1061,0.988103778739827,0.20838303864002228
60000,held_interior,38,965,0.9925130020368359,0.20206044614315033
60000,held_interior,mean,3000,0.9826421404711718,0.21738791465759277
60000,held_high,52,986,0.9625452357356599,0.25017791986465454
60000,held_high,55,1002,0.8567398494748645,0.41210827231407166
60000,held_high,58,1012,0.6271450919385441,0.7346090078353882
60000,held_high,mean,3000,0.8154767257163561,0.46767741441726685
70000,train,1,63,0.9961095903295817,0.19943764805793762
70000,train,2,61,0.9900446357216106,0.19901733100414276
70000,train,3,62,0.9941620413584542,0.2010488063097
70000,train,4,60,0.993700191186778,0.20375004410743713
70000,train,5,63,0.9952334897964483,0.20062454044818878
70000,train,6,65,0.990831623582434,0.19979290664196014
70000,train,7,55,0.9916349250361581,0.2006860077381134
70000,train,8,62,0.9916717833231534,0.20460990071296692
70000,train,9,63,0.9908742094665142,0.20680557191371918
70000,train,10,56,0.9876054271744668,0.20697297155857086
70000,train,11,70,0.9886535532706469,0.2114822417497635
70000,train,12,66,0.9921342042639847,0.20217815041542053
70000,train,13,68,0.9833392327074802,0.21397258341312408
70000,train,14,69,0.9846799851541773,0.21952322125434875
70000,train,16,74,0.9868901198428244,0.21327365934848785
70000,train,17,73,0.9910984140239614,0.2095130831003189
70000,train,18,60,0.9907247953455334,0.20350144803524017
70000,train,19,69,0.9924928207836162,0.20044124126434326
70000,train,20,58,0.9916722553550069,0.20730040967464447
70000,train,21,75,0.9844130784841721,0.21433372795581818
70000,train,22,61,0.9881877375899493,0.20685938000679016
70000,train,23,57,0.992085498789964,0.20002757012844086
70000,train,24,54,0.9929125551847136,0.20360249280929565
70000,train,25,69,0.9901552802992304,0.20421063899993896
70000,train,26,61,0.9914420737156311,0.20258867740631104
70000,train,28,58,0.9898253388471643,0.20219725370407104
70000,train,29,55,0.9934447320780722,0.19825491309165955
70000,train,30,69,0.9912033694523091,0.20376037061214447
70000,train,31,72,0.9937459475189049,0.20217163860797882
70000,train,32,56,0.9876445522183271,0.21063277125358582
70000,train,33,65,0.9914201249005954,0.20339754223823547
70000,train,34,64,0.9892390078692463,0.2082563191652298
70000,train,35,67,0.9882966538480401,0.20740219950675964
70000,train,36,66,0.9857878984948296,0.21423444151878357
70000,train,37,70,0.9903443011424277,0.20291386544704437
70000,train,39,58,0.9914585353028669,0.20566526055335999
70000,train,40,58,0.9882445817100426,0.21764427423477173
70000,train,41,65,0.9925545086513121,0.19956043362617493
70000,train,42,61,0.9893340794695862,0.2055443674325943
70000,train,43,74,0.9932806827378811,0.20228174328804016
70000,train,44,68,0.9903690400765758,0.20271238684654236
70000,train,45,60,0.9915338595246975,0.2030000388622284
70000,train,46,61,0.9889700303843988,0.20477335155010223
70000,train,47,71,0.9933927867028168,0.20244348049163818
70000,train,48,58,0.9919302078995551,0.20520082116127014
70000,train,49,54,0.9903722592129807,0.2027524709701538
70000,train,50,76,0.9867547094325758,0.20812483131885529
70000,train,mean,3000,0.990465887856632,0.20541515946388245
70000,held_interior,15,974,0.9633201988216256,0.2491745799779892
70000,held_interior,27,1061,0.9878703032549752,0.20885877311229706
70000,held_interior,38,965,0.9862829599597098,0.21220378577709198
70000,held_interior,mean,3000,0.9791578206787701,0.223023921251297
70000,held_high,52,986,0.9613999698298002,0.2524607181549072
70000,held_high,55,1002,0.8618979602609593,0.4039665162563324
70000,held_high,58,1012,0.5856378293104134,0.7967182993888855
70000,held_high,mean,3000,0.8029785864670577,0.4866599142551422
80000,train,1,63,0.9936259233559129,0.20351800322532654
80000,train,2,61,0.9873468873169003,0.20269717276096344
80000,train,3,62,0.9868073583527978,0.21522308886051178
80000,train,4,60,0.9895526364932917,0.21023721992969513
80000,train,5,63,0.9924149432526775,0.20467609167099
80000,train,6,65,0.9897318118527236,0.20174482464790344
80000,train,7,55,0.9939718025755553,0.19383741915225983
80000,train,8,62,0.9930517019919594,0.20357488095760345
80000,train,9,63,0.9922580194564992,0.20402127504348755
80000,train,10,56,0.9909318007537671,0.2033587247133255
80000,train,11,70,0.9926790806628747,0.2048504501581192
80000,train,12,66,0.9957058723355358,0.19609670341014862
80000,train,13,68,0.9891961961462236,0.2052694857120514
80000,train,14,69,0.9860345367500266,0.2177426666021347
80000,train,16,74,0.9813354873736847,0.22070065140724182
80000,train,17,73,0.988256113348257,0.21269530057907104
80000,train,18,60,0.988822551509816,0.20766891539096832
80000,train,19,69,0.9925758389922386,0.1988157331943512
80000,train,20,58,0.9935364099758481,0.2030200958251953
80000,train,21,75,0.9875464664411443,0.2095344066619873
80000,train,22,61,0.9871570128439513,0.20824263989925385
80000,train,23,57,0.9920748845951266,0.20020431280136108
80000,train,24,54,0.9907074121498578,0.20685645937919617
80000,train,25,69,0.9869961618388651,0.2092997282743454
80000,train,26,61,0.9874672056626548,0.21096143126487732
80000,train,28,58,0.9872137358986417,0.20535564422607422
80000,train,29,55,0.9938721251216055,0.19801320135593414
80000,train,30,69,0.9958068500606205,0.19608667492866516
80000,train,31,72,0.9959760485520522,0.19731053709983826
80000,train,32,56,0.988168107617984,0.20969970524311066
80000,train,33,65,0.9873920651653102,0.20852795243263245
80000,train,34,64,0.9798952491063788,0.2239685207605362
80000,train,35,67,0.9863923947773684,0.2100495547056198
80000,train,36,66,0.9855669712318416,0.2138063758611679
80000,train,37,70,0.9905252142075655,0.2028324156999588
80000,train,39,58,0.9942235681527334,0.20196419954299927
80000,train,40,58,0.9922736175826256,0.21116851270198822
80000,train,41,65,0.9913811103555714,0.20136477053165436
80000,train,42,61,0.9916778986530554,0.20139984786510468
80000,train,43,74,0.9934060181576643,0.2027290016412735
80000,train,44,68,0.9869003761997668,0.20803625881671906
80000,train,45,60,0.9909880937110107,0.2037649303674698
80000,train,46,61,0.9879463213736622,0.20660492777824402
80000,train,47,71,0.9896044862144283,0.2077597975730896
80000,train,48,58,0.9883027752511583,0.21224269270896912
80000,train,49,54,0.9898478690341995,0.20407332479953766
80000,train,50,76,0.9852529693316436,0.20852603018283844
80000,train,mean,3000,0.9898382549315974,0.20628570020198822
80000,held_interior,15,974,0.9573724366426823,0.25845274329185486
80000,held_interior,27,1061,0.9851763102392438,0.21344757080078125
80000,held_interior,38,965,0.9901596123295232,0.20563828945159912
80000,held_interior,mean,3000,0.9775694530704832,0.22554723918437958
80000,held_high,52,986,0.9590681613982238,0.25538045167922974
80000,held_high,55,1002,0.8839497577651472,0.3691161870956421
80000,held_high,58,1012,0.5322564134157441,0.8480221629142761
80000,held_high,mean,3000,0.791758110859705,0.49328598380088806
90000,train,1,63,0.9945459659212109,0.2014700323343277
90000,train,2,61,0.9928663038476339,0.1959374099969864
90000,train,3,62,0.9951256438819913,0.19965717196464539
90000,train,4,60,0.9948859558067781,0.2030249536037445
90000,train,5,63,0.9939578210592851,0.20285648107528687
90000,train,6,65,0.9911284891580544,0.19926583766937256
90000,train,7,55,0.9897821253004517,0.20171497762203217
90000,train,8,62,0.9870660215215089,0.21229465305805206
90000,train,9,63,0.9926224669510304,0.20327892899513245
90000,train,10,56,0.9929397725444667,0.19991432130336761
90000,train,11,70,0.9877143219134578,0.21433036029338837
90000,train,12,66,0.992131343020563,0.20280957221984863
90000,train,13,68,0.9876963223826718,0.20821024477481842
90000,train,14,69,0.9876868355579219,0.21370071172714233
90000,train,16,74,0.9877742011463474,0.21105524897575378
90000,train,17,73,0.9910853595135664,0.2088749259710312
90000,train,18,60,0.9899320660459908,0.20429502427577972
90000,train,19,69,0.9935005059835345,0.1984635293483734
90000,train,20,58,0.992451643683412,0.20677922666072845
90000,train,21,75,0.9838640844572237,0.2141406238079071
90000,train,22,61,0.9890664047815715,0.20664148032665253
90000,train,23,57,0.9918099068417027,0.20044776797294617
90000,train,24,54,0.9921598615899735,0.20524702966213226
90000,train,25,69,0.9892861212133365,0.20593729615211487
90000,train,26,61,0.9894099230818437,0.20493701100349426
90000,train,28,58,0.9894121088034201,0.20104588568210602
90000,train,29,55,0.9950045432322665,0.1962515413761139
90000,train,30,69,0.9930267258462255,0.20085842907428741
90000,train,31,72,0.9946047863265375,0.19953852891921997
90000,train,32,56,0.9911458353782568,0.2045011967420578
90000,train,33,65,0.992979894818615,0.19962191581726074
90000,train,34,64,0.9932017692103969,0.20225802063941956
90000,train,35,67,0.9950443809995412,0.19692200422286987
90000,train,36,66,0.9932870824457941,0.20252269506454468
90000,train,37,70,0.9931346277187566,0.1982942819595337
90000,train,39,58,0.9927176930612333,0.20451416075229645
90000,train,40,58,0.988222745097207,0.21573035418987274
90000,train,41,65,0.9929175622425713,0.20004914700984955
90000,train,42,61,0.9928968635092639,0.20089693367481232
90000,train,43,74,0.9956017026622034,0.19880184531211853
90000,train,44,68,0.9913196814258872,0.2018379122018814
90000,train,45,60,0.9924576526689616,0.2027183473110199
90000,train,46,61,0.99240653212607,0.20031438767910004
90000,train,47,71,0.9942582601038067,0.2017623782157898
90000,train,48,58,0.9930649199130194,0.2031523883342743
90000,train,49,54,0.9941127581215848,0.19762176275253296
90000,train,50,76,0.9876461026960722,0.20662802457809448
90000,train,mean,3000,0.9916798658641109,0.20353715121746063
90000,held_interior,15,974,0.9664639879790131,0.2437560260295868
90000,held_interior,27,1061,0.9880759332842792,0.20851701498031616
90000,held_interior,38,965,0.9881550641339594,0.20922577381134033
90000,held_interior,mean,3000,0.9808983284657505,0.22018593549728394
90000,held_high,52,986,0.9658243786906415,0.24469952285289764
90000,held_high,55,1002,0.8937229261750869,0.3555988371372223
90000,held_high,58,1012,0.6465490784803924,0.7074670791625977
90000,held_high,mean,3000,0.8353654611153735,0.4378468096256256
100000,train,1,63,0.9954524270979266,0.19955985248088837
100000,train,2,61,0.9934674712170531,0.19342932105064392
100000,train,3,62,0.9949015110915291,0.20084695518016815
100000,train,4,60,0.9948093460522668,0.20239906013011932
100000,train,5,63,0.9954092141410582,0.20066502690315247
100000,train,6,65,0.9937688075378622,0.19568003714084625
100000,train,7,55,0.9949143434428143,0.19306957721710205
100000,train,8,62,0.9933624038126792,0.20230357348918915
100000,train,9,63,0.9938214446761413,0.2018946260213852
100000,train,10,56,0.9910057799949703,0.20096953213214874
100000,train,11,70,0.9903184385198572,0.20854759216308594
100000,train,12,66,0.9951423689791336,0.19743098318576813
100000,train,13,68,0.9898119905490806,0.20485875010490417
100000,train,14,69,0.9899728760045683,0.21161602437496185
100000,train,16,74,0.9860783422855245,0.21261925995349884
100000,train,17,73,0.9877368046354429,0.21452081203460693
100000,train,18,60,0.9915465382200019,0.20300307869911194
100000,train,19,69,0.9936464714245755,0.19831353425979614
100000,train,20,58,0.9933886613982457,0.2041223794221878
100000,train,21,75,0.9860309264555841,0.21010571718215942
100000,train,22,61,0.9848493843136696,0.2131277471780777
100000,train,23,57,0.9888575310068202,0.20588316023349762
100000,train,24,54,0.9912272219764847,0.20649869740009308
100000,train,25,69,0.9889283502973228,0.20565955340862274
100000,train,26,61,0.9892796168288336,0.20611265301704407
100000,train,28,58,0.9880238292272452,0.20467811822891235
100000,train,29,55,0.9923638536865756,0.2003687471151352
100000,train,30,69,0.9890728051438433,0.20723366737365723
100000,train,31,72,0.9928332329277119,0.20314449071884155
100000,train,32,56,0.9876472418749075,0.21111240983009338
100000,train,33,65,0.9877124052356389,0.20926934480667114
100000,train,34,64,0.983638322717668,0.21722298860549927
100000,train,35,67,0.9893932380517968,0.2057560533285141
100000,train,36,66,0.9885086451059564,0.2087467610836029
100000,train,37,70,0.9942685248459807,0.19541458785533905
100000,train,39,58,0.9949834700538939,0.19947199523448944
100000,train,40,58,0.9880710340475476,0.21740570664405823
100000,train,41,65,0.9908539288228158,0.2035285085439682
100000,train,42,61,0.9899776784895875,0.20459173619747162
100000,train,43,74,0.9943846632644084,0.20091518759727478
100000,train,44,68,0.9913174289119485,0.2017572522163391
100000,train,45,60,0.9911681531948824,0.20415575802326202
100000,train,46,61,0.9883514857206707,0.2049877792596817
100000,train,47,71,0.9890007658100791,0.20836034417152405
100000,train,48,58,0.9881142605461095,0.21185792982578278
100000,train,49,54,0.9913095658194943,0.20100967586040497
100000,train,50,76,0.984418202676326,0.21068577468395233
100000,train,mean,3000,0.9907051278326495,0.20489782094955444
100000,held_interior,15,974,0.9723992355920208,0.23503096401691437
100000,held_interior,27,1061,0.9878332898135836,0.20893537998199463
100000,held_interior,38,965,0.9918712701009557,0.20324869453907013
100000,held_interior,mean,3000,0.9840345985021867,0.21557855606079102
100000,held_high,52,986,0.9647271709870845,0.24584299325942993
100000,held_high,55,1002,0.8821365161905491,0.37283962965011597
100000,held_high,58,1012,0.652373261594638,0.6920263767242432
100000,held_high,mean,3000,0.8330789829240905,0.43877241015434265
110000,train,1,63,0.9952152064986924,0.20223939418792725
110000,train,2,61,0.9918924182383193,0.19568325579166412
110000,train,3,62,0.9921424437952708,0.20670782029628754
110000,train,4,60,0.9920125951359715,0.2063109129667282
110000,train,5,63,0.9930752646775293,0.20462153851985931
110000,train,6,65,0.9902950954821613,0.20011267066001892
110000,train,7,55,0.9897397164182042,0.2022595852613449
110000,train,8,62,0.9880018099525979,0.21062156558036804
110000,train,9,63,0.9925155773630043,0.20292137563228607
110000,train,10,56,0.9898555993905721,0.2052328735589981
110000,train,11,70,0.9892108036973655,0.2111642062664032
110000,train,12,66,0.9937071263468904,0.20049463212490082
110000,train,13,68,0.9878317321432861,0.20784366130828857
110000,train,14,69,0.9891850702280022,0.21253789961338043
110000,train,16,74,0.9882314216270691,0.20970939099788666
110000,train,17,73,0.9910771723361711,0.20968525111675262
110000,train,18,60,0.9917761632765567,0.2037101536989212
110000,train,19,69,0.993548283056344,0.19824883341789246
110000,train,20,58,0.992111275984821,0.20678013563156128
110000,train,21,75,0.9861662017741456,0.21165290474891663
110000,train,22,61,0.9889277146012423,0.20730313658714294
110000,train,23,57,0.9917572563189867,0.20110639929771423
110000,train,24,54,0.9938287242155304,0.2030869573354721
110000,train,25,69,0.9900921133928721,0.20408304035663605
110000,train,26,61,0.9919184061932486,0.20137529075145721
110000,train,28,58,0.9918776516408409,0.19807906448841095
110000,train,29,55,0.9964262507298666,0.1934032142162323
110000,train,30,69,0.9932940359917013,0.20032531023025513
110000,train,31,72,0.9950060789104455,0.19834370911121368
110000,train,32,56,0.9896743340666049,0.20681007206439972
110000,train,33,65,0.9881348659890146,0.20850993692874908
110000,train,34,64,0.9857949598456914,0.21194171905517578
110000,train,35,67,0.9911514031877121,0.20372776687145233
110000,train,36,66,0.9909469566136785,0.20535250008106232
110000,train,37,70,0.9919095170929553,0.20022809505462646
110000,train,39,58,0.9935504040985147,0.20376548171043396
110000,train,40,58,0.9915350385073624,0.2116893231868744
110000,train,41,65,0.9919575456327173,0.20123142004013062
110000,train,42,61,0.98845368836651,0.20681320130825043
110000,train,43,74,0.9940246136651856,0.20155386626720428
110000,train,44,68,0.9903798342348814,0.20348934829235077
110000,train,45,60,0.9904025306857782,0.20694278180599213
110000,train,46,61,0.9896803791591894,0.20383240282535553
110000,train,47,71,0.9912323491999766,0.20680807530879974
110000,train,48,58,0.990188997116217,0.20839336514472961
110000,train,49,54,0.991542815403448,0.20123547315597534
110000,train,50,76,0.9866417582488498,0.20773200690746307
110000,train,mean,3000,0.991019600011319,0.20468154549598694
110000,held_interior,15,974,0.9716211914156395,0.23609259724617004
110000,held_interior,27,1061,0.9896908421099795,0.2064466029405594
110000,held_interior,38,965,0.9889048145468571,0.20840050280094147
110000,held_interior,mean,3000,0.9834056160241588,0.21670015156269073
110000,held_high,52,986,0.9647072202589927,0.24688130617141724
110000,held_high,55,1002,0.9026917116509015,0.3422345519065857
110000,held_high,58,1012,0.6954247000508298,0.6381601095199585
110000,held_high,mean,3000,0.854274543986908,0.41072067618370056
120000,train,1,63,0.9956010228375607,0.19965671002864838
120000,train,2,61,0.9940674164503623,0.19305293262004852
120000,train,3,62,0.9947969445409895,0.20106974244117737
120000,train,4,60,0.9946705141633239,0.20206274092197418
120000,train,5,63,0.9949734146674315,0.20092734694480896
120000,train,6,65,0.9924902730501208,0.19750161468982697
120000,train,7,55,0.9938353786866401,0.1946897655725479
120000,train,8,62,0.9937814904056698,0.20258687436580658
120000,train,9,63,0.9935025498109353,0.20192381739616394
120000,train,10,56,0.9903414815135285,0.20353566110134125
120000,train,11,70,0.9879120864172336,0.21303504705429077
120000,train,12,66,0.9933294328225392,0.20161756873130798
120000,train,13,68,0.9891369819051146,0.2053459882736206
120000,train,14,69,0.9917861587877023,0.2076779156923294
120000,train,16,74,0.992259581759461,0.2049972116947174
120000,train,17,73,0.9926682206914775,0.20602336525917053
120000,train,18,60,0.9947882287643626,0.1992606520652771
120000,train,19,69,0.9947282479052205,0.19691672921180725
120000,train,20,58,0.9947868928974567,0.20255641639232635
120000,train,21,75,0.9870584605997393,0.2102763056755066
120000,train,22,61,0.9894021740713892,0.20638880133628845
120000,train,23,57,0.9928016670486387,0.19926133751869202
120000,train,24,54,0.9932398746136758,0.20352663099765778
120000,train,25,69,0.9899850823187317,0.20363165438175201
120000,train,26,61,0.9928517527727414,0.20043818652629852
120000,train,28,58,0.9878524625321239,0.20582623779773712
120000,train,29,55,0.9936082789246937,0.19785301387310028
120000,train,30,69,0.9929661910370399,0.20065277814865112
120000,train,31,72,0.9927561827684773,0.20243051648139954
120000,train,32,56,0.9871169803130808,0.21122293174266815
120000,train,33,65,0.9934918657180117,0.19955536723136902
120000,train,34,64,0.9913927305587664,0.20506688952445984
120000,train,35,67,0.9941461586290377,0.19713522493839264
120000,train,36,66,0.989554854708968,0.20729060471057892
120000,train,37,70,0.9924927621961448,0.19886191189289093
120000,train,39,58,0.9946490637259618,0.20015139877796173
120000,train,40,58,0.9920259468985384,0.2110138088464737
120000,train,41,65,0.9910281337494423,0.20439667999744415
120000,train,42,61,0.9913355928521458,0.2011765092611313
120000,train,43,74,0.9944865607272828,0.2011323869228363
120000,train,44,68,0.9908443131126331,0.2028656005859375
120000,train,45,60,0.9937767981375859,0.2001364380121231
120000,train,46,61,0.9922902084498955,0.19975166022777557
120000,train,47,71,0.9940364190223917,0.2005372941493988
120000,train,48,58,0.9928989777397453,0.20388269424438477
120000,train,49,54,0.995471673237151,0.1946139931678772
120000,train,50,76,0.9888797918346794,0.20249754190444946
120000,train,mean,3000,0.9923807931143795,0.20234665274620056
120000,held_interior,15,974,0.9821076063525476,0.2197621762752533
120000,held_interior,27,1061,0.9893765988256946,0.20714399218559265
120000,held_interior,38,965,0.9905837625802251,0.20571742951869965
120000,held_interior,mean,3000,0.9873559892528224,0.21078181266784668
120000,held_high,52,986,0.9670977993064391,0.24311219155788422
120000,held_high,55,1002,0.863640967722978,0.4016835689544678
120000,held_high,58,1012,0.6998775573111857,0.6323791742324829
120000,held_high,mean,3000,0.8435387747802009,0.4273877739906311
130000,train,1,63,0.9936007632395076,0.2043028324842453
130000,train,2,61,0.9901492018119207,0.1999582052230835
130000,train,3,62,0.9930136392985103,0.20509935915470123
130000,train,4,60,0.9931428173539443,0.20564226806163788
130000,train,5,63,0.9936774998144572,0.20398862659931183
130000,train,6,65,0.9914221474215148,0.20082855224609375
130000,train,7,55,0.9932242429563776,0.19729092717170715
130000,train,8,62,0.9915608121820405,0.20675615966320038
130000,train,9,63,0.9916457186532419,0.20679737627506256
130000,train,10,56,0.9906448391082154,0.2054978609085083
130000,train,11,70,0.9904756448865958,0.20985333621501923
130000,train,12,66,0.9942431297879206,0.200448140501976
130000,train,13,68,0.9898526699592923,0.20499898493289948
130000,train,14,69,0.9897958544277302,0.21221992373466492
130000,train,16,74,0.9872480549466245,0.21236862242221832
130000,train,17,73,0.9898180690217506,0.21126753091812134
130000,train,18,60,0.9905524820270075,0.2039632350206375
130000,train,19,69,0.993638997334188,0.19827739894390106
130000,train,20,58,0.9941770977781944,0.20287427306175232
130000,train,21,75,0.9844118589449374,0.21383796632289886
130000,train,22,61,0.988420840873483,0.2084587812423706
130000,train,23,57,0.9932387351936578,0.19810965657234192
130000,train,24,54,0.9919779078831982,0.2060854583978653
130000,train,25,69,0.9889984075706688,0.20677272975444794
130000,train,26,61,0.98892951334892,0.2089834213256836
130000,train,28,58,0.9885549110812983,0.20407778024673462
130000,train,29,55,0.9946432662565593,0.19837287068367004
130000,train,30,69,0.9939068126797953,0.19983837008476257
130000,train,31,72,0.9957233105130033,0.19814807176589966
130000,train,32,56,0.9917058788883543,0.20408253371715546
130000,train,33,65,0.9934978793812722,0.19963230192661285
130000,train,34,64,0.9914528716135143,0.2064937949180603
130000,train,35,67,0.9948908634181743,0.19780264794826508
130000,train,36,66,0.9937448067915955,0.2016047239303589
130000,train,37,70,0.9948559136903984,0.19663405418395996
130000,train,39,58,0.994720280598743,0.2015639990568161
130000,train,40,58,0.9927413498937117,0.20976212620735168
130000,train,41,65,0.9921273608528655,0.20146261155605316
130000,train,42,61,0.9921005935344339,0.2020718902349472
130000,train,43,74,0.9940462748882037,0.20336852967739105
130000,train,44,68,0.9901108074415361,0.2046007663011551
130000,train,45,60,0.9916163860962077,0.2061808705329895
130000,train,46,61,0.9912419124468548,0.20171427726745605
130000,train,47,71,0.991758072286213,0.20451167225837708
130000,train,48,58,0.9932251033804712,0.20422253012657166
130000,train,49,54,0.9941984272709541,0.19658811390399933
130000,train,50,76,0.9889733521440428,0.20279718935489655
130000,train,mean,3000,0.9918659017228107,0.20393520593643188
130000,held_interior,15,974,0.9682141055036255,0.24119213223457336
130000,held_interior,27,1061,0.9874116934722711,0.21052537858486176
130000,held_interior,38,965,0.9918844110466329,0.20346683263778687
130000,held_interior,mean,3000,0.9825034033408432,0.2182113379240036
130000,held_high,52,986,0.9640653561272458,0.24805967509746552
130000,held_high,55,1002,0.9003350479085916,0.34469011425971985
130000,held_high,58,1012,0.6833110063146085,0.6481420397758484
130000,held_high,mean,3000,0.849237136783482,0.4152953624725342
140000,train,1,63,0.9981202253909289,0.19591276347637177
140000,train,2,61,0.9926513228819238,0.19489525258541107
140000,train,3,62,0.9953591010448026,0.1993403285741806
140000,train,4,60,0.9940338113971278,0.2042439728975296
140000,train,5,63,0.9955494010440771,0.20166215300559998
140000,train,6,65,0.9929994658324757,0.19666419923305511
140000,train,7,55,0.9943582944301226,0.193807914853096
140000,train,8,62,0.9944373430500919,0.20134340226650238
140000,train,9,63,0.9937627260141761,0.20141877233982086
140000,train,10,56,0.9930266266800425,0.1987411081790924
140000,train,11,70,0.9919148726228317,0.20717541873455048
140000,train,12,66,0.996006522442344,0.19585826992988586
140000,train,13,68,0.9919874910281967,0.20058998465538025
140000,train,14,69,0.9916947453364301,0.20718003809452057
140000,train,16,74,0.9886941144951373,0.20998486876487732
140000,train,17,73,0.9893956362728654,0.2126033902168274
140000,train,18,60,0.9908775880702216,0.20448307693004608
140000,train,19,69,0.9952004134353254,0.1954365372657776
140000,train,20,58,0.9935063875823222,0.20414993166923523
140000,train,21,75,0.9907623246636131,0.20450209081172943
140000,train,22,61,0.9929229541362163,0.2004968822002411
140000,train,23,57,0.9923382462663876,0.1993546336889267
140000,train,24,54,0.9953612708223052,0.1998843401670456
140000,train,25,69,0.9911033748394441,0.20204049348831177
140000,train,26,61,0.9916794674397861,0.20231303572654724
140000,train,28,58,0.9892906456196824,0.20288975536823273
140000,train,29,55,0.9941218838648984,0.1973109096288681
140000,train,30,69,0.9913952009231438,0.2039477527141571
140000,train,31,72,0.9951590120694245,0.19917453825473785
140000,train,32,56,0.9884919457007743,0.21017514169216156
140000,train,33,65,0.9899112337063306,0.2042822688817978
140000,train,34,64,0.9882264596497274,0.2099616974592209
140000,train,35,67,0.989367793413033,0.20587246119976044
140000,train,36,66,0.987637594701238,0.21169263124465942
140000,train,37,70,0.9920021384304591,0.20089727640151978
140000,train,39,58,0.9935837798232328,0.2023119032382965
140000,train,40,58,0.9913531200919182,0.21265916526317596
140000,train,41,65,0.9919910317731915,0.20196178555488586
140000,train,42,61,0.9896589555725646,0.20470423996448517
140000,train,43,74,0.9941021683626182,0.20126308500766754
140000,train,44,68,0.9899352666416089,0.20445896685123444
140000,train,45,60,0.9932565946604379,0.20121891796588898
140000,train,46,61,0.9899761836625776,0.20355965197086334
140000,train,47,71,0.9903441358832216,0.20628836750984192
140000,train,48,58,0.9887373232562189,0.21118292212486267
140000,train,49,54,0.9873348124273352,0.208213210105896
140000,train,50,76,0.9849860769338221,0.20972692966461182
140000,train,mean,3000,0.9918852571146096,0.20323777198791504
140000,held_interior,15,974,0.9702080366047814,0.2381698340177536
140000,held_interior,27,1061,0.9873544289064139,0.20997850596904755
140000,held_interior,38,965,0.9885811585713277,0.20877552032470703
140000,held_interior,mean,3000,0.9820478746941742,0.21874432265758514
140000,held_high,52,986,0.9626417207540431,0.24963071942329407
140000,held_high,55,1002,0.9065421792421404,0.33608928322792053
140000,held_high,58,1012,0.7007702633386357,0.6324296593666077
140000,held_high,mean,3000,0.856651387778273,0.4076387584209442
150000,train,1,63,0.9953064893226976,0.20115414261817932
150000,train,2,61,0.9898991132578092,0.19978752732276917
150000,train,3,62,0.992780327185936,0.20520439743995667
150000,train,4,60,0.9936674176703143,0.20397795736789703
150000,train,5,63,0.9967304487653517,0.19808346033096313
150000,train,6,65,0.9940831036335126,0.19490842521190643
150000,train,7,55,0.9948516226096523,0.19227014482021332
150000,train,8,62,0.9933868561132236,0.2022131085395813
150000,train,9,63,0.9922312627395543,0.20394247770309448
150000,train,10,56,0.9906839864223201,0.20313739776611328
150000,train,11,70,0.9894789365729284,0.21058103442192078
150000,train,12,66,0.9937299478075831,0.19968798756599426
150000,train,13,68,0.9904424004761457,0.20300708711147308
150000,train,14,69,0.9916310498553079,0.20657677948474884
150000,train,16,74,0.988853042700835,0.21116280555725098
150000,train,17,73,0.9906514799515813,0.20942233502864838
150000,train,18,60,0.9908705632724681,0.20320391654968262
150000,train,19,69,0.9936308910181354,0.19817137718200684
150000,train,20,58,0.9938602352934682,0.2036530077457428
150000,train,21,75,0.9896057999372027,0.2066287100315094
150000,train,22,61,0.9906381381538159,0.20431888103485107
150000,train,23,57,0.991407257826797,0.2017601877450943
150000,train,24,54,0.9930956148569937,0.20430123805999756
150000,train,25,69,0.9904158993838603,0.20287826657295227
150000,train,26,61,0.992392357055586,0.20201937854290009
150000,train,28,58,0.9918812306960522,0.19904613494873047
150000,train,29,55,0.9948042269338013,0.19635672867298126
150000,train,30,69,0.9943381970076419,0.1996067613363266
150000,train,31,72,0.9946751414890478,0.19982603192329407
150000,train,32,56,0.9916848457696826,0.20432637631893158
150000,train,33,65,0.9904766409456188,0.2040296345949173
150000,train,34,64,0.9885685156285566,0.2090902477502823
150000,train,35,67,0.9917837889545571,0.20245333015918732
150000,train,36,66,0.9885475001738754,0.20894375443458557
150000,train,37,70,0.9919456834224939,0.20084166526794434
150000,train,39,58,0.99523581377066,0.1994742900133133
150000,train,40,58,0.9925522394423199,0.20937633514404297
150000,train,41,65,0.992600099932304,0.19975656270980835
150000,train,42,61,0.9909775888988444,0.20417414605617523
150000,train,43,74,0.9942017659569333,0.2015998512506485
150000,train,44,68,0.9910573403737577,0.20252247154712677
150000,train,45,60,0.9937966423149899,0.20135091245174408
150000,train,46,61,0.990722462814316,0.20303881168365479
150000,train,47,71,0.9915356567233395,0.20684055984020233
150000,train,48,58,0.9920658688689368,0.20580339431762695
150000,train,49,54,0.9939263900435366,0.19813503324985504
150000,train,50,76,0.9891617551732307,0.20305103063583374
150000,train,mean,3000,0.9921460348344165,0.20291894674301147
150000,held_interior,15,974,0.9663430847077171,0.24450701475143433
150000,held_interior,27,1061,0.9888609480203442,0.20744286477565765
150000,held_interior,38,965,0.9924885898376304,0.20186811685562134
150000,held_interior,mean,3000,0.9825642075218973,0.2176831215620041
150000,held_high,52,986,0.9622095102476436,0.25071820616722107
150000,held_high,55,1002,0.8728773642041849,0.38632386922836304
150000,held_high,58,1012,0.6170833377185145,0.7443201541900635
150000,held_high,mean,3000,0.8173900707234477,0.46251893043518066
160000,train,1,63,0.9939962087688348,0.20322467386722565
160000,train,2,61,0.9907717168253334,0.1967668980360031
160000,train,3,62,0.9953521523532427,0.19915589690208435
160000,train,4,60,0.9935102060319715,0.20467686653137207
160000,train,5,63,0.994164120926812,0.20322878658771515
160000,train,6,65,0.993046985280964,0.19759586453437805
160000,train,7,55,0.9923949185271865,0.19727157056331635
160000,train,8,62,0.9927468234647865,0.20359361171722412
160000,train,9,63,0.9919497829377544,0.20511934161186218
160000,train,10,56,0.990972100627587,0.2038150131702423
160000,train,11,70,0.9897450376813245,0.21064013242721558
160000,train,12,66,0.9940103970089293,0.19959156215190887
160000,train,13,68,0.98723372668759,0.2075827270746231
160000,train,14,69,0.9891462585333939,0.2129555344581604
160000,train,16,74,0.9842513365696894,0.21630509197711945
160000,train,17,73,0.9895049131949382,0.212185800075531
160000,train,18,60,0.9918686136462309,0.20130863785743713
160000,train,19,69,0.9936595837206535,0.1989416927099228
160000,train,20,58,0.9913165970214027,0.20701181888580322
160000,train,21,75,0.9854383779791119,0.21160247921943665
160000,train,22,61,0.9867701869654139,0.21064509451389313
160000,train,23,57,0.988867074694,0.20538851618766785
160000,train,24,54,0.992191086884241,0.2056032419204712
160000,train,25,69,0.9872047795407839,0.20916442573070526
160000,train,26,61,0.988563168737927,0.20505709946155548
160000,train,28,58,0.9894462739260697,0.20122040808200836
160000,train,29,55,0.9945211003458869,0.19754371047019958
160000,train,30,69,0.9954971225476869,0.19639921188354492
160000,train,31,72,0.9952213337496613,0.19861632585525513
160000,train,32,56,0.9932539750738237,0.20149770379066467
160000,train,33,65,0.9944153164900664,0.19831687211990356
160000,train,34,64,0.993371508787374,0.20128647983074188
160000,train,35,67,0.9948161569271753,0.19703401625156403
160000,train,36,66,0.9928925336534448,0.20310549437999725
160000,train,37,70,0.9956004373515336,0.19414345920085907
160000,train,39,58,0.994664655307593,0.1995038092136383
160000,train,40,58,0.993624995355802,0.2081182897090912
160000,train,41,65,0.99301113300392,0.20055250823497772
160000,train,42,61,0.9936371189521503,0.1991320103406906
160000,train,43,74,0.9961019006105974,0.19842222332954407
160000,train,44,68,0.992265407888026,0.1998385339975357
160000,train,45,60,0.994879506968375,0.19816069304943085
160000,train,46,61,0.9930483904568628,0.19825619459152222
160000,train,47,71,0.9950266195089145,0.19975546002388
160000,train,48,58,0.9940623050627939,0.2021797001361847
160000,train,49,54,0.9944748117418664,0.19676603376865387
160000,train,50,76,0.990024666920401,0.20165486633777618
160000,train,mean,3000,0.9921815622391514,0.20265917479991913
160000,held_interior,15,974,0.9593243181897692,0.2548183798789978
160000,held_interior,27,1061,0.9859908016773511,0.21203625202178955
160000,held_interior,38,965,0.9918725539486178,0.20351767539978027
160000,held_interior,mean,3000,0.9790625579385793,0.22318606078624725
160000,held_high,52,986,0.9674171980454869,0.24230101704597473
160000,held_high,55,1002,0.9020234986725357,0.3427504301071167
160000,held_high,58,1012,0.6729589675378063,0.6677064895629883
160000,held_high,mean,3000,0.8474665547519429,0.4193545877933502
170000,train,1,63,0.9957282138974727,0.1998782455921173
170000,train,2,61,0.9931911057609434,0.19395574927330017
170000,train,3,62,0.9943815739920114,0.20175118744373322
170000,train,4,60,0.9948381739268689,0.20225383341312408
170000,train,5,63,0.9944532804707346,0.20210973918437958
170000,train,6,65,0.9903360529721354,0.2010735124349594
170000,train,7,55,0.99052224626301,0.20185144245624542
170000,train,8,62,0.990078244818083,0.20846599340438843
170000,train,9,63,0.9919544787078104,0.2059985250234604
170000,train,10,56,0.9904190095221523,0.20448385179042816
170000,train,11,70,0.9884219526028911,0.21285037696361542
170000,train,12,66,0.9922765893273569,0.20384156703948975
170000,train,13,68,0.9862939420712764,0.20902657508850098
170000,train,14,69,0.9880424943089531,0.21512599289417267
170000,train,16,74,0.9894358300940429,0.20914654433727264
170000,train,17,73,0.9893712547716608,0.2121138572692871
170000,train,18,60,0.9901092396757111,0.20597396790981293
170000,train,19,69,0.9925534924453201,0.20062978565692902
170000,train,20,58,0.9932609334234593,0.20487608015537262
170000,train,21,75,0.9875596760174434,0.20885327458381653
170000,train,22,61,0.9912160603652707,0.20236901938915253
170000,train,23,57,0.991281526606944,0.2013930082321167
170000,train,24,54,0.9934239445005434,0.2035486251115799
170000,train,25,69,0.9908330926246517,0.20431870222091675
170000,train,26,61,0.9919954264345974,0.20240192115306854
170000,train,28,58,0.9890990909987033,0.2031429558992386
170000,train,29,55,0.9936725546896047,0.19791807234287262
170000,train,30,69,0.9918708612215917,0.20347905158996582
170000,train,31,72,0.9917315950458381,0.20567218959331512
170000,train,32,56,0.9869779500798543,0.212361142039299
170000,train,33,65,0.993519793773582,0.19983777403831482
170000,train,34,64,0.9913456409419789,0.20542463660240173
170000,train,35,67,0.99401427192584,0.19876301288604736
170000,train,36,66,0.9905946693650002,0.20690874755382538
170000,train,37,70,0.9917437043260605,0.19937697052955627
170000,train,39,58,0.9930252890262018,0.203576922416687
170000,train,40,58,0.9911326371964005,0.21182881295681
170000,train,41,65,0.9897087774054687,0.20527495443820953
170000,train,42,61,0.9866641359350413,0.2095651775598526
170000,train,43,74,0.993725057703503,0.20206210017204285
170000,train,44,68,0.9908385428131526,0.20331554114818573
170000,train,45,60,0.9947169258357746,0.19894446432590485
170000,train,46,61,0.9944100945519041,0.19649633765220642
170000,train,47,71,0.9950158059113589,0.2007734328508377
170000,train,48,58,0.9940255565069217,0.20131465792655945
170000,train,49,54,0.992554602624048,0.1994228959083557
170000,train,50,76,0.9899463149818873,0.20190520584583282
170000,train,mean,3000,0.991538546988533,0.20404887199401855
170000,held_interior,15,974,0.9741480814495166,0.23192352056503296
170000,held_interior,27,1061,0.9897416810724327,0.20619507133960724
170000,held_interior,38,965,0.9888540045740751,0.2082989364862442
170000,held_interior,mean,3000,0.9842479223653414,0.2152249813079834
170000,held_high,52,986,0.9731959698671364,0.23360323905944824
170000,held_high,55,1002,0.8945864077568297,0.3533978760242462
170000,held_high,58,1012,0.7121593694119502,0.6150040626525879
170000,held_high,mean,3000,0.8599805823453055,0.40227383375167847
180000,train,1,63,0.9968036737318304,0.19847242534160614
180000,train,2,61,0.9934565236794813,0.19437438249588013
180000,train,3,62,0.9946597840014143,0.20082949101924896
180000,train,4,60,0.9949960405808275,0.20308946073055267
180000,train,5,63,0.9946448590829654,0.2029547542333603
180000,train,6,65,0.9908121033780655,0.2002263069152832
180000,train,7,55,0.9928797267436089,0.19592680037021637
180000,train,8,62,0.991768809887667,0.205583393573761
180000,train,9,63,0.9916721078797736,0.20616118609905243
180000,train,10,56,0.9903654278520087,0.203687384724617
180000,train,11,70,0.9878265723374484,0.2128479778766632
180000,train,12,66,0.9913517304923727,0.20353221893310547
180000,train,13,68,0.9860393989854922,0.21019026637077332
180000,train,14,69,0.9876905401940081,0.214096337556839
180000,train,16,74,0.9900737134707605,0.2078869342803955
180000,train,17,73,0.9911962589766425,0.2097514569759369
180000,train,18,60,0.9912505711380402,0.20384475588798523
180000,train,19,69,0.9939326496014761,0.19789858162403107
180000,train,20,58,0.99510398945122,0.20088548958301544
180000,train,21,75,0.9897861039384517,0.204506516456604
180000,train,22,61,0.9929994124206118,0.2024514526128769
180000,train,23,57,0.994528579580242,0.19622793793678284
180000,train,24,54,0.9949186778440385,0.20113661885261536
180000,train,25,69,0.9914946781439046,0.2018774002790451
180000,train,26,61,0.9924257126995453,0.20148132741451263
180000,train,28,58,0.9926840075716563,0.19723735749721527
180000,train,29,55,0.9947313925190903,0.19632138311862946
180000,train,30,69,0.9930712135359787,0.2017909437417984
180000,train,31,72,0.9927904776052938,0.20242071151733398
180000,train,32,56,0.9895635280778795,0.20882083475589752
180000,train,33,65,0.9892437856924297,0.20634448528289795
180000,train,34,64,0.9876505330649055,0.21197256445884705
180000,train,35,67,0.9917733512554995,0.20179983973503113
180000,train,36,66,0.9893770939080511,0.20990507304668427
180000,train,37,70,0.9936919916724285,0.19757835566997528
180000,train,39,58,0.9956508499110854,0.19980014860630035
180000,train,40,58,0.9910996860324548,0.21152956783771515
180000,train,41,65,0.9911410303659105,0.20324468612670898
180000,train,42,61,0.9901691816108565,0.20584231615066528
180000,train,43,74,0.9940984334395028,0.2021838128566742
180000,train,44,68,0.9887977916430167,0.20719410479068756
180000,train,45,60,0.9899102350364324,0.20745216310024261
180000,train,46,61,0.9910246071605556,0.2015935331583023
180000,train,47,71,0.9915151557430382,0.20665669441223145
180000,train,48,58,0.9880748922382243,0.210825115442276
180000,train,49,54,0.992665587568535,0.19996875524520874
180000,train,50,76,0.9846572345331313,0.21160577237606049
180000,train,mean,3000,0.991618291622933,0.20403753221035004
180000,held_interior,15,974,0.9707070208902249,0.2375648319721222
180000,held_interior,27,1061,0.9908651023257912,0.20442967116832733
180000,held_interior,38,965,0.9910166972717038,0.20462900400161743
180000,held_interior,mean,3000,0.9841962734959067,0.21525168418884277
180000,held_high,52,986,0.964544006153462,0.24743019044399261
180000,held_high,55,1002,0.892647084296975,0.3576863408088684
180000,held_high,58,1012,0.7156259730518574,0.6113430261611938
180000,held_high,mean,3000,0.8576056878340982,0.4070156216621399
190000,train,1,63,0.9945040842664803,0.20241905748844147
190000,train,2,61,0.9915199022698808,0.19634482264518738
190000,train,3,62,0.9944015075888056,0.20231035351753235
190000,train,4,60,0.9958463972620969,0.2011740356683731
190000,train,5,63,0.9967717893986462,0.19797572493553162
190000,train,6,65,0.9947683810296764,0.19504670798778534
190000,train,7,55,0.9951340711500349,0.19312220811843872
190000,train,8,62,0.9926814237691222,0.20405104756355286
190000,train,9,63,0.9929655367092125,0.20387373864650726
190000,train,10,56,0.9911822374101557,0.2031489461660385
190000,train,11,70,0.9893171013734201,0.21125754714012146
190000,train,12,66,0.9947241611556507,0.199604332447052
190000,train,13,68,0.9893509165049055,0.20452187955379486
190000,train,14,69,0.9904763977837737,0.2099296897649765
190000,train,16,74,0.9916693035813242,0.20618392527103424
190000,train,17,73,0.9920627689365592,0.207107275724411
190000,train,18,60,0.9922699530507608,0.2025025635957718
190000,train,19,69,0.9937364774640021,0.19848652184009552
190000,train,20,58,0.9930531085940943,0.20466260612010956
190000,train,21,75,0.9883534730708369,0.20763131976127625
190000,train,22,61,0.9908138133900797,0.2041863650083542
190000,train,23,57,0.9914049373981544,0.2016538679599762
190000,train,24,54,0.9930997454761337,0.2035628706216812
190000,train,25,69,0.9903150662650144,0.20339219272136688
190000,train,26,61,0.99108366408691,0.20282088220119476
190000,train,28,58,0.9920386962718751,0.19899626076221466
190000,train,29,55,0.9957535338428792,0.1933920979499817
190000,train,30,69,0.9942939421582007,0.19896285235881805
190000,train,31,72,0.9952525473037763,0.19716481864452362
190000,train,32,56,0.9891253918197533,0.20791350305080414
190000,train,33,65,0.9931191683571636,0.19911710917949677
190000,train,34,64,0.9885859794532281,0.2093212902545929
190000,train,35,67,0.9944274620995882,0.19871211051940918
190000,train,36,66,0.9934846674548861,0.20155200362205505
190000,train,37,70,0.9959760296414157,0.1941959112882614
190000,train,39,58,0.9959898434552241,0.1975545585155487
190000,train,40,58,0.9952463637499441,0.20632272958755493
190000,train,41,65,0.993502958435588,0.19867126643657684
190000,train,42,61,0.9911215637496633,0.2031877189874649
190000,train,43,74,0.9940354297033839,0.20213258266448975
190000,train,44,68,0.9903010747572059,0.20445938408374786
190000,train,45,60,0.9918118296527596,0.20312179625034332
190000,train,46,61,0.9910644833121417,0.2008739858865738
190000,train,47,71,0.9927895339394003,0.2016032636165619
190000,train,48,58,0.993728574159584,0.2020837515592575
190000,train,49,54,0.9951846894412797,0.1949659287929535
190000,train,50,76,0.987803512781681,0.20380418002605438
190000,train,mean,3000,0.9926839041388587,0.20191200077533722
190000,held_interior,15,974,0.9744881134194693,0.23148733377456665
190000,held_interior,27,1061,0.9907519963669904,0.20458289980888367
190000,held_interior,38,965,0.9936824863169994,0.2004745453596115
190000,held_interior,mean,3000,0.9863075320344863,0.21199636161327362
190000,held_high,52,986,0.9690167454900055,0.2399081438779831
190000,held_high,55,1002,0.8920408311918145,0.35713520646095276
190000,held_high,58,1012,0.7153006311670009,0.6070860624313354
190000,held_high,mean,3000,0.8587860692829402,0.4029233455657959
200000,train,1,63,0.9945777450958663,0.20159319043159485
200000,train,2,61,0.9915444889909089,0.19590342044830322
200000,train,3,62,0.9944952112166329,0.20123881101608276
200000,train,4,60,0.9935183963954956,0.2043355405330658
200000,train,5,63,0.9946225934649158,0.20237162709236145
200000,train,6,65,0.9956624086157937,0.19258719682693481
200000,train,7,55,0.9945306425180226,0.19335420429706573
200000,train,8,62,0.9942337772214335,0.20047977566719055
200000,train,9,63,0.9956829288038141,0.19913332164287567
200000,train,10,56,0.9928906264160184,0.20060668885707855
200000,train,11,70,0.9906257639171276,0.21057449281215668
200000,train,12,66,0.9936723079464357,0.20010067522525787
200000,train,13,68,0.9907308545469523,0.2028513252735138
200000,train,14,69,0.9912925639116853,0.20810310542583466
200000,train,16,74,0.9894633351916089,0.20951199531555176
200000,train,17,73,0.9882359075327707,0.21469320356845856
200000,train,18,60,0.993460601560548,0.1999490112066269
200000,train,19,69,0.9968305177460506,0.1933889240026474
200000,train,20,58,0.9939339613931696,0.20346979796886444
200000,train,21,75,0.9928041199801773,0.20080168545246124
200000,train,22,61,0.9941620893022577,0.19986233115196228
200000,train,23,57,0.995000897984229,0.19539958238601685
200000,train,24,54,0.9955758267559254,0.19885170459747314
200000,train,25,69,0.994378699157873,0.1976919323205948
200000,train,26,61,0.994235631283133,0.1979890763759613
200000,train,28,58,0.9937995786458529,0.1955047845840454
200000,train,29,55,0.9944364804463133,0.19597965478897095
200000,train,30,69,0.9928470509055333,0.20215651392936707
200000,train,31,72,0.9931986869264304,0.20266778767108917
200000,train,32,56,0.9896897100747112,0.20796380937099457
200000,train,33,65,0.9904906273839665,0.2066027969121933
200000,train,34,64,0.9895397052265265,0.2081369161605835
200000,train,35,67,0.9938832567379697,0.198706716299057
200000,train,36,66,0.9928804341227844,0.20233304798603058
200000,train,37,70,0.9944577653910345,0.19532369077205658
200000,train,39,58,0.9938503135098162,0.20202893018722534
200000,train,40,58,0.9945180108496103,0.20908641815185547
200000,train,41,65,0.9951501094793238,0.19655509293079376
200000,train,42,61,0.9931883958471494,0.20149371027946472
200000,train,43,74,0.9963717874109873,0.19680297374725342
200000,train,44,68,0.9948054426309295,0.1962028294801712
200000,train,45,60,0.9948886357302493,0.19827468693256378
200000,train,46,61,0.9940804326201954,0.19771400094032288
200000,train,47,71,0.9950002868906421,0.20083704590797424
200000,train,48,58,0.992977438000378,0.20157861709594727
200000,train,49,54,0.9939570917881809,0.1971798688173294
200000,train,50,76,0.9910233725203739,0.20050041377544403
200000,train,mean,3000,0.9934297129805916,0.20092278718948364
200000,held_interior,15,974,0.9865284937691884,0.21227024495601654
200000,held_interior,27,1061,0.9930434375336865,0.20071560144424438
200000,held_interior,38,965,0.991471571014877,0.20396599173545837
200000,held_interior,mean,3000,0.9903478341059172,0.20551253855228424
200000,held_high,52,986,0.977651127568548,0.22632521390914917
200000,held_high,55,1002,0.935569629051083,0.2920279800891876
200000,held_high,58,1012,0.8574578113599213,0.40970495343208313
200000,held_high,mean,3000,0.9235595226598506,0.3101300597190857
210000,train,1,63,0.9963757185366461,0.1983289122581482
210000,train,2,61,0.9964579921791403,0.19060969352722168
210000,train,3,62,0.9980500180900953,0.19473017752170563
210000,train,4,60,0.9970463172820442,0.19967812299728394
210000,train,5,63,0.9984697289741418,0.1956806480884552
210000,train,6,65,0.9976653405002524,0.1918434351682663
210000,train,7,55,0.9985121374790797,0.18632805347442627
210000,train,8,62,0.9986942444354004,0.1951928287744522
210000,train,9,63,0.9986593120438718,0.1933654099702835
210000,train,10,56,0.998098176823289,0.19201770424842834
210000,train,11,70,0.9982440594576666,0.19730494916439056
210000,train,12,66,0.9986441219037815,0.1923590451478958
210000,train,13,68,0.9984535876547621,0.18988309800624847
210000,train,14,69,0.9983759854316208,0.19663655757904053
210000,train,16,74,0.9974764646956383,0.19703108072280884
210000,train,17,73,0.997646885535142,0.19656231999397278
210000,train,18,60,0.9978530037292127,0.19371658563613892
210000,train,19,69,0.9983222652922673,0.1910916268825531
210000,train,20,58,0.9981322817156505,0.19719143211841583
210000,train,21,75,0.9972062069354247,0.1941927671432495
210000,train,22,61,0.9973489120558567,0.19424036145210266
210000,train,23,57,0.9979071625490464,0.1898144781589508
210000,train,24,54,0.9984656488350016,0.19494572281837463
210000,train,25,69,0.9977391395755795,0.19386596977710724
210000,train,26,61,0.9975612535701078,0.19424375891685486
210000,train,28,58,0.9984225383423134,0.19014237821102142
210000,train,29,55,0.9984952326498397,0.19125743210315704
210000,train,30,69,0.9974003912131443,0.19290108978748322
210000,train,31,72,0.9983322329637125,0.1933010071516037
210000,train,32,56,0.9977385144287152,0.1963142603635788
210000,train,33,65,0.9974068182731984,0.19313032925128937
210000,train,34,64,0.9973958484836726,0.195088192820549
210000,train,35,67,0.997253576844723,0.193510964512825
210000,train,36,66,0.9969122923635187,0.19525496661663055
210000,train,37,70,0.9985621245077926,0.18854263424873352
210000,train,39,58,0.9988395942074416,0.19283917546272278
210000,train,40,58,0.9972815774290198,0.202330082654953
210000,train,41,65,0.9983633177696487,0.19176585972309113
210000,train,42,61,0.9972028882177845,0.19511297345161438
210000,train,43,74,0.9983944547074045,0.19428369402885437
210000,train,44,68,0.9989630362267903,0.1904767006635666
210000,train,45,60,0.9986526443307184,0.19275815784931183
210000,train,46,61,0.9982558200352462,0.19184650480747223
210000,train,47,71,0.9984166377191829,0.19447050988674164
210000,train,48,58,0.9989237478388073,0.19261100888252258
210000,train,49,54,0.998700825622437,0.19022589921951294
210000,train,50,76,0.9976443915617283,0.19029292464256287
210000,train,mean,3000,0.9979779674684587,0.19362032413482666
210000,held_interior,15,974,0.99735259457134,0.19514988362789154
210000,held_interior,27,1061,0.9973745794749257,0.1941676288843155
210000,held_interior,38,965,0.997288614157929,0.1950443536043167
210000,held_interior,mean,3000,0.9973385960680649,0.1947685331106186
210000,held_high,52,986,0.9951544109335322,0.19772256910800934
210000,held_high,55,1002,0.9896554764820288,0.20545955002307892
210000,held_high,58,1012,0.9828243511933122,0.21811069548130035
210000,held_high,mean,3000,0.9892114128696243,0.207184299826622
220000,train,1,63,0.9953612149623017,0.19926849007606506
220000,train,2,61,0.9956300966684963,0.19169320166110992
220000,train,3,62,0.9979882865755854,0.1933591663837433
220000,train,4,60,0.9975503979490427,0.1980491578578949
220000,train,5,63,0.9976060778152313,0.19645315408706665
220000,train,6,65,0.9967344764949149,0.19212381541728973
220000,train,7,55,0.99672801331071,0.18826672434806824
220000,train,8,62,0.9981077672129074,0.1961645931005478
220000,train,9,63,0.9980926961000375,0.19416721165180206
220000,train,10,56,0.9970540617656398,0.19324325025081635
220000,train,11,70,0.997880476463365,0.1975056529045105
220000,train,12,66,0.9987478831784783,0.19182585179805756
220000,train,13,68,0.9979182639946838,0.19007758796215057
220000,train,14,69,0.9974710024837647,0.19793711602687836
220000,train,16,74,0.9962137013024444,0.198666051030159
220000,train,17,73,0.9973215364599914,0.1976332664489746
220000,train,18,60,0.9973842565744895,0.19342629611492157
220000,train,19,69,0.9980397009392512,0.19068551063537598
220000,train,20,58,0.9972473475653917,0.19714584946632385
220000,train,21,75,0.9967080434541293,0.19502045214176178
220000,train,22,61,0.9971135868262581,0.19462749361991882
220000,train,23,57,0.9979489822208144,0.18893881142139435
220000,train,24,54,0.9985912790907546,0.19471751153469086
220000,train,25,69,0.9976663258449854,0.1928052008152008
220000,train,26,61,0.9981729165787661,0.1930137723684311
220000,train,28,58,0.9983093545144625,0.18953034281730652
220000,train,29,55,0.9978963334627406,0.191863551735878
220000,train,30,69,0.9975640001553039,0.19292958080768585
220000,train,31,72,0.9979745128376721,0.19293402135372162
220000,train,32,56,0.9965630764189163,0.19708259403705597
220000,train,33,65,0.9966601704201692,0.19418860971927643
220000,train,34,64,0.996158184788211,0.1969738006591797
220000,train,35,67,0.9972651698877139,0.19319787621498108
220000,train,36,66,0.9959739237651131,0.19583354890346527
220000,train,37,70,0.9978521238400818,0.18919791281223297
220000,train,39,58,0.9984224896508797,0.19405943155288696
220000,train,40,58,0.9962891645275861,0.20268329977989197
220000,train,41,65,0.9985550056059193,0.19104161858558655
220000,train,42,61,0.9962900313305192,0.19650393724441528
220000,train,43,74,0.9980849195536052,0.19529011845588684
220000,train,44,68,0.9982372203414345,0.19119422137737274
220000,train,45,60,0.9976256576930049,0.19441400468349457
220000,train,46,61,0.9978580648780377,0.19235144555568695
220000,train,47,71,0.9984584511467084,0.19514800608158112
220000,train,48,58,0.9979086341972151,0.1934075504541397
220000,train,49,54,0.9976253477076087,0.192034050822258
220000,train,50,76,0.9967133968684082,0.1913832724094391
220000,train,mean,3000,0.9974375239451865,0.19406360387802124
220000,held_interior,15,974,0.99587205687768,0.19693563878536224
220000,held_interior,27,1061,0.9971981399628687,0.19394566118717194
220000,held_interior,38,965,0.996621447823329,0.1953192800283432
220000,held_interior,mean,3000,0.9965638815546258,0.1953582614660263
220000,held_high,52,986,0.9942173505812953,0.199098140001297
220000,held_high,55,1002,0.9899544848489187,0.2050655335187912
220000,held_high,58,1012,0.9822268874441463,0.2181071639060974
220000,held_high,mean,3000,0.9887995742914534,0.20750364661216736
230000,train,1,63,0.9951177534689994,0.20050209760665894
230000,train,2,61,0.99609506943929,0.19060847163200378
230000,train,3,62,0.997694065931605,0.1949569582939148
230000,train,4,60,0.9976691370946578,0.1982830911874771
230000,train,5,63,0.9982689614703475,0.19588470458984375
230000,train,6,65,0.997342507858716,0.1908571869134903
230000,train,7,55,0.998265092437929,0.18641704320907593
230000,train,8,62,0.9984105440814063,0.195738285779953
230000,train,9,63,0.9981094953193956,0.19380216300487518
230000,train,10,56,0.9980150651211748,0.19209635257720947
230000,train,11,70,0.9984047787062654,0.1965365707874298
230000,train,12,66,0.9987371511893823,0.19222089648246765
230000,train,13,68,0.9986255166228234,0.18871505558490753
230000,train,14,69,0.9985195632050665,0.19573330879211426
230000,train,16,74,0.9968589839907067,0.19791550934314728
230000,train,17,73,0.9977767183381605,0.19672098755836487
230000,train,18,60,0.9983919736321388,0.1915683001279831
230000,train,19,69,0.9984683165597977,0.19065169990062714
230000,train,20,58,0.9985807236015284,0.19574609398841858
230000,train,21,75,0.9972772556888714,0.1939065307378769
230000,train,22,61,0.99775237997018,0.19388079643249512
230000,train,23,57,0.9986928920584273,0.18862061202526093
230000,train,24,54,0.9984951728260668,0.19525817036628723
230000,train,25,69,0.9981151920343764,0.19245047867298126
230000,train,26,61,0.9977881598213391,0.19391889870166779
230000,train,28,58,0.9990789903777358,0.18826304376125336
230000,train,29,55,0.998190156751045,0.19109117984771729
230000,train,30,69,0.998894212149126,0.19044846296310425
230000,train,31,72,0.9983805550029694,0.19232060015201569
230000,train,32,56,0.9977892698136179,0.19491390883922577
230000,train,33,65,0.9977790364267823,0.19211739301681519
230000,train,34,64,0.9972320155441535,0.19472068548202515
230000,train,35,67,0.9978584681207024,0.19252143800258636
230000,train,36,66,0.9977475343382458,0.19398196041584015
230000,train,37,70,0.998787165852296,0.1877252161502838
230000,train,39,58,0.9987419919287507,0.19280806183815002
230000,train,40,58,0.9973293466271914,0.20268072187900543
230000,train,41,65,0.9988739820347284,0.19065944850444794
230000,train,42,61,0.9983694794282371,0.19482748210430145
230000,train,43,74,0.9986233974287221,0.19365325570106506
230000,train,44,68,0.999375473057052,0.18924492597579956
230000,train,45,60,0.9982811405432435,0.19295543432235718
230000,train,46,61,0.9986037987030224,0.1903831660747528
230000,train,47,71,0.9989777634909548,0.1938050091266632
230000,train,48,58,0.9988158643734547,0.19182783365249634
230000,train,49,54,0.9979379687851917,0.19109393656253815
230000,train,50,76,0.9973586836151335,0.19084574282169342
230000,train,mean,3000,0.9980957184012981,0.19311635196208954
230000,held_interior,15,974,0.9972940139493861,0.19512005150318146
230000,held_interior,27,1061,0.9976302833383285,0.19336269795894623
230000,held_interior,38,965,0.9973923478113838,0.1944994330406189
230000,held_interior,mean,3000,0.9974388816996994,0.1942989081144333
230000,held_high,52,986,0.9949924267126754,0.19800198078155518
230000,held_high,55,1002,0.9904365976972386,0.20402531325817108
230000,held_high,58,1012,0.9833797311754003,0.21627973020076752
230000,held_high,mean,3000,0.9896029185284382,0.20617946982383728
240000,train,1,63,0.9953347317776097,0.20058320462703705
240000,train,2,61,0.9953796336092537,0.19156283140182495
240000,train,3,62,0.9973972770953113,0.19467680156230927
240000,train,4,60,0.9973069877974265,0.19866104423999786
240000,train,5,63,0.9978543046644092,0.19655124843120575
240000,train,6,65,0.9971339814810776,0.19160160422325134
240000,train,7,55,0.9976158060732773,0.18805184960365295
240000,train,8,62,0.9981470626154622,0.19455330073833466
240000,train,9,63,0.997855465800246,0.19446812570095062
240000,train,10,56,0.9976599148202152,0.191916823387146
240000,train,11,70,0.9975748195093294,0.19815464317798615
240000,train,12,66,0.9980708518547754,0.19257570803165436
240000,train,13,68,0.998381133294462,0.1894131600856781
240000,train,14,69,0.9981849961275403,0.19573482871055603
240000,train,16,74,0.9974372153707691,0.19697809219360352
240000,train,17,73,0.9969201668260512,0.19844989478588104
240000,train,18,60,0.9974169178148017,0.19269581139087677
240000,train,19,69,0.9980243057205332,0.1914839744567871
240000,train,20,58,0.9982525977859251,0.1967676430940628
240000,train,21,75,0.997431662570052,0.19386911392211914
240000,train,22,61,0.9977419877325321,0.19440646469593048
240000,train,23,57,0.9980572148658248,0.18958774209022522
240000,train,24,54,0.998869907492439,0.19475765526294708
240000,train,25,69,0.9984049811952056,0.19116275012493134
240000,train,26,61,0.9979744333201314,0.19340603053569794
240000,train,28,58,0.998410317596733,0.18921725451946259
240000,train,29,55,0.9986395440174248,0.19059725105762482
240000,train,30,69,0.9984518693270771,0.19142021238803864
240000,train,31,72,0.9986326661480894,0.1920052170753479
240000,train,32,56,0.9986201808576902,0.19453777372837067
240000,train,33,65,0.9974729379402566,0.19218961894512177
240000,train,34,64,0.996838974885955,0.19581229984760284
240000,train,35,67,0.9970082520414931,0.19426308572292328
240000,train,36,66,0.9974081730766006,0.19365160167217255
240000,train,37,70,0.9988025144213617,0.18778495490550995
240000,train,39,58,0.9989897788179828,0.19154804944992065
240000,train,40,58,0.9973890159190074,0.20201900601387024
240000,train,41,65,0.9988278359982272,0.19062186777591705
240000,train,42,61,0.9978559260256873,0.19474022090435028
240000,train,43,74,0.9987057049728455,0.19348883628845215
240000,train,44,68,0.9988936955191002,0.1896217316389084
240000,train,45,60,0.9971074485016566,0.19497422873973846
240000,train,46,61,0.9978231191486879,0.19175584614276886
240000,train,47,71,0.9984692968966165,0.19533954560756683
240000,train,48,58,0.998467356289299,0.1937827169895172
240000,train,49,54,0.9976983646350517,0.19260160624980927
240000,train,50,76,0.9977020835244386,0.19074274599552155
240000,train,mean,3000,0.9978434768888497,0.19351306557655334
240000,held_interior,15,974,0.9957054873639144,0.1974419206380844
240000,held_interior,27,1061,0.997829271897603,0.1932060867547989
240000,held_interior,38,965,0.9977317093673215,0.1936497688293457
240000,held_interior,mean,3000,0.9970888228762796,0.19472403824329376
240000,held_high,52,986,0.995334414695485,0.19728580117225647
240000,held_high,55,1002,0.9918463534304722,0.20189762115478516
240000,held_high,58,1012,0.9854650500116154,0.21358083188533783
240000,held_high,mean,3000,0.9908819393791909,0.20432299375534058
250000,train,1,63,0.9956921769732799,0.19909857213497162
250000,train,2,61,0.9956615277114542,0.1908070147037506
250000,train,3,62,0.9962285070035716,0.19603511691093445
250000,train,4,60,0.9976673390726812,0.19893936812877655
250000,train,5,63,0.9980048369205875,0.19602461159229279
250000,train,6,65,0.997366124727076,0.1909281462430954
250000,train,7,55,0.9978220874600098,0.18707133829593658
250000,train,8,62,0.9982523671342598,0.19539450109004974
250000,train,9,63,0.9980581404626114,0.19486545026302338
250000,train,10,56,0.9973800871483293,0.19242651760578156
250000,train,11,70,0.9979583484830887,0.19750654697418213
250000,train,12,66,0.99838958326209,0.19202183187007904
250000,train,13,68,0.9983497727710575,0.18966205418109894
250000,train,14,69,0.9978804188964719,0.19638581573963165
250000,train,16,74,0.9970813866245394,0.19697865843772888
250000,train,17,73,0.9975978186966985,0.1971512883901596
250000,train,18,60,0.9981527883982688,0.1922912299633026
250000,train,19,69,0.9984309346546373,0.19030821323394775
250000,train,20,58,0.9982546426767867,0.19674979150295258
250000,train,21,75,0.9969302080343917,0.19496260583400726
250000,train,22,61,0.9975890960368328,0.19378669559955597
250000,train,23,57,0.9981683067008987,0.1895514726638794
250000,train,24,54,0.9987976342380283,0.19455856084823608
250000,train,25,69,0.998006608376572,0.19239909946918488
250000,train,26,61,0.9979692800420731,0.1931956708431244
250000,train,28,58,0.9984702671941742,0.18943926692008972
250000,train,29,55,0.9980106697661653,0.1919713318347931
250000,train,30,69,0.9981100910852824,0.1917826384305954
250000,train,31,72,0.9985428531292428,0.19186025857925415
250000,train,32,56,0.9982241872309427,0.19501544535160065
250000,train,33,65,0.9977257083388608,0.192802295088768
250000,train,34,64,0.9973374763429219,0.19557860493659973
250000,train,35,67,0.9966875361403018,0.1939285695552826
250000,train,36,66,0.9983545536739433,0.1924993395805359
250000,train,37,70,0.998934736307519,0.18770132958889008
250000,train,39,58,0.9992480565624425,0.19157995283603668
250000,train,40,58,0.9977147500720168,0.2010038048028946
250000,train,41,65,0.9986605867396733,0.19118347764015198
250000,train,42,61,0.998330795322247,0.19398123025894165
250000,train,43,74,0.9990807637160523,0.19240307807922363
250000,train,44,68,0.9992446270649826,0.18911415338516235
250000,train,45,60,0.998422312050441,0.192470982670784
250000,train,46,61,0.9985038006577078,0.190986767411232
250000,train,47,71,0.9983246782319913,0.19521267712116241
250000,train,48,58,0.9982846112346239,0.19344022870063782
250000,train,49,54,0.997443629535689,0.1921745091676712
250000,train,50,76,0.9980624328161849,0.18885529041290283
250000,train,mean,3000,0.9979448754408446,0.1932780146598816
250000,held_interior,15,974,0.9961501659138307,0.19680269062519073
250000,held_interior,27,1061,0.9976958212267935,0.19328494369983673
250000,held_interior,38,965,0.9978008853741456,0.19377920031547546
250000,held_interior,mean,3000,0.99721562417159,0.19458602368831635
250000,held_high,52,986,0.9962796875728763,0.19563058018684387
250000,held_high,55,1002,0.993490587966931,0.19961437582969666
250000,held_high,58,1012,0.988199671507815,0.20891819894313812
250000,held_high,mean,3000,0.9926566490158741,0.20144352316856384
260000,train,1,63,0.9959387212453813,0.19881393015384674
260000,train,2,61,0.9950680352164677,0.19253331422805786
260000,train,3,62,0.9975643650118338,0.19453151524066925
260000,train,4,60,0.9973417960726629,0.19882801175117493
260000,train,5,63,0.9979661797265192,0.19648265838623047
260000,train,6,65,0.9973438198742394,0.19141140580177307
260000,train,7,55,0.9981727238736546,0.18671247363090515
260000,train,8,62,0.9983741846202234,0.19453759491443634
260000,train,9,63,0.9983137094483623,0.19424980878829956
260000,train,10,56,0.997667810047297,0.19269689917564392
260000,train,11,70,0.9979955553049078,0.19778244197368622
260000,train,12,66,0.9987749079109218,0.19144953787326813
260000,train,13,68,0.9985689169313137,0.18897803127765656
260000,train,14,69,0.9979909698170687,0.19696813821792603
260000,train,16,74,0.9975785040768997,0.1967892199754715
260000,train,17,73,0.997950532847021,0.19635418057441711
260000,train,18,60,0.9981050709432594,0.191542848944664
260000,train,19,69,0.9987300112054457,0.19006648659706116
260000,train,20,58,0.9986350882468804,0.19595149159431458
260000,train,21,75,0.9974075567438591,0.19504933059215546
260000,train,22,61,0.9976877232807364,0.19399158656597137
260000,train,23,57,0.9986303350446784,0.1881314516067505
260000,train,24,54,0.9983303410041688,0.19531561434268951
260000,train,25,69,0.997641904084399,0.1931578814983368
260000,train,26,61,0.9979640431187746,0.19327504932880402
260000,train,28,58,0.9987517980744485,0.18844981491565704
260000,train,29,55,0.9967310322143421,0.19388259947299957
260000,train,30,69,0.9976150754540899,0.19266360998153687
260000,train,31,72,0.9969715188496677,0.19447147846221924
260000,train,32,56,0.9958773355999411,0.19829927384853363
260000,train,33,65,0.9981339608039451,0.1912471503019333
260000,train,34,64,0.9972329990322829,0.19430428743362427
260000,train,35,67,0.9963621787438623,0.1955704241991043
260000,train,36,66,0.9971968164573274,0.19435974955558777
260000,train,37,70,0.9984280572723949,0.18778729438781738
260000,train,39,58,0.9982964538482281,0.1935526430606842
260000,train,40,58,0.9980038019357591,0.20032626390457153
260000,train,41,65,0.9989551135136348,0.19014506042003632
260000,train,42,61,0.9969143561692261,0.19622288644313812
260000,train,43,74,0.9986197869588572,0.19332265853881836
260000,train,44,68,0.9992641701298213,0.18897999823093414
260000,train,45,60,0.9982028320408959,0.19314168393611908
260000,train,46,61,0.9981335379416836,0.19146570563316345
260000,train,47,71,0.9975511821836117,0.19616107642650604
260000,train,48,58,0.9982027127083797,0.19330155849456787
260000,train,49,54,0.9981927515096397,0.19069324433803558
260000,train,50,76,0.9975862383187643,0.19003570079803467
260000,train,mean,3000,0.9978077982012294,0.19349828362464905
260000,held_interior,15,974,0.9969876648612775,0.19529938697814941
260000,held_interior,27,1061,0.9972137850095543,0.19387587904930115
260000,held_interior,38,965,0.9969453734626706,0.19502589106559753
260000,held_interior,mean,3000,0.9970489411111675,0.1947079598903656
260000,held_high,52,986,0.9954508510310912,0.19686472415924072
260000,held_high,55,1002,0.991326518576914,0.20228245854377747
260000,held_high,58,1012,0.9849053923292032,0.21422801911830902
260000,held_high,mean,3000,0.9905609206457361,0.2045314908027649
270000,train,1,63,0.9950669838921603,0.2011311650276184
270000,train,2,61,0.995560120322323,0.1904996931552887
270000,train,3,62,0.9974717110448503,0.19425849616527557
270000,train,4,60,0.9979140672054394,0.19766312837600708
270000,train,5,63,0.9979031397908853,0.1966506540775299
270000,train,6,65,0.99688098235382,0.19124041497707367
270000,train,7,55,0.9976992396456771,0.18741200864315033
270000,train,8,62,0.9977941660567309,0.19542305171489716
270000,train,9,63,0.9982277943899895,0.19366678595542908
270000,train,10,56,0.9971679575093687,0.19361712038516998
270000,train,11,70,0.9981368859190767,0.19700542092323303
270000,train,12,66,0.9986094151174778,0.19125956296920776
270000,train,13,68,0.9981353797759721,0.19016863405704498
270000,train,14,69,0.9980923371055166,0.19626189768314362
270000,train,16,74,0.996321434105695,0.19776085019111633
270000,train,17,73,0.9980035720097815,0.1963498294353485
270000,train,18,60,0.9983939517661651,0.1920495480298996
270000,train,19,69,0.9983476379221888,0.19053177535533905
270000,train,20,58,0.9983751211393131,0.19644902646541595
270000,train,21,75,0.9973428695358241,0.19409313797950745
270000,train,22,61,0.997820360319647,0.19334979355335236
270000,train,23,57,0.9990658955143524,0.18775556981563568
270000,train,24,54,0.9985911011844275,0.19459928572177887
270000,train,25,69,0.9981032634146293,0.19218964874744415
270000,train,26,61,0.9982652687193245,0.19219481945037842
270000,train,28,58,0.9991381220089407,0.18864816427230835
270000,train,29,55,0.9987366359099091,0.18996430933475494
270000,train,30,69,0.9981190658255176,0.19215302169322968
270000,train,31,72,0.9989970082828813,0.19119638204574585
270000,train,32,56,0.9965765566296642,0.19657482206821442
270000,train,33,65,0.9971200207332692,0.19295692443847656
270000,train,34,64,0.9970296105924022,0.19462817907333374
270000,train,35,67,0.9973104439628627,0.19351565837860107
270000,train,36,66,0.9979715661080443,0.19281010329723358
270000,train,37,70,0.9989112145639627,0.18778569996356964
270000,train,39,58,0.99905906328942,0.19273899495601654
270000,train,40,58,0.9975967542183268,0.20102182030677795
270000,train,41,65,0.9989108884799296,0.19056561589241028
270000,train,42,61,0.9961369948527498,0.1962425410747528
270000,train,43,74,0.9984195510728856,0.19380460679531097
270000,train,44,68,0.9991262186657095,0.18934476375579834
270000,train,45,60,0.9980375485074999,0.19295699894428253
270000,train,46,61,0.9982711319847007,0.1907956600189209
270000,train,47,71,0.9987346439407765,0.1947687864303589
270000,train,48,58,0.9987896842862157,0.1914384812116623
270000,train,49,54,0.9985010872299855,0.19025370478630066
270000,train,50,76,0.9973446451689074,0.1907685101032257
270000,train,mean,3000,0.9979176406824509,0.19317921996116638
270000,held_interior,15,974,0.9959161377039831,0.19690778851509094
270000,held_interior,27,1061,0.9977739368037243,0.19330047070980072
270000,held_interior,38,965,0.997385409843345,0.19437018036842346
270000,held_interior,mean,3000,0.9970251614503508,0.1948157548904419
270000,held_high,52,986,0.9947083707519465,0.19817836582660675
270000,held_high,55,1002,0.9909937482936373,0.20327946543693542
270000,held_high,58,1012,0.9824339201887048,0.21840092539787292
270000,held_high,mean,3000,0.9893786797447629,0.20670390129089355
280000,train,1,63,0.995184021945352,0.20047686994075775
280000,train,2,61,0.996064662740104,0.1907338798046112
280000,train,3,62,0.9972264822737428,0.19526195526123047
280000,train,4,60,0.9970499185271298,0.19955997169017792
280000,train,5,63,0.9982852440504892,0.19541217386722565
280000,train,6,65,0.9974401835425436,0.19061808288097382
280000,train,7,55,0.9978784478081979,0.18597112596035004
280000,train,8,62,0.9980582734912609,0.1958339810371399
280000,train,9,63,0.99833178752522,0.19427399337291718
280000,train,10,56,0.9980772783091928,0.19172129034996033
280000,train,11,70,0.9982277963571163,0.19723466038703918
280000,train,12,66,0.9986626280282583,0.19136466085910797
280000,train,13,68,0.998283717995085,0.19016888737678528
280000,train,14,69,0.9983707714471486,0.1954685002565384
280000,train,16,74,0.9971786323624532,0.19682490825653076
280000,train,17,73,0.9979665706818241,0.19579800963401794
280000,train,18,60,0.9981419636792295,0.19214484095573425
280000,train,19,69,0.998738348936607,0.18966703116893768
280000,train,20,58,0.9981296147870679,0.19622895121574402
280000,train,21,75,0.996954707894197,0.1951693892478943
280000,train,22,61,0.9979362516963067,0.19346056878566742
280000,train,23,57,0.9985195715829407,0.18905282020568848
280000,train,24,54,0.9988045643958376,0.1945045441389084
280000,train,25,69,0.9978917222977522,0.1926528513431549
280000,train,26,61,0.9978056290369818,0.19284655153751373
280000,train,28,58,0.9984381369742586,0.19053813815116882
280000,train,29,55,0.998537686245402,0.19067618250846863
280000,train,30,69,0.9986015819963445,0.1906423568725586
280000,train,31,72,0.998675105227153,0.19251780211925507
280000,train,32,56,0.9970866192828066,0.1963491290807724
280000,train,33,65,0.9965927439290289,0.19531561434268951
280000,train,34,64,0.9972630760949338,0.19400492310523987
280000,train,35,67,0.9965293199420113,0.19405105710029602
280000,train,36,66,0.9966745578856434,0.1953505277633667
280000,train,37,70,0.9988873490720058,0.18819165229797363
280000,train,39,58,0.9991923543527743,0.19199563562870026
280000,train,40,58,0.997335903750629,0.20186524093151093
280000,train,41,65,0.9988236378471367,0.19066445529460907
280000,train,42,61,0.997683921530806,0.19456331431865692
280000,train,43,74,0.9987377398648427,0.19242335855960846
280000,train,44,68,0.9989404273344251,0.18895645439624786
280000,train,45,60,0.9974984111024084,0.19473811984062195
280000,train,46,61,0.9981962068044415,0.19188055396080017
280000,train,47,71,0.9981760931693924,0.19436775147914886
280000,train,48,58,0.9987363975883692,0.19234466552734375
280000,train,49,54,0.9969934143443333,0.19325850903987885
280000,train,50,76,0.9975137820045485,0.1908937245607376
280000,train,mean,3000,0.9978792182496964,0.1933630406856537
280000,held_interior,15,974,0.9961477026082383,0.19686773419380188
280000,held_interior,27,1061,0.9978923427624784,0.1929856240749359
280000,held_interior,38,965,0.9973378911242572,0.19451768696308136
280000,held_interior,mean,3000,0.997125978831658,0.19473884999752045
280000,held_high,52,986,0.99586455691301,0.19618146121501923
280000,held_high,55,1002,0.9922717267160799,0.20153848826885223
280000,held_high,58,1012,0.98773135802026,0.20983156561851501
280000,held_high,mean,3000,0.9919558805497832,0.20257534086704254
290000,train,1,63,0.9944289341270678,0.20160293579101562
290000,train,2,61,0.9956134704835038,0.1916770190000534
290000,train,3,62,0.9979011007080424,0.19379375874996185
290000,train,4,60,0.9975289125611676,0.19799192249774933
290000,train,5,63,0.9981609160193131,0.19634030759334564
290000,train,6,65,0.9970246118718363,0.19187402725219727
290000,train,7,55,0.9980915677432337,0.18652832508087158
290000,train,8,62,0.9983539410679727,0.19417236745357513
290000,train,9,63,0.99830658117148,0.19440054893493652
290000,train,10,56,0.9973219626054811,0.19252249598503113
290000,train,11,70,0.9979777133748619,0.1978144496679306
290000,train,12,66,0.9987027912346226,0.19092583656311035
290000,train,13,68,0.9983265033099736,0.18956351280212402
290000,train,14,69,0.9982194189171134,0.19591958820819855
290000,train,16,74,0.9973679493125421,0.19712671637535095
290000,train,17,73,0.9974023346187848,0.19731377065181732
290000,train,18,60,0.998251608554005,0.19155772030353546
290000,train,19,69,0.9989624437655797,0.18956433236598969
290000,train,20,58,0.9981838215636357,0.19705073535442352
290000,train,21,75,0.9980222102453798,0.19339485466480255
290000,train,22,61,0.99800255566768,0.1929665505886078
290000,train,23,57,0.9987632474697136,0.18824994564056396
290000,train,24,54,0.998584237200222,0.19443586468696594
290000,train,25,69,0.9979802526690085,0.19275937974452972
290000,train,26,61,0.9980066543657141,0.19380402565002441
290000,train,28,58,0.9977659704438162,0.19129233062267303
290000,train,29,55,0.9977059621408877,0.1920914351940155
290000,train,30,69,0.9985035504859135,0.19098074734210968
290000,train,31,72,0.9987810619023506,0.19161488115787506
290000,train,32,56,0.9987626089953404,0.1935337632894516
290000,train,33,65,0.9981349498218574,0.19212163984775543
290000,train,34,64,0.9972899749943628,0.19460660219192505
290000,train,35,67,0.9980829692527281,0.19194580614566803
290000,train,36,66,0.9968938703510936,0.19395607709884644
290000,train,37,70,0.9988702453483511,0.18803587555885315
290000,train,39,58,0.9992756181711988,0.19153842329978943
290000,train,40,58,0.9975139987076038,0.20112809538841248
290000,train,41,65,0.999180418865828,0.18946504592895508
290000,train,42,61,0.9977092187050581,0.19516097009181976
290000,train,43,74,0.9989035036969313,0.19355905055999756
290000,train,44,68,0.9992333641029347,0.1893976479768753
290000,train,45,60,0.9979173769002827,0.19337241351604462
290000,train,46,61,0.9987443737479725,0.19000141322612762
290000,train,47,71,0.9987602949619065,0.19435790181159973
290000,train,48,58,0.9993064224278733,0.19090741872787476
290000,train,49,54,0.9976868083841375,0.19192714989185333
290000,train,50,76,0.9979696539492554,0.18935927748680115
290000,train,mean,3000,0.9980527224890556,0.19306311011314392
290000,held_interior,15,974,0.9965615925327528,0.19608168303966522
290000,held_interior,27,1061,0.997924386133481,0.19302484393119812
290000,held_interior,38,965,0.9982701370067343,0.19309282302856445
290000,held_interior,mean,3000,0.9975853718909894,0.19403916597366333
290000,held_high,52,986,0.9964056840724796,0.19523373246192932
290000,held_high,55,1002,0.993084517094274,0.20001505315303802
290000,held_high,58,1012,0.9885055049870377,0.20871540904045105
290000,held_high,mean,3000,0.9926652353845972,0.20137852430343628
300000,train,1,63,0.9956895727606125,0.19960670173168182
300000,train,2,61,0.9959836717373531,0.1907496154308319
300000,train,3,62,0.9979994082913493,0.1940678358078003
300000,train,4,60,0.9975397014704557,0.19811342656612396
300000,train,5,63,0.9982333284098663,0.1963091790676117
300000,train,6,65,0.9973225639441374,0.19075019657611847
300000,train,7,55,0.9976874880111648,0.1878461092710495
300000,train,8,62,0.9980068061667057,0.19487428665161133
300000,train,9,63,0.9982956772126905,0.19334208965301514
300000,train,10,56,0.9977405171530072,0.19295541942119598
300000,train,11,70,0.9978861482056258,0.19743889570236206
300000,train,12,66,0.9987008500519609,0.19170695543289185
300000,train,13,68,0.9984042741883188,0.1899082213640213
300000,train,14,69,0.9980368321399962,0.19581395387649536
300000,train,16,74,0.9969566402617014,0.1967732012271881
300000,train,17,73,0.9976634301819268,0.19690978527069092
300000,train,18,60,0.9979456188025668,0.19337841868400574
300000,train,19,69,0.9986921031861544,0.1897421032190323
300000,train,20,58,0.9982249395503321,0.19730715453624725
300000,train,21,75,0.9971599670414922,0.1946272999048233
300000,train,22,61,0.9978175378161747,0.19318537414073944
300000,train,23,57,0.998550645705893,0.18873727321624756
300000,train,24,54,0.9983100507668298,0.19491855800151825
300000,train,25,69,0.9976317946317594,0.19293375313282013
300000,train,26,61,0.9981303734411686,0.19277504086494446
300000,train,28,58,0.9986320839176339,0.18906693160533905
300000,train,29,55,0.9980805589313112,0.1909726858139038
300000,train,30,69,0.9985846387200663,0.19140779972076416
300000,train,31,72,0.9986830320469968,0.19237123429775238
300000,train,32,56,0.9983500180423392,0.1944514364004135
300000,train,33,65,0.9977381972050402,0.19199423491954803
300000,train,34,64,0.996877350766587,0.19532328844070435
300000,train,35,67,0.9978710122147509,0.19303356111049652
300000,train,36,66,0.9978560074023065,0.1934506744146347
300000,train,37,70,0.998740707411163,0.18838997185230255
300000,train,39,58,0.9982464308744851,0.19403192400932312
300000,train,40,58,0.9970638302620806,0.20274648070335388
300000,train,41,65,0.9985969100347818,0.19100894033908844
300000,train,42,61,0.9975593226592152,0.19443805515766144
300000,train,43,74,0.9985397933258171,0.19276736676692963
300000,train,44,68,0.9984089275528447,0.1911742091178894
300000,train,45,60,0.9978182457645143,0.19278360903263092
300000,train,46,61,0.9978301378688172,0.19246889650821686
300000,train,47,71,0.9979145189997454,0.1956416368484497
300000,train,48,58,0.9989272158685061,0.19208653271198273
300000,train,49,54,0.9971525392413186,0.19276085495948792
300000,train,50,76,0.9964217658642979,0.19223883748054504
300000,train,mean,3000,0.997883046512848,0.19340099394321442
300000,held_interior,15,974,0.996413422911311,0.19644176959991455
300000,held_interior,27,1061,0.9973884664715028,0.1938079297542572
300000,held_interior,38,965,0.9969907093928743,0.19512706995010376
300000,held_interior,mean,3000,0.9969308662585626,0.19508738815784454
300000,held_high,52,986,0.9939370451793185,0.19951635599136353
300000,held_high,55,1002,0.9881505359203054,0.2074722945690155
300000,held_high,58,1012,0.9791102491596172,0.2231871634721756
300000,held_high,mean,3000,0.9870659434197471,0.21015861630439758
