step,bucket,lag,n_sequences,correlation,masked_mse
0,train,1,63,-0.9999998928509838,2.705549478530884
0,train,2,61,0.018842992764439872,1.5130811929702759
0,train,3,62,0.005693579228242505,1.7476681470870972
0,train,4,60,0.058820640778497434,1.6072477102279663
0,train,5,63,-0.01500896067025609,1.708853006362915
0,train,6,65,0.01245268247568074,1.5855720043182373
0,train,7,55,0.01966604378234188,1.5978615283966064
0,train,8,62,-0.011486241575022076,1.8892260789871216
0,train,9,63,-0.0034732668128319337,1.740485429763794
0,train,10,56,0.012928581969165479,1.6000055074691772
0,train,11,70,-0.001411008122337003,1.6625434160232544
0,train,12,66,0.01373502550505001,1.768752932548523
0,train,13,68,0.031103523060143946,1.6675243377685547
0,train,14,69,-0.009505763988493364,1.6904032230377197
0,train,16,74,0.015066796195099335,1.5418301820755005
0,train,17,73,0.02538701020733517,1.634163737297058
0,train,18,60,0.005011047731257134,1.6698715686798096
0,train,19,69,0.013186509087820675,1.6060326099395752
0,train,20,58,0.007783698202052896,1.9832701683044434
0,train,21,75,0.003954271417232519,1.6541110277175903
0,train,22,61,-0.012124834484871427,1.5601613521575928
0,train,23,57,-0.01299356943817824,1.7234405279159546
0,train,24,54,-0.0030265468939652197,1.6685914993286133
0,train,25,69,0.012492082003017971,1.7671880722045898
0,train,26,61,0.0014222025691222183,1.779098629951477
0,train,28,58,0.025938638561451587,1.6239702701568604
0,train,29,55,0.0064293747360025305,1.7151986360549927
0,train,30,69,-0.0030991795983670513,1.5998204946517944
0,train,31,72,0.027894598820920057,1.7361410856246948
0,train,32,56,-0.006237411714387788,1.703635811805725
0,train,33,65,0.019297353879677688,1.6365389823913574
0,train,34,64,0.018937590506360017,1.5620994567871094
0,train,35,67,-0.04940684417422269,1.670883297920227
0,train,36,66,0.0135226664491627,1.6815130710601807
0,train,37,70,-0.003262324148750539,1.643041968345642
0,train,39,58,0.013609252658310865,1.7054823637008667
0,train,40,58,-0.01772865104484207,1.5878669023513794
0,train,41,65,0.021281737436981,1.6602169275283813
0,train,42,61,-0.01530401339267788,1.6380462646484375
0,train,43,74,-0.001803175335040228,1.6850284337997437
0,train,44,68,0.025852686497055757,1.5832127332687378
0,train,45,60,0.025360973041370048,1.625078558921814
0,train,46,61,-0.03196945581823137,1.6909483671188354
0,train,47,71,-0.017971705206988976,1.7126928567886353
0,train,48,58,0.030456600284367915,1.6995073556900024
0,train,49,54,0.03994231041566357,1.6984312534332275
0,train,50,76,-0.021726770722070576,1.6682510375976562
0,train,mean,3000,-0.015137641398482872,1.6924211978912354
0,held_interior,15,974,-0.0016398818044630029,1.6372714042663574
0,held_interior,27,1061,-0.0010765733281140669,1.6624908447265625
0,held_interior,38,965,0.0010515835983197705,1.6691564321517944
0,held_interior,mean,3000,-0.0005549571780857663,1.6564470529556274
0,held_high,52,986,-0.00025634490745636275,1.6634328365325928
0,held_high,55,1002,-0.003165416251868687,1.6851662397384644
0,held_high,58,1012,-0.0013106735592008454,1.6570104360580444
0,held_high,mean,3000,-0.0015774782395086317,1.6685253381729126
10000,train,1,63,0.9256770226649564,0.30840569734573364
10000,train,2,61,0.9217342948745124,0.29764819145202637
10000,train,3,62,0.8964666208260001,0.36296457052230835
10000,train,4,60,0.9272734813325691,0.31144237518310547
10000,train,5,63,0.9298945774563934,0.3037863075733185
10000,train,6,65,0.9305064893687832,0.29391512274742126
10000,train,7,55,0.9327358015219894,0.2893149256706238
10000,train,8,62,0.9302230817814828,0.308546245098114
10000,train,9,63,0.934354076650951,0.3011244535446167
10000,train,10,56,0.9160761859974593,0.31414416432380676
10000,train,11,70,0.8903620543992877,0.3585769832134247
10000,train,12,66,0.9314423157238649,0.303419291973114
10000,train,13,68,0.9061113280940101,0.3244171440601349
10000,train,14,69,0.9382385796821133,0.2959499955177307
10000,train,16,74,0.8923917157185892,0.3456832766532898
10000,train,17,73,0.9363211768050332,0.294768750667572
10000,train,18,60,0.9029614460982516,0.3306640386581421
10000,train,19,69,0.9149423209068397,0.32360270619392395
10000,train,20,58,0.9231643399087862,0.32073304057121277
10000,train,21,75,0.9217508518933578,0.3055890202522278
10000,train,22,61,0.8887881159991706,0.35454604029655457
10000,train,23,57,0.8315504615389397,0.4317207634449005
10000,train,24,54,0.9544578728534194,0.262440949678421
10000,train,25,69,0.9467351810310275,0.27874326705932617
10000,train,26,61,0.9414122574239335,0.2887280285358429
10000,train,28,58,0.9683515890675289,0.23377320170402527
10000,train,29,55,0.904350583873209,0.33511587977409363
10000,train,30,69,0.8948555623795401,0.3519728183746338
10000,train,31,72,0.9251197737976931,0.3182627260684967
10000,train,32,56,0.8896913681700166,0.3533897399902344
10000,train,33,65,0.9077889305386555,0.33260378241539
10000,train,34,64,0.9054805298705074,0.3317711651325226
10000,train,35,67,0.9190085443823579,0.3138435482978821
10000,train,36,66,0.9119461463426205,0.332913875579834
10000,train,37,70,0.9089785181925689,0.3301568925380707
10000,train,39,58,0.8953859479778806,0.35992634296417236
10000,train,40,58,0.8871413517719731,0.3682734966278076
10000,train,41,65,0.8978694631102967,0.34777918457984924
10000,train,42,61,0.8991996070087765,0.3346606492996216
10000,train,43,74,0.9174692839801045,0.32516080141067505
10000,train,44,68,0.9010343691811321,0.33539754152297974
10000,train,45,60,0.9125882741603795,0.3333713710308075
10000,train,46,61,0.9073786679612539,0.32487279176712036
10000,train,47,71,0.9135648496007949,0.3272087574005127
10000,train,48,58,0.8997627602972986,0.34607091546058655
10000,train,49,54,0.8444179794293201,0.42358091473579407
10000,train,50,76,0.9364695719973402,0.2899753749370575
10000,train,mean,3000,0.9130516026307016,0.3241257071495056
10000,held_interior,15,974,0.891473631187193,0.3568130135536194
10000,held_interior,27,1061,0.9570751275184683,0.257925808429718
10000,held_interior,38,965,0.8908022226737661,0.3604477643966675
10000,held_interior,mean,3000,0.9131169937931425,0.32300907373428345
10000,held_high,52,986,0.6840611648107084,0.6288297772407532
10000,held_high,55,1002,0.5527556850585337,0.7832484841346741
10000,held_high,58,1012,0.3403898970353163,1.021188497543335
10000,held_high,mean,3000,0.5257355823015195,0.8127613663673401
20000,train,1,63,0.9546835886263036,0.26698756217956543
20000,train,2,61,0.9553377467632876,0.24950185418128967
20000,train,3,62,0.9359739675024145,0.2970505356788635
20000,train,4,60,0.9515662296445164,0.2742772698402405
20000,train,5,63,0.9511157560153722,0.27194711565971375
20000,train,6,65,0.9508799676576113,0.2661263644695282
20000,train,7,55,0.9504398103013345,0.26107221841812134
20000,train,8,62,0.9563686351248866,0.26467931270599365
20000,train,9,63,0.9555541739138619,0.2666560113430023
20000,train,10,56,0.9455443261296375,0.2719474732875824
20000,train,11,70,0.9310462693642165,0.3003980219364166
20000,train,12,66,0.9588201985771474,0.2599298357963562
20000,train,13,68,0.9473710279499722,0.26731669902801514
20000,train,14,69,0.9608550174954402,0.2589368522167206
20000,train,16,74,0.933180752849112,0.29103878140449524
20000,train,17,73,0.9603380260377932,0.25538867712020874
20000,train,18,60,0.9474607517538269,0.267085462808609
20000,train,19,69,0.9557114306073349,0.2625541687011719
20000,train,20,58,0.9597880753635822,0.26136332750320435
20000,train,21,75,0.9485103660878915,0.2679291367530823
20000,train,22,61,0.927608231721398,0.2972269356250763
20000,train,23,57,0.9160062262973394,0.3185107707977295
20000,train,24,54,0.9649545844156121,0.24892786145210266
20000,train,25,69,0.9611774008118797,0.254656583070755
20000,train,26,61,0.9671132448825311,0.24328233301639557
20000,train,28,58,0.9718342621136765,0.22884270548820496
20000,train,29,55,0.9453844729021683,0.27676695585250854
20000,train,30,69,0.9370647873040931,0.2885989248752594
20000,train,31,72,0.9558323341131407,0.26671522855758667
20000,train,32,56,0.9379378664027022,0.2872062623500824
20000,train,33,65,0.942064654036579,0.2810768187046051
20000,train,34,64,0.9400585390987592,0.27770739793777466
20000,train,35,67,0.9435836894394551,0.2819247245788574
20000,train,36,66,0.9427044417701895,0.28061723709106445
20000,train,37,70,0.943152849660548,0.2778947055339813
20000,train,39,58,0.9263300040786269,0.31112512946128845
20000,train,40,58,0.9167587885400074,0.32272425293922424
20000,train,41,65,0.9300430007143473,0.3010888397693634
20000,train,42,61,0.9322412641067565,0.28797468543052673
20000,train,43,74,0.9502331530420326,0.27207696437835693
20000,train,44,68,0.9454231394435698,0.2698810398578644
20000,train,45,60,0.9491941382025217,0.2755989134311676
20000,train,46,61,0.9416359207023035,0.2793579399585724
20000,train,47,71,0.9411793840756763,0.287697434425354
20000,train,48,58,0.9312342141773784,0.30135172605514526
20000,train,49,54,0.941851630172942,0.2831049859523773
20000,train,50,76,0.9464029449844811,0.27447134256362915
20000,train,mean,3000,0.9459478996803459,0.27556684613227844
20000,held_interior,15,974,0.93669097864859,0.29029566049575806
20000,held_interior,27,1061,0.9671701611551755,0.24183964729309082
20000,held_interior,38,965,0.9249835228004453,0.3087364137172699
20000,held_interior,mean,3000,0.9429482208680703,0.27909013628959656
20000,held_high,52,986,0.8168378299745354,0.45966845750808716
20000,held_high,55,1002,0.6035351916525717,0.7315173149108887
20000,held_high,58,1012,0.3748266500398023,1.0025947093963623
20000,held_high,mean,3000,0.5983998905556365,0.7336130142211914
30000,train,1,63,0.9544930730140636,0.26738086342811584
30000,train,2,61,0.9616392473539941,0.24183739721775055
30000,train,3,62,0.9385460471559748,0.29611170291900635
30000,train,4,60,0.9572776509508499,0.26729992032051086
30000,train,5,63,0.9579307174701127,0.26182854175567627
30000,train,6,65,0.9563394301138926,0.2580322325229645
30000,train,7,55,0.9542328240344774,0.2565772533416748
30000,train,8,62,0.9569155827537718,0.2632344663143158
30000,train,9,63,0.9585734712725326,0.2616858184337616
30000,train,10,56,0.9479808571475105,0.2709534764289856
30000,train,11,70,0.9330557220279452,0.29742738604545593
30000,train,12,66,0.9588702694221878,0.26069387793540955
30000,train,13,68,0.9489611707104346,0.26941484212875366
30000,train,14,69,0.9622488983632888,0.2579001486301422
30000,train,16,74,0.9370668559297914,0.28875792026519775
30000,train,17,73,0.9630130843843304,0.2535208463668823
30000,train,18,60,0.9535686503528028,0.2545977234840393
30000,train,19,69,0.9557815808999124,0.26238057017326355
30000,train,20,58,0.9564363097237903,0.2647847533226013
30000,train,21,75,0.9439532258172038,0.2756135165691376
30000,train,22,61,0.9227267441745753,0.306157648563385
30000,train,23,57,0.910752424984263,0.32332155108451843
30000,train,24,54,0.9583878308864529,0.2581072151660919
30000,train,25,69,0.9615401809995847,0.2525276243686676
30000,train,26,61,0.9671733591970498,0.24655696749687195
30000,train,28,58,0.9740413928438456,0.22594337165355682
30000,train,29,55,0.9503978284310789,0.2698344886302948
30000,train,30,69,0.9485705497981576,0.2718421220779419
30000,train,31,72,0.959638897176417,0.2612810730934143
30000,train,32,56,0.9456010741413431,0.2782750725746155
30000,train,33,65,0.9477140161829406,0.2725750207901001
30000,train,34,64,0.9486501798796981,0.26696375012397766
30000,train,35,67,0.9550871246155477,0.26361432671546936
30000,train,36,66,0.9523958788718666,0.2681318521499634
30000,train,37,70,0.9510434357015499,0.266146183013916
30000,train,39,58,0.9349951300791285,0.29686978459358215
30000,train,40,58,0.9243868687877318,0.31435754895210266
30000,train,41,65,0.9374152170135915,0.29294872283935547
30000,train,42,61,0.9407312489283718,0.27812835574150085
30000,train,43,74,0.9578498888866072,0.2623917758464813
30000,train,44,68,0.9505765661868164,0.2655809223651886
30000,train,45,60,0.9553217091985942,0.2670448422431946
30000,train,46,61,0.9473793104475826,0.26930558681488037
30000,train,47,71,0.9449203422852168,0.28474903106689453
30000,train,48,58,0.9392015898951025,0.28944799304008484
30000,train,49,54,0.9460065924262158,0.2788673937320709
30000,train,50,76,0.9487303582879535,0.27516093850135803
30000,train,mean,3000,0.9497472427490671,0.27084577083587646
30000,held_interior,15,974,0.9380129662001913,0.28894922137260437
30000,held_interior,27,1061,0.9668053127649099,0.24349944293498993
30000,held_interior,38,965,0.937044295520727,0.29103201627731323
30000,held_interior,mean,3000,0.9472875248286093,0.27354511618614197
30000,held_high,52,986,0.859972843499476,0.402729332447052
30000,held_high,55,1002,0.6348020376572602,0.7025063633918762
30000,held_high,58,1012,0.4248415902781945,0.960383951663971
30000,held_high,mean,3000,0.6398721571449769,0.6909703612327576
40000,train,1,63,0.960291753426254,0.2576453983783722
40000,train,2,61,0.960644833898057,0.24258247017860413
40000,train,3,62,0.9437082451093992,0.28435251116752625
40000,train,4,60,0.9555796279162946,0.2675456702709198
40000,train,5,63,0.9575691569817464,0.26144126057624817
40000,train,6,65,0.9511429446676265,0.2641593813896179
40000,train,7,55,0.9518412441441298,0.2584972381591797
40000,train,8,62,0.9554692639601973,0.2638239562511444
40000,train,9,63,0.9542071455892801,0.26872754096984863
40000,train,10,56,0.9435744290985996,0.27488893270492554
40000,train,11,70,0.9241033560181235,0.3108305335044861
40000,train,12,66,0.9528077634154932,0.2703571617603302
40000,train,13,68,0.9499982216159727,0.263677716255188
40000,train,14,69,0.9624730153183508,0.2575712203979492
40000,train,16,74,0.935703874653574,0.2887346148490906
40000,train,17,73,0.9630800714862487,0.25114935636520386
40000,train,18,60,0.9486661885476946,0.2620728313922882
40000,train,19,69,0.9556632612189058,0.26029449701309204
40000,train,20,58,0.9609930022325271,0.25623613595962524
40000,train,21,75,0.9450498612814298,0.2727769911289215
40000,train,22,61,0.9308320212811181,0.2938859164714813
40000,train,23,57,0.912480909770997,0.3213188052177429
40000,train,24,54,0.9543710544724383,0.26143988966941833
40000,train,25,69,0.9636830437245438,0.2467382699251175
40000,train,26,61,0.9654672323044999,0.24823354184627533
40000,train,28,58,0.9741796890712515,0.22579878568649292
40000,train,29,55,0.9505232653800608,0.2656448483467102
40000,train,30,69,0.9363296248557944,0.2901102900505066
40000,train,31,72,0.9561383320942947,0.2659722864627838
40000,train,32,56,0.9415545546147026,0.28114527463912964
40000,train,33,65,0.949124439202178,0.2685324549674988
40000,train,34,64,0.9466567835422371,0.2676296532154083
40000,train,35,67,0.9492768588134707,0.2696439325809479
40000,train,36,66,0.9476907457330754,0.274119108915329
40000,train,37,70,0.945795820093685,0.2738380432128906
40000,train,39,58,0.9482789871505997,0.27371492981910706
40000,train,40,58,0.935615650109433,0.29737114906311035
40000,train,41,65,0.9459773098726609,0.27642321586608887
40000,train,42,61,0.9457235632027704,0.2683219611644745
40000,train,43,74,0.958643230674516,0.25649651885032654
40000,train,44,68,0.9554319410858569,0.25726962089538574
40000,train,45,60,0.9583156371471087,0.2604336738586426
40000,train,46,61,0.9532605247452292,0.2581612467765808
40000,train,47,71,0.9501698012306002,0.27354350686073303
40000,train,48,58,0.9367569854723307,0.29353392124176025
40000,train,49,54,0.9494597083714825,0.27177342772483826
40000,train,50,76,0.9554355418467487,0.2586512863636017
40000,train,mean,3000,0.949994479073268,0.2688007652759552
40000,held_interior,15,974,0.9361191359071309,0.29039430618286133
40000,held_interior,27,1061,0.9672899480493385,0.24203062057495117
40000,held_interior,38,965,0.9371157903976712,0.2901093363761902
40000,held_interior,mean,3000,0.9468416247847135,0.2731980085372925
40000,held_high,52,986,0.8588439738552686,0.4023340046405792
40000,held_high,55,1002,0.6500966539492643,0.6817417740821838
40000,held_high,58,1012,0.4869500506341095,0.8793543577194214
40000,held_high,mean,3000,0.6652968928128807,0.6565710306167603
50000,train,1,63,0.9587738614124447,0.26205524802207947
50000,train,2,61,0.9591685074923588,0.2447821944952011
50000,train,3,62,0.9450162120932162,0.2833964228630066
50000,train,4,60,0.9570225900660758,0.26621848344802856
50000,train,5,63,0.9602922120796825,0.2566063702106476
50000,train,6,65,0.9545564316466394,0.26041364669799805
50000,train,7,55,0.9593323710430062,0.24709810316562653
50000,train,8,62,0.9616637886381846,0.257108598947525
50000,train,9,63,0.9612307110292493,0.2572340667247772
50000,train,10,56,0.9526219115611336,0.2626127302646637
50000,train,11,70,0.9332265168485331,0.29718583822250366
50000,train,12,66,0.9572384255211569,0.261198490858078
50000,train,13,68,0.9522357371725827,0.2604331970214844
50000,train,14,69,0.9653530641650437,0.2529541552066803
50000,train,16,74,0.937578017444185,0.28700780868530273
50000,train,17,73,0.9625756160144691,0.25193649530410767
50000,train,18,60,0.9492935137831767,0.26189368963241577
50000,train,19,69,0.956725806953176,0.259287565946579
50000,train,20,58,0.9623677702223037,0.25527024269104004
50000,train,21,75,0.948519637902676,0.268051415681839
50000,train,22,61,0.9323859628604104,0.29112520813941956
50000,train,23,57,0.9185195825773952,0.31227079033851624
50000,train,24,54,0.9619808613051534,0.25289618968963623
50000,train,25,69,0.9663449730339931,0.24553094804286957
50000,train,26,61,0.9690564098344796,0.24287095665931702
50000,train,28,58,0.9782688908114783,0.22080057859420776
50000,train,29,55,0.9582064985505613,0.255951851606369
50000,train,30,69,0.9497775792887344,0.26724570989608765
50000,train,31,72,0.9634356445190136,0.25342994928359985
50000,train,32,56,0.9473549232686594,0.2735994756221771
50000,train,33,65,0.9542349267477591,0.26228493452072144
50000,train,34,64,0.953806077186956,0.25801849365234375
50000,train,35,67,0.9571139256164254,0.259243905544281
50000,train,36,66,0.9504477236584792,0.27086785435676575
50000,train,37,70,0.949045508795866,0.2708752751350403
50000,train,39,58,0.9405443060405312,0.2883642017841339
50000,train,40,58,0.929763281814481,0.305521696805954
50000,train,41,65,0.9381353354543662,0.28715845942497253
50000,train,42,61,0.9376457858806546,0.2804897427558899
50000,train,43,74,0.957063143253027,0.25952133536338806
50000,train,44,68,0.9526780493092317,0.25998958945274353
50000,train,45,60,0.954701401001634,0.2669457197189331
50000,train,46,61,0.9474195686246819,0.26787033677101135
50000,train,47,71,0.9416469242148261,0.2858571708202362
50000,train,48,58,0.9328128945808933,0.29823142290115356
50000,train,49,54,0.9455224231725778,0.27795758843421936
50000,train,50,76,0.9493608316157015,0.26758185029029846
50000,train,mean,3000,0.9517460880022822,0.26663467288017273
50000,held_interior,15,974,0.9402952816555701,0.28453314304351807
50000,held_interior,27,1061,0.9684353321668164,0.24008150398731232
50000,held_interior,38,965,0.9363774726113363,0.2912612557411194
50000,held_interior,mean,3000,0.9483693621445743,0.2709762752056122
50000,held_high,52,986,0.8553167741039739,0.40706783533096313
50000,held_high,55,1002,0.6033004074436639,0.739840030670166
50000,held_high,58,1012,0.4124790911651071,0.9690115451812744
50000,held_high,mean,3000,0.6236987575709149,0.7077760696411133
60000,train,1,63,0.9542076673273536,0.2683115303516388
60000,train,2,61,0.9589488103983005,0.2443966120481491
60000,train,3,62,0.9382258426646664,0.2937511205673218
60000,train,4,60,0.9554250701275465,0.26935604214668274
60000,train,5,63,0.9607077224098943,0.2553039789199829
60000,train,6,65,0.9541736058067434,0.2598876953125
60000,train,7,55,0.9559805630299737,0.25140565633773804
60000,train,8,62,0.9601598342393123,0.2574506402015686
60000,train,9,63,0.962808930291249,0.2550030052661896
60000,train,10,56,0.954252825220257,0.2590269446372986
60000,train,11,70,0.9366007402107336,0.2913488745689392
60000,train,12,66,0.9592946380215446,0.25871601700782776
60000,train,13,68,0.953046913005624,0.25922030210494995
60000,train,14,69,0.9645426711214673,0.2532193958759308
60000,train,16,74,0.9361448190097401,0.28893575072288513
60000,train,17,73,0.9648048796049357,0.2506829798221588
60000,train,18,60,0.9513091226781426,0.2586424648761749
60000,train,19,69,0.9541331041048671,0.2619442343711853
60000,train,20,58,0.9615093393760026,0.2551915645599365
60000,train,21,75,0.9443949319667408,0.27370044589042664
60000,train,22,61,0.9292279321155998,0.2961908280849457
60000,train,23,57,0.913960268306839,0.31876859068870544
60000,train,24,54,0.9578969969206979,0.25624653697013855
60000,train,25,69,0.9655685095557843,0.24681007862091064
60000,train,26,61,0.9704661635868319,0.2385018914937973
60000,train,28,58,0.9797719459953038,0.21750593185424805
60000,train,29,55,0.9579964626778033,0.2557438313961029
60000,train,30,69,0.9526639221046802,0.26284274458885193
60000,train,31,72,0.9625882648024713,0.2556120753288269
60000,train,32,56,0.9487984407894925,0.2729737162590027
60000,train,33,65,0.9532863907675344,0.2636115849018097
60000,train,34,64,0.953302942865726,0.25756749510765076
60000,train,35,67,0.9539916609317003,0.264937162399292
60000,train,36,66,0.9509508523909048,0.2669565975666046
60000,train,37,70,0.9497991128211868,0.2676561176776886
60000,train,39,58,0.9424005539170445,0.2838844060897827
60000,train,40,58,0.9305585153911735,0.3057859539985657
60000,train,41,65,0.9416103181621215,0.28249701857566833
60000,train,42,61,0.9415090972631281,0.2750127911567688
60000,train,43,74,0.9588688095271932,0.2586686909198761
60000,train,44,68,0.9555147240099645,0.25463226437568665
60000,train,45,60,0.9568812929531119,0.26340606808662415
60000,train,46,61,0.9517576594572865,0.26212358474731445
60000,train,47,71,0.9502114869807364,0.27230942249298096
60000,train,48,58,0.9372044810300422,0.29295456409454346
60000,train,49,54,0.9483556484879209,0.27002397179603577
60000,train,50,76,0.9529909072247891,0.2627946138381958
60000,train,mean,3000,0.952102242375578,0.26568278670310974
60000,held_interior,15,974,0.9418733332897541,0.2820267975330353
60000,held_interior,27,1061,0.9719128869337611,0.23503831028938293
60000,held_interior,38,965,0.9362555650780273,0.29090288281440735
60000,held_interior,mean,3000,0.9500139284338475,0.26826366782188416
60000,held_high,52,986,0.8682379929876557,0.3894517123699188
60000,held_high,55,1002,0.6400718480243753,0.7001810669898987
60000,held_high,58,1012,0.44066546604809753,0.9492079019546509
60000,held_high,mean,3000,0.6496584356867096,0.6820597052574158
70000,train,1,63,0.9586604360840086,0.2603086233139038
70000,train,2,61,0.9630348372213577,0.23809975385665894
70000,train,3,62,0.9469705522126483,0.28085675835609436
70000,train,4,60,0.96223345401808,0.25808948278427124
70000,train,5,63,0.964164547863449,0.24979358911514282
70000,train,6,65,0.9558506837579566,0.257524698972702
70000,train,7,55,0.9570048657228528,0.2520487308502197
70000,train,8,62,0.9626258497412542,0.25251901149749756
70000,train,9,63,0.966191385722476,0.248765766620636
70000,train,10,56,0.9582203724744524,0.2546338737010956
70000,train,11,70,0.9434313649404384,0.28040561079978943
70000,train,12,66,0.9615673937169156,0.2557244896888733
70000,train,13,68,0.9528246241354735,0.2616336941719055
70000,train,14,69,0.9658555248728223,0.2511309087276459
70000,train,16,74,0.9416024599519098,0.2804146111011505
70000,train,17,73,0.9665288986431801,0.24617958068847656
70000,train,18,60,0.9548488146013938,0.2536742091178894
70000,train,19,69,0.9582562852628221,0.2561890184879303
70000,train,20,58,0.9625091469237982,0.2526339888572693
70000,train,21,75,0.9468350765559146,0.2721260190010071
70000,train,22,61,0.9322213187056123,0.2909756600856781
70000,train,23,57,0.9167149132715209,0.31324857473373413
70000,train,24,54,0.9581709008376655,0.25674474239349365
70000,train,25,69,0.9636702005438588,0.24801400303840637
70000,train,26,61,0.9648816860328321,0.25067076086997986
70000,train,28,58,0.9752030781298737,0.2246338427066803
70000,train,29,55,0.9522868453096517,0.26309335231781006
70000,train,30,69,0.9488820499508791,0.2697007954120636
70000,train,31,72,0.9571887998341583,0.2649180591106415
70000,train,32,56,0.9421230962813316,0.2814679443836212
70000,train,33,65,0.9508446622365592,0.2662399411201477
70000,train,34,64,0.9517780442392688,0.260775089263916
70000,train,35,67,0.9577475125610084,0.25814229249954224
70000,train,36,66,0.9535641246280062,0.2634870111942291
70000,train,37,70,0.9519059482025077,0.26389452815055847
70000,train,39,58,0.9400705166472453,0.2879505157470703
70000,train,40,58,0.9297949025434863,0.3057226538658142
70000,train,41,65,0.9436843633178683,0.2786843478679657
70000,train,42,61,0.9445099686061635,0.27078232169151306
70000,train,43,74,0.9566045730705224,0.2638528347015381
70000,train,44,68,0.945654597170319,0.27179020643234253
70000,train,45,60,0.9484852138578246,0.2778037190437317
70000,train,46,61,0.9398741848057526,0.2799501121044159
70000,train,47,71,0.9423330828117598,0.28831127285957336
70000,train,48,58,0.9274369206685321,0.3059385120868683
70000,train,49,54,0.9423060527476491,0.2825356125831604
70000,train,50,76,0.9496883715388461,0.26853451132774353
70000,train,mean,3000,0.9518477128292319,0.26624125242233276
70000,held_interior,15,974,0.9446465564501837,0.2778812348842621
70000,held_interior,27,1061,0.9688227664811675,0.23997826874256134
70000,held_interior,38,965,0.9376041444532521,0.28924113512039185
70000,held_interior,mean,3000,0.9503578224615344,0.2681303322315216
70000,held_high,52,986,0.8556549234339549,0.4063904583454132
70000,held_high,55,1002,0.6330865356367986,0.6994898915290833
70000,held_high,58,1012,0.4339996192620285,0.9400341510772705
70000,held_high,mean,3000,0.640913692777594,0.6843014359474182
80000,train,1,63,0.9567994841016693,0.2653771638870239
80000,train,2,61,0.9617637056135084,0.24025119841098785
80000,train,3,62,0.9441150869833727,0.2844615578651428
80000,train,4,60,0.959037771152586,0.262421190738678
80000,train,5,63,0.9633839085212454,0.25207021832466125
80000,train,6,65,0.9583160921142939,0.2531382143497467
80000,train,7,55,0.9594709170475679,0.2471293956041336
80000,train,8,62,0.9601637080055496,0.2571910619735718
80000,train,9,63,0.961091838240431,0.25753623247146606
80000,train,10,56,0.9524492929058909,0.2618247866630554
80000,train,11,70,0.9325892557622183,0.2960658073425293
80000,train,12,66,0.9561054689848026,0.26491767168045044
80000,train,13,68,0.9447364831815006,0.2727862298488617
80000,train,14,69,0.9617221794142937,0.2588181793689728
80000,train,16,74,0.9309673944262842,0.29599717259407043
80000,train,17,73,0.9609652605371801,0.2551388144493103
80000,train,18,60,0.9455087092356981,0.2684835195541382
80000,train,19,69,0.9549699088873262,0.26192528009414673
80000,train,20,58,0.9597969827995655,0.25805333256721497
80000,train,21,75,0.9461147029861786,0.2737385034561157
80000,train,22,61,0.9313342479440803,0.29258742928504944
80000,train,23,57,0.9159841434414092,0.316253125667572
80000,train,24,54,0.9607389662033502,0.25124725699424744
80000,train,25,69,0.9638172438097655,0.24752852320671082
80000,train,26,61,0.9657398078036257,0.24499227106571198
80000,train,28,58,0.973079780576611,0.22733668982982635
80000,train,29,55,0.9513537771752909,0.2666224539279938
80000,train,30,69,0.9474581861535739,0.27104833722114563
80000,train,31,72,0.9585415769358914,0.2627078592777252
80000,train,32,56,0.9428177086030938,0.28040528297424316
80000,train,33,65,0.9474483294530885,0.27157026529312134
80000,train,34,64,0.9456959445727697,0.26890337467193604
80000,train,35,67,0.9520353202630842,0.26671743392944336
80000,train,36,66,0.9478134441630764,0.27172815799713135
80000,train,37,70,0.9484768941040022,0.26966965198516846
80000,train,39,58,0.9383328130547781,0.29171955585479736
80000,train,40,58,0.9291725523042573,0.3064294755458832
80000,train,41,65,0.941444834387468,0.28461432456970215
80000,train,42,61,0.9428401941150004,0.27582597732543945
80000,train,43,74,0.9617882646226303,0.25543901324272156
80000,train,44,68,0.9538444712595106,0.2581660747528076
80000,train,45,60,0.9556375986289017,0.26536399126052856
80000,train,46,61,0.9513955070115402,0.2633584141731262
80000,train,47,71,0.9532432370586194,0.2677110433578491
80000,train,48,58,0.9412896668755457,0.2852846384048462
80000,train,49,54,0.9497577939276779,0.27172741293907166
80000,train,50,76,0.9572701874282686,0.2542492151260376
80000,train,mean,3000,0.9510302264420869,0.2675105333328247
80000,held_interior,15,974,0.9366198698090475,0.29013338685035706
80000,held_interior,27,1061,0.9694654395489515,0.23901036381721497
80000,held_interior,38,965,0.9356280893726243,0.292318195104599
80000,held_interior,mean,3000,0.9472377995768744,0.2727556824684143
80000,held_high,52,986,0.8663335565961017,0.39194414019584656
80000,held_high,55,1002,0.6209100079000954,0.7219766974449158
80000,held_high,58,1012,0.4178718338672569,0.9745425581932068
80000,held_high,mean,3000,0.6350384661211513,0.6987048387527466
90000,train,1,63,0.9595472246597551,0.2601444721221924
90000,train,2,61,0.9637225421509626,0.2376924753189087
90000,train,3,62,0.9445518382629415,0.282658189535141
90000,train,4,60,0.9619936257386245,0.2565588653087616
90000,train,5,63,0.9643249006099406,0.24935300648212433
90000,train,6,65,0.959469086033161,0.2519261837005615
90000,train,7,55,0.958146312327184,0.24737951159477234
90000,train,8,62,0.9596962076859563,0.25732630491256714
90000,train,9,63,0.9619060219931321,0.25507402420043945
90000,train,10,56,0.9514361155782117,0.2633676826953888
90000,train,11,70,0.9384121080981763,0.28920984268188477
90000,train,12,66,0.9587240384697483,0.26117488741874695
90000,train,13,68,0.9534167719335718,0.2620851397514343
90000,train,14,69,0.9649330184950659,0.2543443441390991
90000,train,16,74,0.9385241566026217,0.28467920422554016
90000,train,17,73,0.9658577631856401,0.2464107871055603
90000,train,18,60,0.9522837350592397,0.2577841579914093
90000,train,19,69,0.9622431127510455,0.2491641640663147
90000,train,20,58,0.962818959032987,0.25242114067077637
90000,train,21,75,0.9496589448309335,0.2682296931743622
90000,train,22,61,0.934482724435801,0.2883305251598358
90000,train,23,57,0.9201060560145513,0.3092665672302246
90000,train,24,54,0.9576088667328955,0.2573361098766327
90000,train,25,69,0.9585482017661138,0.25472062826156616
90000,train,26,61,0.9653147938138217,0.2486778199672699
90000,train,28,58,0.9711554045368537,0.23119096457958221
90000,train,29,55,0.9458239011815937,0.273159384727478
90000,train,30,69,0.9418804347225668,0.27813103795051575
90000,train,31,72,0.9576609559928244,0.26302140951156616
90000,train,32,56,0.9379476081288531,0.28724217414855957
90000,train,33,65,0.9488060935934948,0.2693426311016083
90000,train,34,64,0.9480062544130439,0.2646399438381195
90000,train,35,67,0.9545620516683283,0.26393821835517883
90000,train,36,66,0.9512481394513305,0.2689362168312073
90000,train,37,70,0.9475017725736469,0.2709091603755951
90000,train,39,58,0.942218351301381,0.28455087542533875
90000,train,40,58,0.929940304128399,0.3069835305213928
90000,train,41,65,0.9432036052157754,0.2805761396884918
90000,train,42,61,0.9380427026170711,0.27865657210350037
90000,train,43,74,0.9579258064293161,0.25932377576828003
90000,train,44,68,0.9544345407654595,0.2573195993900299
90000,train,45,60,0.956595707700259,0.2625897228717804
90000,train,46,61,0.9481592339454187,0.2682082951068878
90000,train,47,71,0.9502983446557136,0.2736193537712097
90000,train,48,58,0.936947573283752,0.2909475266933441
90000,train,49,54,0.9508203236865604,0.2708950638771057
90000,train,50,76,0.952678685160465,0.2627583146095276
90000,train,mean,3000,0.9517784025832807,0.2660629153251648
90000,held_interior,15,974,0.9434551104691071,0.2797865867614746
90000,held_interior,27,1061,0.9625971659382703,0.24902281165122986
90000,held_interior,38,965,0.935383517389088,0.29168352484703064
90000,held_interior,mean,3000,0.9471452645988218,0.27273333072662354
90000,held_high,52,986,0.8592600235515784,0.40308237075805664
90000,held_high,55,1002,0.6378438174277845,0.7040980458259583
90000,held_high,58,1012,0.43608906301290595,0.9605993628501892
90000,held_high,mean,3000,0.6443976346640896,0.6916906833648682
100000,train,1,63,0.9565306700752892,0.26448187232017517
100000,train,2,61,0.9621282958261428,0.2389233559370041
100000,train,3,62,0.9468906188073156,0.2782713770866394
100000,train,4,60,0.9580550223454881,0.2647388279438019
100000,train,5,63,0.9596250051904822,0.2570851743221283
100000,train,6,65,0.9554151189598413,0.25738734006881714
100000,train,7,55,0.9554012448563036,0.25381964445114136
100000,train,8,62,0.960234230852234,0.2581685483455658
100000,train,9,63,0.9611206552651854,0.256809264421463
100000,train,10,56,0.9498102256935674,0.26788875460624695
100000,train,11,70,0.9351427968155271,0.2932913303375244
100000,train,12,66,0.9565361212368795,0.26470404863357544
100000,train,13,68,0.9503430484801713,0.26603761315345764
100000,train,14,69,0.9620601081279859,0.2583923041820526
100000,train,16,74,0.9346142534744606,0.28981369733810425
100000,train,17,73,0.9602579614128436,0.25574812293052673
100000,train,18,60,0.9446898466723219,0.27089300751686096
100000,train,19,69,0.9524304174409115,0.26565253734588623
100000,train,20,58,0.9566343839331969,0.2646229863166809
100000,train,21,75,0.9423149564363933,0.27599668502807617
100000,train,22,61,0.9275821033611538,0.298417329788208
100000,train,23,57,0.9034620873729986,0.33532506227493286
100000,train,24,54,0.9551164633375857,0.26167190074920654
100000,train,25,69,0.9621373055511593,0.25264790654182434
100000,train,26,61,0.9662238299296143,0.24887973070144653
100000,train,28,58,0.9732162205073505,0.22700583934783936
100000,train,29,55,0.9461796634749854,0.27454715967178345
100000,train,30,69,0.9383694237089751,0.2839638590812683
100000,train,31,72,0.9547081603489391,0.2664397954940796
100000,train,32,56,0.9392420753923407,0.2877666652202606
100000,train,33,65,0.9446004550179778,0.27751868963241577
100000,train,34,64,0.9476883306117778,0.2686598598957062
100000,train,35,67,0.9525484329900219,0.2675316035747528
100000,train,36,66,0.9516090565683821,0.267153799533844
100000,train,37,70,0.9514310116852291,0.2658623158931732
100000,train,39,58,0.9456339922035362,0.2803559899330139
100000,train,40,58,0.9346702830659529,0.299941748380661
100000,train,41,65,0.9490959609194447,0.2697714865207672
100000,train,42,61,0.9471372164501155,0.2673899531364441
100000,train,43,74,0.9629414987059276,0.2496357262134552
100000,train,44,68,0.9589017430853225,0.2513275742530823
100000,train,45,60,0.9570847481392005,0.2620345950126648
100000,train,46,61,0.9510895316372415,0.26272451877593994
100000,train,47,71,0.953080846119606,0.2681543529033661
100000,train,48,58,0.9424978034736651,0.2831823527812958
100000,train,49,54,0.9518723259292322,0.26575902104377747
100000,train,50,76,0.9539241323814778,0.2613791823387146
100000,train,mean,3000,0.9506868017845054,0.268076628446579
100000,held_interior,15,974,0.937670656219241,0.2884051203727722
100000,held_interior,27,1061,0.9642425920001739,0.24672740697860718
100000,held_interior,38,965,0.9386653861099387,0.2874664068222046
100000,held_interior,mean,3000,0.9468595447764511,0.2733631730079651
100000,held_high,52,986,0.8661759151780188,0.39159226417541504
100000,held_high,55,1002,0.6592733171515378,0.6700663566589355
100000,held_high,58,1012,0.4681328186474852,0.9053774476051331
100000,held_high,mean,3000,0.6645273503256806,0.6579195261001587
110000,train,1,63,0.9632496991473457,0.25545018911361694
110000,train,2,61,0.9662671985945168,0.23414680361747742
110000,train,3,62,0.9500461302484562,0.27408158779144287
110000,train,4,60,0.9605198375445226,0.25979065895080566
110000,train,5,63,0.9634914449364214,0.2529112696647644
110000,train,6,65,0.9588525810588309,0.2519165277481079
110000,train,7,55,0.9604331559712835,0.24712805449962616
110000,train,8,62,0.9622171295982231,0.25457096099853516
110000,train,9,63,0.9635858359804275,0.25384411215782166
110000,train,10,56,0.9552092919504019,0.25887858867645264
110000,train,11,70,0.938342258585125,0.29002630710601807
110000,train,12,66,0.9604100950535198,0.25769737362861633
110000,train,13,68,0.9521197086111056,0.2640320062637329
110000,train,14,69,0.9653581163033244,0.25199663639068604
110000,train,16,74,0.9333816889147752,0.2911635637283325
110000,train,17,73,0.960103204465127,0.2572522759437561
110000,train,18,60,0.9467481940862107,0.266994446516037
110000,train,19,69,0.9537175578038048,0.26343417167663574
110000,train,20,58,0.959724720475352,0.26039716601371765
110000,train,21,75,0.9469789729773059,0.27227216958999634
110000,train,22,61,0.9306307041371553,0.29326820373535156
110000,train,23,57,0.9129140231419488,0.3211632966995239
110000,train,24,54,0.9593076860160817,0.2561779320240021
110000,train,25,69,0.9585635227281576,0.256568968296051
110000,train,26,61,0.965675733125146,0.25241920351982117
110000,train,28,58,0.9744434895794108,0.22592683136463165
110000,train,29,55,0.951758924006108,0.26556071639060974
110000,train,30,69,0.9439662774252441,0.27790141105651855
110000,train,31,72,0.9556181584344129,0.26852989196777344
110000,train,32,56,0.9395483666278623,0.2861274778842926
110000,train,33,65,0.9453619384284118,0.2760498523712158
110000,train,34,64,0.947080386632782,0.26943129301071167
110000,train,35,67,0.9563568463819274,0.25981366634368896
110000,train,36,66,0.9530679102846095,0.26560649275779724
110000,train,37,70,0.9534407088177267,0.2649298310279846
110000,train,39,58,0.9445595060334016,0.28258341550827026
110000,train,40,58,0.9298129899761807,0.30583497881889343
110000,train,41,65,0.940649608599213,0.28666433691978455
110000,train,42,61,0.9405636220813262,0.2773897051811218
110000,train,43,74,0.9540692936928472,0.26530760526657104
110000,train,44,68,0.9457606269893285,0.26921212673187256
110000,train,45,60,0.9469077799738966,0.28092294931411743
110000,train,46,61,0.934800163777425,0.2888578176498413
110000,train,47,71,0.9354049707696239,0.297488808631897
110000,train,48,58,0.9262072461236793,0.31011444330215454
110000,train,49,54,0.9411385547680653,0.285268098115921
110000,train,50,76,0.9471436371142393,0.2720853090286255
110000,train,mean,3000,0.9501172233611127,0.26971903443336487
110000,held_interior,15,974,0.9414444117130935,0.2837437391281128
110000,held_interior,27,1061,0.9648029344107703,0.2467847764492035
110000,held_interior,38,965,0.9404820665027255,0.28580838441848755
110000,held_interior,mean,3000,0.9489098042088631,0.27133670449256897
110000,held_high,52,986,0.8521059355147821,0.414453387260437
110000,held_high,55,1002,0.6341983416101818,0.7071094512939453
110000,held_high,58,1012,0.43766482450700167,0.9539386034011841
110000,held_high,mean,3000,0.6413230338773218,0.6941869258880615
120000,train,1,63,0.9562610248050298,0.2638133764266968
120000,train,2,61,0.9548784209253497,0.2521127462387085
120000,train,3,62,0.9363953972099504,0.2963868975639343
120000,train,4,60,0.9496419142462332,0.2772452235221863
120000,train,5,63,0.9546257734170603,0.2674631178379059
120000,train,6,65,0.9489043140893777,0.2684725522994995
120000,train,7,55,0.9549354687768034,0.2544153332710266
120000,train,8,62,0.9580342533639536,0.2625523507595062
120000,train,9,63,0.9607552991760795,0.2578144073486328
120000,train,10,56,0.9508753000015226,0.2668965756893158
120000,train,11,70,0.9337914322179256,0.295854777097702
120000,train,12,66,0.9586568136252652,0.2599865198135376
120000,train,13,68,0.9514779762850443,0.2631708085536957
120000,train,14,69,0.9628519786759016,0.25728610157966614
120000,train,16,74,0.9345152220254221,0.2896934747695923
120000,train,17,73,0.9628935686818071,0.2513473927974701
120000,train,18,60,0.9479788472769545,0.2653115689754486
120000,train,19,69,0.9542273259070311,0.2653007209300995
120000,train,20,58,0.9592043957332315,0.2616155743598938
120000,train,21,75,0.9455949467901694,0.2720601260662079
120000,train,22,61,0.9265174015114004,0.30055081844329834
120000,train,23,57,0.9164470867595443,0.3167957067489624
120000,train,24,54,0.9620274938054382,0.2521916329860687
120000,train,25,69,0.962763417154139,0.253283828496933
120000,train,26,61,0.9652120519113675,0.2496175318956375
120000,train,28,58,0.9743645650964664,0.22742128372192383
120000,train,29,55,0.946182325504535,0.27362334728240967
120000,train,30,69,0.9394006932815939,0.2850765287876129
120000,train,31,72,0.9545525978518288,0.27017292380332947
120000,train,32,56,0.9331437063003352,0.29309847950935364
120000,train,33,65,0.943528154629725,0.2805755138397217
120000,train,34,64,0.9447625860613548,0.2696607708930969
120000,train,35,67,0.9487783283395429,0.2739623785018921
120000,train,36,66,0.9499419893768851,0.2707076072692871
120000,train,37,70,0.9452717693727289,0.27494925260543823
120000,train,39,58,0.9421867981369674,0.28685590624809265
120000,train,40,58,0.9319538133364089,0.30279481410980225
120000,train,41,65,0.9442047998186904,0.2771257758140564
120000,train,42,61,0.9388924267998974,0.28028231859207153
120000,train,43,74,0.957530027305628,0.2611882984638214
120000,train,44,68,0.9539109759397946,0.26091986894607544
120000,train,45,60,0.9575365356234514,0.2607709765434265
120000,train,46,61,0.950962099123701,0.26255157589912415
120000,train,47,71,0.9484761271251898,0.27670082449913025
120000,train,48,58,0.9399685394647975,0.2874637246131897
120000,train,49,54,0.9536478325750767,0.26573583483695984
120000,train,50,76,0.9557360300283457,0.2594693601131439
120000,train,mean,3000,0.9494553158609563,0.27058646082878113
120000,held_interior,15,974,0.9379836227924064,0.28827622532844543
120000,held_interior,27,1061,0.9659905724738955,0.24407732486724854
120000,held_interior,38,965,0.9344989957422506,0.2940084636211395
120000,held_interior,mean,3000,0.9461577303361842,0.2744884192943573
120000,held_high,52,986,0.8670081492965241,0.3915475010871887
120000,held_high,55,1002,0.667866779195209,0.6561927795410156
120000,held_high,58,1012,0.4724603285426975,0.8925855159759521
120000,held_high,mean,3000,0.6691117523448101,0.6489558815956116
130000,train,1,63,0.9570922919384397,0.2646808326244354
130000,train,2,61,0.9575095405114142,0.24707426130771637
130000,train,3,62,0.9432539647092804,0.2869319021701813
130000,train,4,60,0.9543162059794931,0.2710823118686676
130000,train,5,63,0.9606494219998595,0.25782477855682373
130000,train,6,65,0.9536140367786208,0.261362761259079
130000,train,7,55,0.9564903428112747,0.2524297535419464
130000,train,8,62,0.9621521460049799,0.256241112947464
130000,train,9,63,0.963773978176313,0.2531599700450897
130000,train,10,56,0.957098449335911,0.2561493217945099
130000,train,11,70,0.9409620225305567,0.2850534915924072
130000,train,12,66,0.9605900732032985,0.2588772773742676
130000,train,13,68,0.9507414419425444,0.2639195919036865
130000,train,14,69,0.9656248397335055,0.25217634439468384
130000,train,16,74,0.9412521430797894,0.2815842926502228
130000,train,17,73,0.9621527065870447,0.2518349289894104
130000,train,18,60,0.9497554770525595,0.2625006437301636
130000,train,19,69,0.955996015091064,0.2616397440433502
130000,train,20,58,0.9581163715410916,0.2606225311756134
130000,train,21,75,0.9520489108679527,0.2636505365371704
130000,train,22,61,0.9353750507845945,0.2865685224533081
130000,train,23,57,0.9113950944706751,0.3260402977466583
130000,train,24,54,0.9610431593044234,0.2544347941875458
130000,train,25,69,0.9642238291057363,0.24908870458602905
130000,train,26,61,0.9632861153943687,0.25163760781288147
130000,train,28,58,0.9747193515998104,0.22672991454601288
130000,train,29,55,0.9501337937318095,0.27112480998039246
130000,train,30,69,0.9443321792207932,0.2761705815792084
130000,train,31,72,0.957225202610489,0.2646891176700592
130000,train,32,56,0.9382959423415104,0.2871316969394684
130000,train,33,65,0.946097253162167,0.2735605239868164
130000,train,34,64,0.9494173966970786,0.26538345217704773
130000,train,35,67,0.9559216082931956,0.2639526426792145
130000,train,36,66,0.9501205752906311,0.2687331736087799
130000,train,37,70,0.9496876280174611,0.2687576413154602
130000,train,39,58,0.9388083957301436,0.29136016964912415
130000,train,40,58,0.9304303505099272,0.30424898862838745
130000,train,41,65,0.943960691801067,0.2819644510746002
130000,train,42,61,0.9465237769656962,0.26924455165863037
130000,train,43,74,0.9593313924843889,0.258926659822464
130000,train,44,68,0.9510365916537543,0.2639577388763428
130000,train,45,60,0.9524181584807945,0.2718144357204437
130000,train,46,61,0.9472581296015163,0.2687241733074188
130000,train,47,71,0.9446079921024504,0.28468239307403564
130000,train,48,58,0.9320537063682426,0.2984698414802551
130000,train,49,54,0.9364140094762281,0.2944113314151764
130000,train,50,76,0.9482044873463468,0.2698472738265991
130000,train,mean,3000,0.9507555796259636,0.26867732405662537
130000,held_interior,15,974,0.9434710760701701,0.280429482460022
130000,held_interior,27,1061,0.966039493606159,0.244923934340477
130000,held_interior,38,965,0.9354492023064866,0.29374274611473083
130000,held_interior,mean,3000,0.9483199239942719,0.2721548080444336
130000,held_high,52,986,0.8439240477561738,0.42256954312324524
130000,held_high,55,1002,0.6235750062979691,0.7069909572601318
130000,held_high,58,1012,0.4233793909822694,0.9499634504318237
130000,held_high,mean,3000,0.6302928150121375,0.695473849773407
140000,train,1,63,0.9580175345039086,0.2625320851802826
140000,train,2,61,0.9596392151158786,0.24400636553764343
140000,train,3,62,0.941355432096091,0.28812089562416077
140000,train,4,60,0.9548915794354461,0.27069392800331116
140000,train,5,63,0.9614213850698637,0.254050612449646
140000,train,6,65,0.9570502707622176,0.25686731934547424
140000,train,7,55,0.9572629596327259,0.2507579028606415
140000,train,8,62,0.9611156574176133,0.25666970014572144
140000,train,9,63,0.963086135508889,0.25395843386650085
140000,train,10,56,0.953604916942473,0.2614525854587555
140000,train,11,70,0.940376091972032,0.28648266196250916
140000,train,12,66,0.9636154300818021,0.25287702679634094
140000,train,13,68,0.9540775993058914,0.2590106427669525
140000,train,14,69,0.9667353040971723,0.24937167763710022
140000,train,16,74,0.9378272378778666,0.28688889741897583
140000,train,17,73,0.9623623815082792,0.2520950138568878
140000,train,18,60,0.9473807823679018,0.26497989892959595
140000,train,19,69,0.9563371915189511,0.25948506593704224
140000,train,20,58,0.9580006294470734,0.2622442841529846
140000,train,21,75,0.9457609647383809,0.2743403911590576
140000,train,22,61,0.9286558937415619,0.2954004406929016
140000,train,23,57,0.9155334186553075,0.31634756922721863
140000,train,24,54,0.9607207234800205,0.25359225273132324
140000,train,25,69,0.9648800088240065,0.24777370691299438
140000,train,26,61,0.961211425968678,0.253741055727005
140000,train,28,58,0.9726149760368231,0.22902438044548035
140000,train,29,55,0.9482450859742124,0.2711234986782074
140000,train,30,69,0.94019706315856,0.28258436918258667
140000,train,31,72,0.9569166004247891,0.26714444160461426
140000,train,32,56,0.9418381572389938,0.28055909276008606
140000,train,33,65,0.9496577398268421,0.2691711485385895
140000,train,34,64,0.9456712825259482,0.26924416422843933
140000,train,35,67,0.9495772683559086,0.2718333303928375
140000,train,36,66,0.9478226439068667,0.272040456533432
140000,train,37,70,0.9483471862073503,0.2699836194515228
140000,train,39,58,0.9416897889572226,0.28660762310028076
140000,train,40,58,0.9303183600088799,0.3042939305305481
140000,train,41,65,0.9398572736442365,0.2873792350292206
140000,train,42,61,0.9408112830568233,0.27613189816474915
140000,train,43,74,0.9607033185556774,0.2575746774673462
140000,train,44,68,0.9547781730362486,0.25756561756134033
140000,train,45,60,0.9564390601596525,0.26390406489372253
140000,train,46,61,0.9498474287678643,0.26647499203681946
140000,train,47,71,0.9509394319759427,0.27337080240249634
140000,train,48,58,0.9391144134618057,0.29040783643722534
140000,train,49,54,0.9454748184273101,0.27972865104675293
140000,train,50,76,0.9578160260010327,0.25639840960502625
140000,train,mean,3000,0.951055267016575,0.26780641078948975
140000,held_interior,15,974,0.9444078969804629,0.27904942631721497
140000,held_interior,27,1061,0.9688932659077081,0.24007880687713623
140000,held_interior,38,965,0.9369651210621017,0.2904536724090576
140000,held_interior,mean,3000,0.9500887613167576,0.2689351737499237
140000,held_high,52,986,0.8680558869794922,0.38938596844673157
140000,held_high,55,1002,0.6602269048083541,0.6626433730125427
140000,held_high,58,1012,0.47257876470467025,0.88689786195755
140000,held_high,mean,3000,0.6669538521641721,0.6484813094139099
150000,train,1,63,0.9522372806690009,0.2716612219810486
150000,train,2,61,0.9526441413140904,0.25338590145111084
150000,train,3,62,0.9283257043086441,0.3123863935470581
150000,train,4,60,0.9482088488694221,0.2812972962856293
150000,train,5,63,0.9515810333782264,0.2712215781211853
150000,train,6,65,0.9422609635632587,0.27721574902534485
150000,train,7,55,0.9432979428578744,0.27158358693122864
150000,train,8,62,0.9470373015108839,0.2794105112552643
150000,train,9,63,0.9502752362480402,0.2746136784553528
150000,train,10,56,0.9414837303591449,0.27968767285346985
150000,train,11,70,0.9173687416609926,0.31860974431037903
150000,train,12,66,0.948563483489774,0.2768319249153137
150000,train,13,68,0.9338176254909993,0.289458692073822
150000,train,14,69,0.9478293808513102,0.2797211706638336
150000,train,16,74,0.9217537899947857,0.3067272901535034
150000,train,17,73,0.9512647244533012,0.2698392868041992
150000,train,18,60,0.9377311265116843,0.28023359179496765
150000,train,19,69,0.9399263582506964,0.2853562831878662
150000,train,20,58,0.9463959736161518,0.27848052978515625
150000,train,21,75,0.9338891514277655,0.28906986117362976
150000,train,22,61,0.9197835612858912,0.30879342555999756
150000,train,23,57,0.9063544059450489,0.32867300510406494
150000,train,24,54,0.9584372837244665,0.25773370265960693
150000,train,25,69,0.9564941130975113,0.26016733050346375
150000,train,26,61,0.9599281818182668,0.25428953766822815
150000,train,28,58,0.9682994829558348,0.23343771696090698
150000,train,29,55,0.9486182685782312,0.2676054835319519
150000,train,30,69,0.941797528530083,0.2786906659603119
150000,train,31,72,0.9524018233964779,0.27469658851623535
150000,train,32,56,0.9284644136438149,0.30416518449783325
150000,train,33,65,0.9375745480294401,0.2858522832393646
150000,train,34,64,0.9366219186206463,0.28264644742012024
150000,train,35,67,0.9460019201831057,0.27608180046081543
150000,train,36,66,0.9413183490515384,0.2821151316165924
150000,train,37,70,0.9433437042210995,0.27836471796035767
150000,train,39,58,0.9290263577889987,0.3077477514743805
150000,train,40,58,0.9162431318195632,0.32421496510505676
150000,train,41,65,0.9372261179409919,0.29119133949279785
150000,train,42,61,0.9374421683812543,0.28386521339416504
150000,train,43,74,0.953146943405973,0.26748356223106384
150000,train,44,68,0.9445577207354563,0.27201810479164124
150000,train,45,60,0.9390814225448717,0.2926834225654602
150000,train,46,61,0.9306611469732052,0.29349783062934875
150000,train,47,71,0.935843277584382,0.2973054051399231
150000,train,48,58,0.9338800026838656,0.2959883213043213
150000,train,49,54,0.9411939013070022,0.284902423620224
150000,train,50,76,0.9480485086019994,0.27229776978492737
150000,train,mean,3000,0.9410145264186185,0.28298887610435486
150000,held_interior,15,974,0.9245798650016213,0.3085823655128479
150000,held_interior,27,1061,0.9625550322802618,0.24980317056179047
150000,held_interior,38,965,0.9277963157691751,0.3038719594478607
150000,held_interior,mean,3000,0.9383104043503527,0.28627893328666687
150000,held_high,52,986,0.8608072665717207,0.4021691381931305
150000,held_high,55,1002,0.6551559832964379,0.6824408173561096
150000,held_high,58,1012,0.4445814154956176,0.9542237520217896
150000,held_high,mean,3000,0.653514888454592,0.682006299495697
160000,train,1,63,0.9571073893752281,0.2637177109718323
160000,train,2,61,0.955852902748249,0.24901333451271057
160000,train,3,62,0.9451269610154056,0.2823799252510071
160000,train,4,60,0.956179323294169,0.26857492327690125
160000,train,5,63,0.9626874735263675,0.2530870735645294
160000,train,6,65,0.955734209535291,0.2588656544685364
160000,train,7,55,0.956199765459178,0.2518702745437622
160000,train,8,62,0.9568540871585083,0.2626073360443115
160000,train,9,63,0.9594525717217792,0.25957122445106506
160000,train,10,56,0.9495664813687007,0.2674787938594818
160000,train,11,70,0.9322378544581171,0.29754921793937683
160000,train,12,66,0.955072275168355,0.26635897159576416
160000,train,13,68,0.9500244350651986,0.26638326048851013
160000,train,14,69,0.9614572300160615,0.2622377574443817
160000,train,16,74,0.9354960941381139,0.28918173909187317
160000,train,17,73,0.9628259230039264,0.25019580125808716
160000,train,18,60,0.9469715266075361,0.2686110734939575
160000,train,19,69,0.9538535413868618,0.265026330947876
160000,train,20,58,0.9586722614433616,0.26183322072029114
160000,train,21,75,0.9405370791602684,0.2786644995212555
160000,train,22,61,0.9245365164074928,0.30282098054885864
160000,train,23,57,0.9041242644682811,0.33397364616394043
160000,train,24,54,0.9548881597540811,0.2615607976913452
160000,train,25,69,0.9588140193247284,0.2575484812259674
160000,train,26,61,0.966388631250172,0.2469860315322876
160000,train,28,58,0.9707104597744036,0.23179399967193604
160000,train,29,55,0.947634820745473,0.27258411049842834
160000,train,30,69,0.9441137851867856,0.27797168493270874
160000,train,31,72,0.9576099134102005,0.26357918977737427
160000,train,32,56,0.9406228528614915,0.2821364104747772
160000,train,33,65,0.9472630392534626,0.27178335189819336
160000,train,34,64,0.9471289622029773,0.2690331041812897
160000,train,35,67,0.9559268571488077,0.2611829340457916
160000,train,36,66,0.9540102382756419,0.2633138597011566
160000,train,37,70,0.9506577492370568,0.26606664061546326
160000,train,39,58,0.9446794418491421,0.28089043498039246
160000,train,40,58,0.9307002765113124,0.3053591251373291
160000,train,41,65,0.9474680903392221,0.27600914239883423
160000,train,42,61,0.9453118258146708,0.26994696259498596
160000,train,43,74,0.9616970333866063,0.25317901372909546
160000,train,44,68,0.9576912561629467,0.2540740668773651
160000,train,45,60,0.9572917599251597,0.2634572684764862
160000,train,46,61,0.9527495740626967,0.26106274127960205
160000,train,47,71,0.9486446704467053,0.27730056643486023
160000,train,48,58,0.9417790133469307,0.28401243686676025
160000,train,49,54,0.9477650785962847,0.2763682007789612
160000,train,50,76,0.9505028044207381,0.26668795943260193
160000,train,mean,3000,0.9502685208471094,0.26906365156173706
160000,held_interior,15,974,0.9359500858975954,0.2908948063850403
160000,held_interior,27,1061,0.9643701147842265,0.24600446224212646
160000,held_interior,38,965,0.9394074139979701,0.2870292365550995
160000,held_interior,mean,3000,0.9465758715599307,0.2737751603126526
160000,held_high,52,986,0.867097185414816,0.3907547891139984
160000,held_high,55,1002,0.6469544419354826,0.6854090094566345
160000,held_high,58,1012,0.44951495912844663,0.9285068511962891
160000,held_high,mean,3000,0.6545221954929151,0.6705710291862488
170000,train,1,63,0.9500307493383947,0.2745887041091919
170000,train,2,61,0.9565793267864631,0.2474224716424942
170000,train,3,62,0.9389717252628658,0.2918580174446106
170000,train,4,60,0.9514404369862085,0.27601948380470276
170000,train,5,63,0.9597752769244057,0.25704219937324524
170000,train,6,65,0.9536976800798088,0.2616289556026459
170000,train,7,55,0.9563481654342311,0.2519248425960541
170000,train,8,62,0.9573029335707101,0.26297760009765625
170000,train,9,63,0.9613136692092799,0.2570975124835968
170000,train,10,56,0.9511070934288782,0.2650853097438812
170000,train,11,70,0.9317705740969923,0.2997521460056305
170000,train,12,66,0.954270864928399,0.2675808072090149
170000,train,13,68,0.9529869660290718,0.2603452801704407
170000,train,14,69,0.9606807912639397,0.26174771785736084
170000,train,16,74,0.9342150264836607,0.2911495864391327
170000,train,17,73,0.9605796075427993,0.2553366720676422
170000,train,18,60,0.9476455097201633,0.26678478717803955
170000,train,19,69,0.9550660996802919,0.2629672586917877
170000,train,20,58,0.9583647103846424,0.26281487941741943
170000,train,21,75,0.9398312543063494,0.2811014950275421
170000,train,22,61,0.9228781387894561,0.3049756586551666
170000,train,23,57,0.91665030213312,0.31502512097358704
170000,train,24,54,0.9550636410065545,0.2628360688686371
170000,train,25,69,0.9610214450375415,0.252920538187027
170000,train,26,61,0.9678847628973587,0.24276116490364075
170000,train,28,58,0.9725269459812318,0.22859257459640503
170000,train,29,55,0.9458278335021822,0.2738489806652069
170000,train,30,69,0.93805981730858,0.28609713912010193
170000,train,31,72,0.9561569909871072,0.26703858375549316
170000,train,32,56,0.9404615443991872,0.2834482491016388
170000,train,33,65,0.9456378375030731,0.2782689332962036
170000,train,34,64,0.9456204403438971,0.2708600163459778
170000,train,35,67,0.9486852533722449,0.27347123622894287
170000,train,36,66,0.948063300151629,0.27587810158729553
170000,train,37,70,0.9463945758883471,0.2754485011100769
170000,train,39,58,0.9395912928531724,0.29036974906921387
170000,train,40,58,0.9196348851051592,0.32196587324142456
170000,train,41,65,0.931561165088762,0.2983708083629608
170000,train,42,61,0.9270801874041626,0.2962184250354767
170000,train,43,74,0.9498772531984349,0.27403524518013
170000,train,44,68,0.9461658748700986,0.27047446370124817
170000,train,45,60,0.9488435636123141,0.2765505015850067
170000,train,46,61,0.9464619806628061,0.26896414160728455
170000,train,47,71,0.9456531985665769,0.2795582115650177
170000,train,48,58,0.9335654619158981,0.2952004075050354
170000,train,49,54,0.9528343504735848,0.266912043094635
170000,train,50,76,0.9517121085438788,0.2644168436527252
170000,train,mean,3000,0.9475721832564663,0.27335217595100403
170000,held_interior,15,974,0.9357214704209585,0.29159829020500183
170000,held_interior,27,1061,0.9661957838997515,0.24441039562225342
170000,held_interior,38,965,0.9326183902853927,0.29661324620246887
170000,held_interior,mean,3000,0.9448452148687009,0.2765226662158966
170000,held_high,52,986,0.87419710664658,0.3804895877838135
170000,held_high,55,1002,0.6644511232720455,0.6632609963417053
170000,held_high,58,1012,0.4740170002970614,0.8984221816062927
170000,held_high,mean,3000,0.6708884100718956,0.6496511101722717
180000,train,1,63,0.9539405332844769,0.2695009708404541
180000,train,2,61,0.9590229384848955,0.2436099648475647
180000,train,3,62,0.9489684237564482,0.27704551815986633
180000,train,4,60,0.9606654365253058,0.25991639494895935
180000,train,5,63,0.9639137336175598,0.25135305523872375
180000,train,6,65,0.9562400968876001,0.25583720207214355
180000,train,7,55,0.9569357980610561,0.2502816915512085
180000,train,8,62,0.9608682655813727,0.25386324524879456
180000,train,9,63,0.9651904061507823,0.2506829500198364
180000,train,10,56,0.9553472284135776,0.2584443986415863
180000,train,11,70,0.9361054418927375,0.2909236252307892
180000,train,12,66,0.9564578452280925,0.2634657323360443
180000,train,13,68,0.9491762370045709,0.2655096650123596
180000,train,14,69,0.9635330823365444,0.2554294764995575
180000,train,16,74,0.9404431164220244,0.2824011743068695
180000,train,17,73,0.9655708708184427,0.2471563220024109
180000,train,18,60,0.9509510899122781,0.26045724749565125
180000,train,19,69,0.955209506804125,0.2622409760951996
180000,train,20,58,0.9597320965698556,0.2586509883403778
180000,train,21,75,0.9489029727529876,0.26631325483322144
180000,train,22,61,0.9356484310287932,0.2854835093021393
180000,train,23,57,0.9124452752457141,0.3209201693534851
180000,train,24,54,0.9584924432180522,0.2568909823894501
180000,train,25,69,0.9612579286429059,0.25331494212150574
180000,train,26,61,0.9661520859475308,0.24608953297138214
180000,train,28,58,0.9764261911610677,0.22263434529304504
180000,train,29,55,0.9524431381368392,0.26525014638900757
180000,train,30,69,0.9457535553795372,0.2729344964027405
180000,train,31,72,0.958744311046431,0.26205360889434814
180000,train,32,56,0.9424281978109382,0.28139379620552063
180000,train,33,65,0.9524182737060394,0.2651371955871582
180000,train,34,64,0.9543143087377199,0.2587074637413025
180000,train,35,67,0.9625147882425981,0.2514761686325073
180000,train,36,66,0.9582030248048382,0.2568035423755646
180000,train,37,70,0.9561268281765991,0.25775831937789917
180000,train,39,58,0.9445046282252797,0.2793712019920349
180000,train,40,58,0.9374442864815613,0.29391276836395264
180000,train,41,65,0.9510298614268338,0.2684028744697571
180000,train,42,61,0.9496098072477236,0.2651118338108063
180000,train,43,74,0.9624149420185052,0.25199708342552185
180000,train,44,68,0.9508913078955507,0.2638517916202545
180000,train,45,60,0.9511107114429118,0.2732665240764618
180000,train,46,61,0.9456526867932905,0.270925909280777
180000,train,47,71,0.9474189362899742,0.277242511510849
180000,train,48,58,0.9391916826886628,0.289946049451828
180000,train,49,54,0.9500976798041233,0.27017995715141296
180000,train,50,76,0.953464960361514,0.2637026309967041
180000,train,mean,3000,0.9528377743077929,0.2646968364715576
180000,held_interior,15,974,0.9404014263046634,0.2844618260860443
180000,held_interior,27,1061,0.968138007668518,0.2411455363035202
180000,held_interior,38,965,0.9417219077613914,0.28297677636146545
180000,held_interior,mean,3000,0.9500871139115242,0.2686645984649658
180000,held_high,52,986,0.8690404176412732,0.3872966766357422
180000,held_high,55,1002,0.662847026073537,0.6633985042572021
180000,held_high,58,1012,0.45818088381614636,0.9136319160461426
180000,held_high,mean,3000,0.6633561091769854,0.6570651531219482
190000,train,1,63,0.9589567452641152,0.2600701153278351
190000,train,2,61,0.9608876763818602,0.2412625402212143
190000,train,3,62,0.9462893102864135,0.28263360261917114
190000,train,4,60,0.9574356986243981,0.2662360370159149
190000,train,5,63,0.964079301975525,0.25115805864334106
190000,train,6,65,0.9560722235292497,0.25655609369277954
190000,train,7,55,0.9566416292073281,0.25120770931243896
190000,train,8,62,0.9578497639140255,0.26077768206596375
190000,train,9,63,0.9586488244200335,0.26165178418159485
190000,train,10,56,0.9506454081561219,0.2648296654224396
190000,train,11,70,0.932374469084203,0.296869158744812
190000,train,12,66,0.9567579246882857,0.2647031843662262
190000,train,13,68,0.9497852830371141,0.2650797963142395
190000,train,14,69,0.962062480128839,0.25953471660614014
190000,train,16,74,0.9364949006784126,0.28933534026145935
190000,train,17,73,0.9631716277580565,0.25151526927948
190000,train,18,60,0.9517732125442613,0.26044175028800964
190000,train,19,69,0.9576313460008696,0.258771151304245
190000,train,20,58,0.96478058498113,0.24863217771053314
190000,train,21,75,0.9517842709239965,0.26366013288497925
190000,train,22,61,0.9379692439587706,0.2826111316680908
190000,train,23,57,0.9269126828167682,0.30023816227912903
190000,train,24,54,0.9645153796088977,0.2479562610387802
190000,train,25,69,0.9645585594971914,0.24632932245731354
190000,train,26,61,0.9696214008133551,0.23909127712249756
190000,train,28,58,0.977169577012628,0.2197791486978531
190000,train,29,55,0.959115659272369,0.2549074590206146
190000,train,30,69,0.9512788392776703,0.26634904742240906
190000,train,31,72,0.9633506530241717,0.2560465633869171
190000,train,32,56,0.943938387712354,0.27879276871681213
190000,train,33,65,0.9530379345763293,0.26321640610694885
190000,train,34,64,0.9506086790515406,0.2633497714996338
190000,train,35,67,0.9571486939851174,0.25980520248413086
190000,train,36,66,0.9517819594010003,0.2658880054950714
190000,train,37,70,0.9541522714417969,0.26074478030204773
190000,train,39,58,0.943598756216909,0.2840798795223236
190000,train,40,58,0.9292481773719179,0.30447882413864136
190000,train,41,65,0.9434666245124919,0.28315481543540955
190000,train,42,61,0.9446477473184673,0.2708123028278351
190000,train,43,74,0.9594863675646583,0.2602390944957733
190000,train,44,68,0.9538351366094816,0.2590581178665161
190000,train,45,60,0.9543866312358374,0.2689375877380371
190000,train,46,61,0.9511247227905378,0.2630206048488617
190000,train,47,71,0.9492031720785815,0.2755744755268097
190000,train,48,58,0.938065577542115,0.2907080054283142
190000,train,49,54,0.95150299521758,0.2685476243495941
190000,train,50,76,0.955013207119498,0.26021653413772583
190000,train,mean,3000,0.9530396110343037,0.26484599709510803
190000,held_interior,15,974,0.9398385252096724,0.2855491638183594
190000,held_interior,27,1061,0.9688025882945849,0.24017198383808136
190000,held_interior,38,965,0.9430112520119829,0.2818656265735626
190000,held_interior,mean,3000,0.9505507885054133,0.2683159112930298
190000,held_high,52,986,0.8741507492809751,0.3804246783256531
190000,held_high,55,1002,0.6615780978820727,0.6646323800086975
190000,held_high,58,1012,0.47732506194287333,0.8909658789634705
190000,held_high,mean,3000,0.6710179697019738,0.6475725769996643
200000,train,1,63,0.9566066158010558,0.26607969403266907
200000,train,2,61,0.9602642416979738,0.24374878406524658
200000,train,3,62,0.9503814154259694,0.27414435148239136
200000,train,4,60,0.9574266844525298,0.2663422226905823
200000,train,5,63,0.962355689404278,0.2515096366405487
200000,train,6,65,0.9557696484739018,0.25666704773902893
200000,train,7,55,0.9565720974399199,0.25139448046684265
200000,train,8,62,0.9579785210452183,0.2610691785812378
200000,train,9,63,0.9626831737607598,0.2543541491031647
200000,train,10,56,0.9517892705381064,0.2645414173603058
200000,train,11,70,0.9361343461199905,0.2921248972415924
200000,train,12,66,0.954587900394199,0.26688259840011597
200000,train,13,68,0.9487853962357912,0.2672709822654724
200000,train,14,69,0.962703327474867,0.2576231062412262
200000,train,16,74,0.9386766134275778,0.2840472459793091
200000,train,17,73,0.962316050770507,0.2521747052669525
200000,train,18,60,0.9465647829428937,0.26781919598579407
200000,train,19,69,0.9555346357491517,0.2617788016796112
200000,train,20,58,0.9598415813707702,0.2598102390766144
200000,train,21,75,0.9463495290942212,0.27056884765625
200000,train,22,61,0.9362915143448481,0.2843380570411682
200000,train,23,57,0.9193613288600975,0.3095860779285431
200000,train,24,54,0.95782216679773,0.2566080391407013
200000,train,25,69,0.9586806233163326,0.25649890303611755
200000,train,26,61,0.9665813616875994,0.247240349650383
200000,train,28,58,0.9743581466261267,0.2272961437702179
200000,train,29,55,0.9486609706852833,0.27034658193588257
200000,train,30,69,0.9448560461791797,0.27404674887657166
200000,train,31,72,0.9566703944944441,0.26317787170410156
200000,train,32,56,0.9390474707868888,0.2863177955150604
200000,train,33,65,0.9513393862500106,0.26506489515304565
200000,train,34,64,0.9528586829514594,0.26068928837776184
200000,train,35,67,0.9563408356819341,0.26124337315559387
200000,train,36,66,0.9530164336870951,0.2656639814376831
200000,train,37,70,0.94716389838364,0.273485392332077
200000,train,39,58,0.9376719335560011,0.2918608784675598
200000,train,40,58,0.9251843510080136,0.3139066994190216
200000,train,41,65,0.9372188318116365,0.2885814309120178
200000,train,42,61,0.9323774850109221,0.2865241765975952
200000,train,43,74,0.9522466982891824,0.2668331563472748
200000,train,44,68,0.9439120809904871,0.27279889583587646
200000,train,45,60,0.9484541208866814,0.27601519227027893
200000,train,46,61,0.9441535538387722,0.2736082673072815
200000,train,47,71,0.9467223179250485,0.27644675970077515
200000,train,48,58,0.9314524833336946,0.2990032732486725
200000,train,49,54,0.9487106380176824,0.2706908881664276
200000,train,50,76,0.9475713826987581,0.27281203866004944
200000,train,mean,3000,0.9498307799940263,0.26927638053894043
200000,held_interior,15,974,0.940245910454026,0.2845875322818756
200000,held_interior,27,1061,0.966585973122748,0.24454796314239502
200000,held_interior,38,965,0.9327643501404217,0.29645538330078125
200000,held_interior,mean,3000,0.9465320779057319,0.27424436807632446
200000,held_high,52,986,0.8580198424156185,0.4044734239578247
200000,held_high,55,1002,0.6315031208789945,0.7124050259590149
200000,held_high,58,1012,0.44480889624582015,0.9505802989006042
200000,held_high,mean,3000,0.6447772865134777,0.6915426254272461
210000,train,1,63,0.9625303805063877,0.25502103567123413
210000,train,2,61,0.9627487098898295,0.2399844080209732
210000,train,3,62,0.9471693404182735,0.27862095832824707
210000,train,4,60,0.9596598517671046,0.2614680230617523
210000,train,5,63,0.9612124813638432,0.2556820213794708
210000,train,6,65,0.9578755439822569,0.2523292899131775
210000,train,7,55,0.9593479802528572,0.247900128364563
210000,train,8,62,0.9624642189319087,0.2528020143508911
210000,train,9,63,0.962688033796946,0.2547402083873749
210000,train,10,56,0.9559752694463355,0.2580896019935608
210000,train,11,70,0.9417608293208507,0.28345248103141785
210000,train,12,66,0.9603449689434701,0.2572956085205078
210000,train,13,68,0.955655715789376,0.255932480096817
210000,train,14,69,0.9692192775221744,0.2450365573167801
210000,train,16,74,0.9446419607354216,0.27844640612602234
210000,train,17,73,0.9678110527986773,0.24360662698745728
210000,train,18,60,0.9536509121578157,0.2572118639945984
210000,train,19,69,0.9588227262065179,0.25532397627830505
210000,train,20,58,0.9647765584268806,0.24783717095851898
210000,train,21,75,0.9523323063554308,0.2626488208770752
210000,train,22,61,0.9380564233421855,0.2835235297679901
210000,train,23,57,0.9131948784300941,0.32048699259757996
210000,train,24,54,0.9602545621966144,0.2537277638912201
210000,train,25,69,0.961518017219573,0.25277265906333923
210000,train,26,61,0.9688568660589246,0.24188286066055298
210000,train,28,58,0.9781549542131801,0.2188795804977417
210000,train,29,55,0.9543169098842763,0.2598057985305786
210000,train,30,69,0.9480264552034265,0.27127695083618164
210000,train,31,72,0.9623407794799058,0.2572218179702759
210000,train,32,56,0.9457170395829834,0.2761050760746002
210000,train,33,65,0.9519319578901446,0.26612743735313416
210000,train,34,64,0.9555312576971869,0.2544806897640228
210000,train,35,67,0.9562230886082194,0.26122385263442993
210000,train,36,66,0.9525293619273392,0.26345953345298767
210000,train,37,70,0.9494716178357145,0.2672489583492279
210000,train,39,58,0.9393871514750268,0.2901080846786499
210000,train,40,58,0.9292120153951328,0.30527588725090027
210000,train,41,65,0.9396487380008015,0.2850503921508789
210000,train,42,61,0.9367306002137886,0.2827543020248413
210000,train,43,74,0.9537252342208841,0.26921316981315613
210000,train,44,68,0.9513413399099291,0.2601492404937744
210000,train,45,60,0.9512287313284692,0.27317169308662415
210000,train,46,61,0.9513198203610677,0.2620639503002167
210000,train,47,71,0.9457346714974947,0.2796466648578644
210000,train,48,58,0.9316744461042212,0.29992935061454773
210000,train,49,54,0.9429353680314799,0.28119370341300964
210000,train,50,76,0.9490734217668801,0.26735663414001465
210000,train,mean,3000,0.9527409324784533,0.26467040181159973
210000,held_interior,15,974,0.9486752310234164,0.27139031887054443
210000,held_interior,27,1061,0.967722150319768,0.2418103814125061
210000,held_interior,38,965,0.9368344216478902,0.29010432958602905
210000,held_interior,mean,3000,0.9510772676636915,0.2669485807418823
210000,held_high,52,986,0.857770752132685,0.4039507210254669
210000,held_high,55,1002,0.6021250471699386,0.7439256906509399
210000,held_high,58,1012,0.4140740563470103,0.9789658784866333
210000,held_high,mean,3000,0.624656618549878,0.7114741206169128
220000,train,1,63,0.9574780473666878,0.2639797627925873
220000,train,2,61,0.9597472361099163,0.24309657514095306
220000,train,3,62,0.9487731797735734,0.27789777517318726
220000,train,4,60,0.9584504071122302,0.26360568404197693
220000,train,5,63,0.9613771234533712,0.25494682788848877
220000,train,6,65,0.9537975345519828,0.2601017653942108
220000,train,7,55,0.9575345465757565,0.2502273619174957
220000,train,8,62,0.9610223646954278,0.2570060193538666
220000,train,9,63,0.9627961004743607,0.2543545365333557
220000,train,10,56,0.9507141815810582,0.265035480260849
220000,train,11,70,0.931725978115402,0.29847487807273865
220000,train,12,66,0.9536518173206678,0.2698146402835846
220000,train,13,68,0.9459918123218004,0.2699311375617981
220000,train,14,69,0.96264706908979,0.25739842653274536
220000,train,16,74,0.9359280879022887,0.2878362834453583
220000,train,17,73,0.9589044345694518,0.2561812102794647
220000,train,18,60,0.9470985517180377,0.266761839389801
220000,train,19,69,0.9567260259135397,0.26031067967414856
220000,train,20,58,0.9603071331508601,0.25807496905326843
220000,train,21,75,0.950033211183432,0.2656163275241852
220000,train,22,61,0.9299067913245476,0.29756927490234375
220000,train,23,57,0.9086922782458741,0.3242846429347992
220000,train,24,54,0.9583006645061037,0.257495254278183
220000,train,25,69,0.9587988512533916,0.25662723183631897
220000,train,26,61,0.9656795754329791,0.24754171073436737
220000,train,28,58,0.974710116111394,0.2253987044095993
220000,train,29,55,0.9469340299583296,0.2712394595146179
220000,train,30,69,0.9371690626246549,0.28707846999168396
220000,train,31,72,0.9559650865693458,0.26648420095443726
220000,train,32,56,0.9378519619870472,0.2852262556552887
220000,train,33,65,0.9518750314152358,0.26866602897644043
220000,train,34,64,0.9523412811753591,0.25998884439468384
220000,train,35,67,0.9553248307630215,0.26372548937797546
220000,train,36,66,0.9495054777309493,0.27180594205856323
220000,train,37,70,0.9472960736852596,0.27285316586494446
220000,train,39,58,0.9423502571170937,0.28536713123321533
220000,train,40,58,0.9303866696466498,0.3074323832988739
220000,train,41,65,0.940983006775431,0.28285568952560425
220000,train,42,61,0.9313953475295761,0.28979408740997314
220000,train,43,74,0.9523617308742087,0.26926499605178833
220000,train,44,68,0.9463324844549066,0.27076539397239685
220000,train,45,60,0.9514337270869258,0.2726127803325653
220000,train,46,61,0.9444592128793614,0.2715427577495575
220000,train,47,71,0.9416708984837524,0.2871248424053192
220000,train,48,58,0.9341888678050264,0.29832255840301514
220000,train,49,54,0.950442660516426,0.27041345834732056
220000,train,50,76,0.9518665088086776,0.2661554515361786
220000,train,mean,3000,0.9494239856966205,0.27035093307495117
220000,held_interior,15,974,0.938716813452457,0.28665199875831604
220000,held_interior,27,1061,0.9634921284416051,0.24819940328598022
220000,held_interior,38,965,0.9339975199038459,0.2941909432411194
220000,held_interior,mean,3000,0.945402153932636,0.27547764778137207
220000,held_high,52,986,0.8736973360111946,0.3823624849319458
220000,held_high,55,1002,0.6701192728295563,0.660859227180481
220000,held_high,58,1012,0.5053133238323395,0.8695357441902161
220000,held_high,mean,3000,0.6830433108910302,0.6397201418876648
230000,train,1,63,0.9611593791748189,0.25844648480415344
230000,train,2,61,0.96750637918826,0.23386283218860626
230000,train,3,62,0.9540614081151162,0.2686176300048828
230000,train,4,60,0.9656357006086632,0.2517094314098358
230000,train,5,63,0.9694550301501104,0.24131454527378082
230000,train,6,65,0.9649585808686612,0.24360989034175873
230000,train,7,55,0.9629580111684097,0.24062566459178925
230000,train,8,62,0.9632002102358691,0.2506968677043915
230000,train,9,63,0.9671867483333904,0.24650096893310547
230000,train,10,56,0.9594827279411834,0.2515907287597656
230000,train,11,70,0.944156281323006,0.2798854410648346
230000,train,12,66,0.9618593437343551,0.2558341324329376
230000,train,13,68,0.9563926168233223,0.25512537360191345
230000,train,14,69,0.9684528890884795,0.2474246323108673
230000,train,16,74,0.9436783372067933,0.2770630121231079
230000,train,17,73,0.969332734942812,0.24141055345535278
230000,train,18,60,0.9568048623444289,0.25107887387275696
230000,train,19,69,0.9587302645689716,0.2555503845214844
230000,train,20,58,0.9613317298247365,0.2525887191295624
230000,train,21,75,0.9444622757670439,0.27418315410614014
230000,train,22,61,0.9295550258572294,0.2953680157661438
230000,train,23,57,0.9199723838217826,0.30668404698371887
230000,train,24,54,0.953901988434375,0.2624574899673462
230000,train,25,69,0.9584566085395966,0.25640812516212463
230000,train,26,61,0.9629533364039196,0.248567596077919
230000,train,28,58,0.9732246263082841,0.22788424789905548
230000,train,29,55,0.9528114939717054,0.2643885314464569
230000,train,30,69,0.9476115546717849,0.27006906270980835
230000,train,31,72,0.9628264109562524,0.25672104954719543
230000,train,32,56,0.944878414395938,0.2760186791419983
230000,train,33,65,0.9519411858257365,0.26425230503082275
230000,train,34,64,0.9507358336649485,0.26170966029167175
230000,train,35,67,0.9560497046671724,0.26121771335601807
230000,train,36,66,0.9518856594509865,0.2650710642337799
230000,train,37,70,0.9498457204647186,0.26762983202934265
230000,train,39,58,0.9378481973562969,0.29170936346054077
230000,train,40,58,0.9243853538367595,0.3143342435359955
230000,train,41,65,0.937432822993831,0.2910648584365845
230000,train,42,61,0.9374998388358684,0.27970045804977417
230000,train,43,74,0.9535759023401997,0.2680741548538208
230000,train,44,68,0.9431033117102703,0.27505478262901306
230000,train,45,60,0.9444773824594985,0.28320086002349854
230000,train,46,61,0.9370412495411474,0.2826237380504608
230000,train,47,71,0.933984879516333,0.2976131737232208
230000,train,48,58,0.9172969441949581,0.32090386748313904
230000,train,49,54,0.9409290197200652,0.28290313482284546
230000,train,50,76,0.9470081928156406,0.27282801270484924
230000,train,mean,3000,0.9515327351949727,0.2662831246852875
230000,held_interior,15,974,0.9499213998309087,0.26939961314201355
230000,held_interior,27,1061,0.9650994540791914,0.24521644413471222
230000,held_interior,38,965,0.9369591623946181,0.2900148332118988
230000,held_interior,mean,3000,0.950660005434906,0.2674780786037445
230000,held_high,52,986,0.8526351221936748,0.4119088649749756
230000,held_high,55,1002,0.643223383882262,0.6981977820396423
230000,held_high,58,1012,0.4585348722051264,0.9356487393379211
230000,held_high,mean,3000,0.651464459427021,0.6842042803764343
240000,train,1,63,0.9609021772936458,0.2571931779384613
240000,train,2,61,0.9643493440128672,0.23796898126602173
240000,train,3,62,0.948400218789366,0.2787306308746338
240000,train,4,60,0.9598429713984493,0.26109743118286133
240000,train,5,63,0.9619580911764645,0.2544371783733368
240000,train,6,65,0.9581281989249175,0.25383758544921875
240000,train,7,55,0.9630259007900906,0.2406502217054367
240000,train,8,62,0.9648967419744808,0.24911290407180786
240000,train,9,63,0.9620079736004854,0.25580111145973206
240000,train,10,56,0.955713032011404,0.2559954524040222
240000,train,11,70,0.9351335590528891,0.2928517758846283
240000,train,12,66,0.9591809702938527,0.2618741989135742
240000,train,13,68,0.9543478687863526,0.25862351059913635
240000,train,14,69,0.9674702312650255,0.24986720085144043
240000,train,16,74,0.9393859776815434,0.28299054503440857
240000,train,17,73,0.9631560033805803,0.25064370036125183
240000,train,18,60,0.9527518069829117,0.2565353214740753
240000,train,19,69,0.9603797976773842,0.25428134202957153
240000,train,20,58,0.9636296568175824,0.24978485703468323
240000,train,21,75,0.9486603213359578,0.2696392834186554
240000,train,22,61,0.9323157388881547,0.29030025005340576
240000,train,23,57,0.9138108115835674,0.3196338713169098
240000,train,24,54,0.9617545387985659,0.25163742899894714
240000,train,25,69,0.9639307828434639,0.24818792939186096
240000,train,26,61,0.9656977865561165,0.24641448259353638
240000,train,28,58,0.9760508145374132,0.223174050450325
240000,train,29,55,0.9524107564346903,0.2651786208152771
240000,train,30,69,0.9477285316070359,0.2715141475200653
240000,train,31,72,0.9638397643191414,0.25424495339393616
240000,train,32,56,0.9481903398420775,0.27164918184280396
240000,train,33,65,0.9593898382830249,0.25367745757102966
240000,train,34,64,0.9547973989507551,0.25504156947135925
240000,train,35,67,0.9574801653302228,0.26066938042640686
240000,train,36,66,0.9500320708442113,0.26883184909820557
240000,train,37,70,0.9499307080619889,0.2678418755531311
240000,train,39,58,0.9431000681922214,0.28128331899642944
240000,train,40,58,0.9256413420277192,0.31198403239250183
240000,train,41,65,0.9412473883329081,0.2853776514530182
240000,train,42,61,0.9403642323128528,0.27629658579826355
240000,train,43,74,0.9590881906757694,0.2583121061325073
240000,train,44,68,0.9539666998673599,0.25902169942855835
240000,train,45,60,0.9592049874178118,0.2602153718471527
240000,train,46,61,0.9529535515346375,0.25893428921699524
240000,train,47,71,0.9514516961076989,0.27178633213043213
240000,train,48,58,0.9414998005785913,0.2852063775062561
240000,train,49,54,0.9522688522282048,0.26691964268684387
240000,train,50,76,0.9575134946712334,0.25731906294822693
240000,train,mean,3000,0.9535953445547592,0.26360148191452026
240000,held_interior,15,974,0.9450185608870746,0.27761104702949524
240000,held_interior,27,1061,0.968024832820277,0.241042822599411
240000,held_interior,38,965,0.9383449983990908,0.2883516550064087
240000,held_interior,mean,3000,0.9504627973688141,0.2681329846382141
240000,held_high,52,986,0.8767060958962587,0.37788236141204834
240000,held_high,55,1002,0.6249298610279561,0.7220370769500732
240000,held_high,58,1012,0.4417108291495057,0.9549314975738525
240000,held_high,mean,3000,0.6477822620245736,0.6874879598617554
250000,train,1,63,0.9591415198394986,0.2608111500740051
250000,train,2,61,0.9615640718992117,0.23953531682491302
250000,train,3,62,0.9442244644144095,0.2854204475879669
250000,train,4,60,0.9605901751343224,0.2598390281200409
250000,train,5,63,0.9634382806387132,0.25011855363845825
250000,train,6,65,0.9585295099239428,0.25227394700050354
250000,train,7,55,0.958262452828356,0.24943764507770538
250000,train,8,62,0.962968502428414,0.2514546513557434
250000,train,9,63,0.9665027216687724,0.24807244539260864
250000,train,10,56,0.9572793022533237,0.25516393780708313
250000,train,11,70,0.9432790281160021,0.2793779671192169
250000,train,12,66,0.9605539115726124,0.2573750913143158
250000,train,13,68,0.9559569438804059,0.257030725479126
250000,train,14,69,0.9676894696901123,0.24983298778533936
250000,train,16,74,0.940021990081431,0.2815946340560913
250000,train,17,73,0.9653931560335773,0.25021734833717346
250000,train,18,60,0.952428794514138,0.25805947184562683
250000,train,19,69,0.9578928550892458,0.2571631073951721
250000,train,20,58,0.9623721508574258,0.2519870102405548
250000,train,21,75,0.9492732479046667,0.2670126259326935
250000,train,22,61,0.9344971017520126,0.28714853525161743
250000,train,23,57,0.907251512278292,0.3278273940086365
250000,train,24,54,0.9573293877826778,0.2587687373161316
250000,train,25,69,0.9598557372932033,0.25820714235305786
250000,train,26,61,0.9657785634523812,0.24802038073539734
250000,train,28,58,0.9708349293356532,0.23064205050468445
250000,train,29,55,0.9463524810319357,0.2738698720932007
250000,train,30,69,0.9403821443195117,0.2821706533432007
250000,train,31,72,0.9530557624519833,0.2734353840351105
250000,train,32,56,0.9376415809782391,0.2877228558063507
250000,train,33,65,0.9483766383097206,0.2703380286693573
250000,train,34,64,0.9475886375048912,0.2676597833633423
250000,train,35,67,0.9531884245916803,0.26599499583244324
250000,train,36,66,0.9468651107660909,0.2763640284538269
250000,train,37,70,0.9483072432642844,0.2712581157684326
250000,train,39,58,0.9400520809292507,0.28734755516052246
250000,train,40,58,0.9287352158594235,0.308876097202301
250000,train,41,65,0.9383915269772166,0.29011449217796326
250000,train,42,61,0.9345748082325871,0.2841383218765259
250000,train,43,74,0.9526269320487428,0.2713787853717804
250000,train,44,68,0.942697293035656,0.2725875675678253
250000,train,45,60,0.9492122768515344,0.27825725078582764
250000,train,46,61,0.9362023576265891,0.2863336503505707
250000,train,47,71,0.9337316180102295,0.30010393261909485
250000,train,48,58,0.9152891990859545,0.3257470726966858
250000,train,49,54,0.9452173372539512,0.2770191431045532
250000,train,50,76,0.9453148407527072,0.27729806303977966
250000,train,mean,3000,0.9495045380967017,0.2701040208339691
250000,held_interior,15,974,0.9466062066147599,0.27470242977142334
250000,held_interior,27,1061,0.9665280680083161,0.24551190435886383
250000,held_interior,38,965,0.9358504132887318,0.2919215261936188
250000,held_interior,mean,3000,0.9496615626372694,0.2699175477027893
250000,held_high,52,986,0.8635156888431932,0.3968833088874817
250000,held_high,55,1002,0.6494388961615908,0.6880399584770203
250000,held_high,58,1012,0.4802779636838004,0.9021554589271545
250000,held_high,mean,3000,0.6644108495628614,0.6645746827125549
260000,train,1,63,0.9586449567245753,0.26088836789131165
260000,train,2,61,0.960746965076574,0.2434864640235901
260000,train,3,62,0.9423007879600683,0.2873344123363495
260000,train,4,60,0.9534129701559256,0.27214688062667847
260000,train,5,63,0.9590055939286787,0.25870397686958313
260000,train,6,65,0.9509679935759118,0.26546549797058105
260000,train,7,55,0.9547220646070881,0.2534787952899933
260000,train,8,62,0.9560426432210929,0.2626391351222992
260000,train,9,63,0.9600036145706371,0.2600109577178955
260000,train,10,56,0.9499055323231811,0.26747754216194153
260000,train,11,70,0.9272650634118859,0.30465397238731384
260000,train,12,66,0.9513511466616698,0.2712675929069519
260000,train,13,68,0.9470132856436809,0.2703106105327606
260000,train,14,69,0.9594445956648513,0.2626096308231354
260000,train,16,74,0.9294538070622695,0.2956817150115967
260000,train,17,73,0.9622717231202378,0.25319722294807434
260000,train,18,60,0.9496560799828686,0.2617112100124359
260000,train,19,69,0.9564932450194231,0.26043465733528137
260000,train,20,58,0.9615118862516068,0.25502699613571167
260000,train,21,75,0.946036556657643,0.27247995138168335
260000,train,22,61,0.929314368136237,0.2947607636451721
260000,train,23,57,0.9188227932296484,0.30881720781326294
260000,train,24,54,0.9555976282550258,0.26008155941963196
260000,train,25,69,0.9641990495926693,0.24746297299861908
260000,train,26,61,0.9659882032991235,0.24741427600383759
260000,train,28,58,0.9721002030949039,0.23161382973194122
260000,train,29,55,0.9444427640076944,0.2755967974662781
260000,train,30,69,0.9392948800558065,0.2842583954334259
260000,train,31,72,0.9518240341098385,0.27503737807273865
260000,train,32,56,0.93165487658369,0.295126736164093
260000,train,33,65,0.9467624241247863,0.2732495069503784
260000,train,34,64,0.9450919317589714,0.27086949348449707
260000,train,35,67,0.9520139349138214,0.2687761187553406
260000,train,36,66,0.9486997483236481,0.2703884541988373
260000,train,37,70,0.9447146316332838,0.2761128544807434
260000,train,39,58,0.9465597418636108,0.27767789363861084
260000,train,40,58,0.9371084909643008,0.2944107949733734
260000,train,41,65,0.9500696038026846,0.2707235813140869
260000,train,42,61,0.9488159724259315,0.26593855023384094
260000,train,43,74,0.9650841935864939,0.24848376214504242
260000,train,44,68,0.9601728321241871,0.2492833137512207
260000,train,45,60,0.96518391438576,0.25023677945137024
260000,train,46,61,0.9590962029287471,0.24799205362796783
260000,train,47,71,0.9581173727548087,0.26042333245277405
260000,train,48,58,0.9470881352904448,0.2753351628780365
260000,train,49,54,0.9569556437160895,0.26028069853782654
260000,train,50,76,0.9594175494775032,0.25236034393310547
260000,train,mean,3000,0.95107322629914,0.26744937896728516
260000,held_interior,15,974,0.9336329724114055,0.2944200038909912
260000,held_interior,27,1061,0.967082364939283,0.24319607019424438
260000,held_interior,38,965,0.9389677743793999,0.2866683304309845
260000,held_interior,mean,3000,0.9465610372433629,0.27381035685539246
260000,held_high,52,986,0.8858163890032631,0.36400890350341797
260000,held_high,55,1002,0.6785251198639047,0.6485791802406311
260000,held_high,58,1012,0.5117144922099848,0.8573440313339233
260000,held_high,mean,3000,0.6920186670257175,0.6254737377166748
270000,train,1,63,0.9627123526236804,0.2565818727016449
270000,train,2,61,0.9659116310870408,0.23645737767219543
270000,train,3,62,0.9532725688482038,0.2674301564693451
270000,train,4,60,0.9652947370259294,0.2542209327220917
270000,train,5,63,0.9687779499173161,0.24286401271820068
270000,train,6,65,0.9619490628970433,0.24850645661354065
270000,train,7,55,0.9641790959184477,0.23929807543754578
270000,train,8,62,0.9634692499446257,0.2510361075401306
270000,train,9,63,0.965349818324174,0.24882978200912476
270000,train,10,56,0.9553283855725938,0.2588999569416046
270000,train,11,70,0.9396613794750308,0.28843608498573303
270000,train,12,66,0.958610586305493,0.26116788387298584
270000,train,13,68,0.9519561445682153,0.26357027888298035
270000,train,14,69,0.9668352096622898,0.25126922130584717
270000,train,16,74,0.9376272419640407,0.2850165367126465
270000,train,17,73,0.9662040205180544,0.2457021176815033
270000,train,18,60,0.9511728129879834,0.26005664467811584
270000,train,19,69,0.9575927096630811,0.25763338804244995
270000,train,20,58,0.9602790623524103,0.2568247616291046
270000,train,21,75,0.9471065652468207,0.2724616527557373
270000,train,22,61,0.9294228820340158,0.29603299498558044
270000,train,23,57,0.9122673522590423,0.32052913308143616
270000,train,24,54,0.9576078316790566,0.2563530504703522
270000,train,25,69,0.9624458303470943,0.2514764666557312
270000,train,26,61,0.9654238131144534,0.24626171588897705
270000,train,28,58,0.9748208824597495,0.22520160675048828
270000,train,29,55,0.9494630973396279,0.2682299315929413
270000,train,30,69,0.9436470304240756,0.27703148126602173
270000,train,31,72,0.9606545332225256,0.25892677903175354
270000,train,32,56,0.9424329714579261,0.2821347415447235
270000,train,33,65,0.9559604791812255,0.2577485144138336
270000,train,34,64,0.9536747814731076,0.25944411754608154
270000,train,35,67,0.9588259382681429,0.2567271292209625
270000,train,36,66,0.9568991270531484,0.2585780918598175
270000,train,37,70,0.9527859190035656,0.2620464861392975
270000,train,39,58,0.9465862358733462,0.2768441438674927
270000,train,40,58,0.934117569806392,0.2998316287994385
270000,train,41,65,0.9437407776717088,0.2806204557418823
270000,train,42,61,0.9446107514848038,0.27052268385887146
270000,train,43,74,0.955156752634596,0.26447078585624695
270000,train,44,68,0.9471943097242141,0.2683194875717163
270000,train,45,60,0.9491735994818182,0.2759326100349426
270000,train,46,61,0.9456759594705418,0.27135294675827026
270000,train,47,71,0.944517612518181,0.2836465537548065
270000,train,48,58,0.9319503508086775,0.2981254458427429
270000,train,49,54,0.9429425327439401,0.28540730476379395
270000,train,50,76,0.953152812376026,0.2620897889137268
270000,train,mean,3000,0.9527328152939039,0.2649875581264496
270000,held_interior,15,974,0.9410264568632569,0.2831995189189911
270000,held_interior,27,1061,0.967107678989528,0.2422397881746292
270000,held_interior,38,965,0.9432404813630786,0.2805038094520569
270000,held_interior,mean,3000,0.9504582057386212,0.26784631609916687
270000,held_high,52,986,0.8639589467006079,0.3961006700992584
270000,held_high,55,1002,0.6431478038156729,0.69309401512146
270000,held_high,58,1012,0.4586491671533068,0.9220255613327026
270000,held_high,mean,3000,0.6552519725565292,0.6727083921432495
280000,train,1,63,0.9537620259864593,0.26868852972984314
280000,train,2,61,0.9607240765391064,0.24299804866313934
280000,train,3,62,0.9391235866629306,0.29245781898498535
280000,train,4,60,0.955016497873981,0.2686366140842438
280000,train,5,63,0.9609301219622219,0.25411880016326904
280000,train,6,65,0.955575621973934,0.2586459219455719
280000,train,7,55,0.9588594132955242,0.24682852625846863
280000,train,8,62,0.9621183173338589,0.25538620352745056
280000,train,9,63,0.9627706888489614,0.25493741035461426
280000,train,10,56,0.95480024121192,0.25905367732048035
280000,train,11,70,0.9394666340366784,0.2862134277820587
280000,train,12,66,0.9586115489331538,0.26017481088638306
280000,train,13,68,0.9530793865108985,0.26166462898254395
280000,train,14,69,0.9644752799584692,0.2560906708240509
280000,train,16,74,0.9405619529367882,0.2809772193431854
280000,train,17,73,0.9642322200387635,0.2487240582704544
280000,train,18,60,0.9505454267168667,0.2618784010410309
280000,train,19,69,0.9617971665483506,0.25144845247268677
280000,train,20,58,0.9666439564326926,0.24847455322742462
280000,train,21,75,0.954488819713338,0.26062697172164917
280000,train,22,61,0.9414092158504674,0.2785625457763672
280000,train,23,57,0.9296554822848779,0.29396167397499084
280000,train,24,54,0.9633478412927234,0.250143826007843
280000,train,25,69,0.9634254418660145,0.25101223587989807
280000,train,26,61,0.9660998239703954,0.24727270007133484
280000,train,28,58,0.9730827590939382,0.2286207526922226
280000,train,29,55,0.9438282316213259,0.2779266834259033
280000,train,30,69,0.9430742466488612,0.2784689962863922
280000,train,31,72,0.9596484315792218,0.261125385761261
280000,train,32,56,0.9452281450971043,0.2757185399532318
280000,train,33,65,0.9539575516629608,0.26241061091423035
280000,train,34,64,0.9569342635509014,0.2523161768913269
280000,train,35,67,0.9612702665320954,0.253974586725235
280000,train,36,66,0.9567827203087993,0.2588402032852173
280000,train,37,70,0.9564285775905964,0.2574613392353058
280000,train,39,58,0.9472186377489574,0.27648016810417175
280000,train,40,58,0.9349754305616372,0.2988523840904236
280000,train,41,65,0.9440103111853774,0.2786172926425934
280000,train,42,61,0.9385657856300947,0.2793481647968292
280000,train,43,74,0.9538603889252606,0.2658361494541168
280000,train,44,68,0.9464138535557359,0.2687700092792511
280000,train,45,60,0.9492950328855724,0.2743120789527893
280000,train,46,61,0.9442013363163299,0.27245834469795227
280000,train,47,71,0.9431256353829485,0.28386518359184265
280000,train,48,58,0.9284822060253513,0.3033238649368286
280000,train,49,54,0.9462396821186405,0.27584174275398254
280000,train,50,76,0.948614037677716,0.2689841687679291
280000,train,mean,3000,0.9522714536272084,0.2656867206096649
280000,held_interior,15,974,0.9420288290524594,0.28215181827545166
280000,held_interior,27,1061,0.9649464106520822,0.24594645202159882
280000,held_interior,38,965,0.9446525933746232,0.2784653306007385
280000,held_interior,mean,3000,0.9505426110263883,0.2681613862514496
280000,held_high,52,986,0.8502876151566955,0.41495752334594727
280000,held_high,55,1002,0.5958295764125048,0.755674421787262
280000,held_high,58,1012,0.3840428526586524,1.02338707447052
280000,held_high,mean,3000,0.6100533480759508,0.734000563621521
290000,train,1,63,0.957523815814916,0.26242247223854065
290000,train,2,61,0.9563165382589082,0.2480555772781372
290000,train,3,62,0.9421799051806694,0.286711722612381
290000,train,4,60,0.959874642712647,0.26161614060401917
290000,train,5,63,0.9611836039054628,0.25480714440345764
290000,train,6,65,0.9569682216088307,0.2557215392589569
290000,train,7,55,0.9594533484962405,0.24762745201587677
290000,train,8,62,0.9615307885172977,0.25630417466163635
290000,train,9,63,0.9615885061250611,0.2548321783542633
290000,train,10,56,0.9550781155332306,0.25942370295524597
290000,train,11,70,0.936467213762655,0.2932760417461395
290000,train,12,66,0.9582155026977944,0.260383278131485
290000,train,13,68,0.9467555518275953,0.2687670588493347
290000,train,14,69,0.963818022293731,0.255697101354599
290000,train,16,74,0.9357741369335701,0.29126468300819397
290000,train,17,73,0.9584591757701171,0.25902965664863586
290000,train,18,60,0.9449577090931729,0.2713872194290161
290000,train,19,69,0.9535179416687835,0.2657148540019989
290000,train,20,58,0.9557932331384277,0.2667657136917114
290000,train,21,75,0.9475220582931131,0.27060556411743164
290000,train,22,61,0.9246015200499965,0.3031175136566162
290000,train,23,57,0.910735310515588,0.32229748368263245
290000,train,24,54,0.9588786525583707,0.25807979702949524
290000,train,25,69,0.9581817080510977,0.263435423374176
290000,train,26,61,0.9629336624565362,0.2519260346889496
290000,train,28,58,0.9748160893957382,0.22579129040241241
290000,train,29,55,0.9470331335885831,0.2715025544166565
290000,train,30,69,0.9427034437839701,0.2785737216472626
290000,train,31,72,0.9580158717897962,0.2643393278121948
290000,train,32,56,0.9410808682602585,0.2818801701068878
290000,train,33,65,0.9475225549383461,0.2732943594455719
290000,train,34,64,0.9499230400279157,0.2646504342556
290000,train,35,67,0.954942778746912,0.26293057203292847
290000,train,36,66,0.9498493901300007,0.2679802179336548
290000,train,37,70,0.9475035472192063,0.27217569947242737
290000,train,39,58,0.9375645461640277,0.2954931855201721
290000,train,40,58,0.9248737824773849,0.3127017915248871
290000,train,41,65,0.9370960017686056,0.292648047208786
290000,train,42,61,0.9355991643822684,0.28622573614120483
290000,train,43,74,0.9558599735775061,0.26390010118484497
290000,train,44,68,0.9456555937531888,0.27017804980278015
290000,train,45,60,0.9460555761312851,0.280094176530838
290000,train,46,61,0.9436118507910738,0.27168264985084534
290000,train,47,71,0.940048576320716,0.28985396027565
290000,train,48,58,0.9286482067799657,0.30486956238746643
290000,train,49,54,0.9465073196984635,0.27700990438461304
290000,train,50,76,0.9485345752303177,0.27128535509109497
290000,train,mean,3000,0.9487607397919008,0.271575927734375
290000,held_interior,15,974,0.9384913966115128,0.28774237632751465
290000,held_interior,27,1061,0.9629170847782265,0.24875421822071075
290000,held_interior,38,965,0.9308008584305325,0.30032792687416077
290000,held_interior,mean,3000,0.9440697799400906,0.27800190448760986
290000,held_high,52,986,0.8347230798808568,0.4355403184890747
290000,held_high,55,1002,0.6078740669516531,0.7317766547203064
290000,held_high,58,1012,0.4149989622390116,0.964958667755127
290000,held_high,mean,3000,0.6191987030238405,0.71307373046875
300000,train,1,63,0.9545940326584567,0.2691379189491272
300000,train,2,61,0.9578461801074576,0.24607248604297638
300000,train,3,62,0.9334206102407995,0.3015556335449219
300000,train,4,60,0.9517433621481718,0.27534088492393494
300000,train,5,63,0.9507765145018152,0.2729887068271637
300000,train,6,65,0.9529983148605303,0.26076871156692505
300000,train,7,55,0.9528913872219363,0.2583618462085724
300000,train,8,62,0.9582947262332805,0.25955313444137573
300000,train,9,63,0.9544505043684803,0.2670443058013916
300000,train,10,56,0.949968503622607,0.26815706491470337
300000,train,11,70,0.9296770500653764,0.30228766798973083
300000,train,12,66,0.9551630378179776,0.2660726010799408
300000,train,13,68,0.9427522065724604,0.27779459953308105
300000,train,14,69,0.9615807434665085,0.26100966334342957
300000,train,16,74,0.9326167597751692,0.2935277223587036
300000,train,17,73,0.9577365604680402,0.2607272267341614
300000,train,18,60,0.949316094123548,0.26247578859329224
300000,train,19,69,0.952834902260256,0.26656031608581543
300000,train,20,58,0.956910773614891,0.2640739679336548
300000,train,21,75,0.9428933246015014,0.2784690856933594
300000,train,22,61,0.924461113574167,0.30271774530410767
300000,train,23,57,0.9014517804620373,0.33621296286582947
300000,train,24,54,0.9588791388999315,0.2551039457321167
300000,train,25,69,0.9653004947008296,0.24669484794139862
300000,train,26,61,0.9667180854444418,0.24536743760108948
300000,train,28,58,0.973287021379333,0.22717924416065216
300000,train,29,55,0.9431215101193023,0.279248982667923
300000,train,30,69,0.9303146595319098,0.2978757917881012
300000,train,31,72,0.951628380133656,0.27397239208221436
300000,train,32,56,0.9356336266232802,0.28960952162742615
300000,train,33,65,0.9435221680457611,0.27909231185913086
300000,train,34,64,0.9409893371848541,0.2771252989768982
300000,train,35,67,0.9437011974128794,0.281074583530426
300000,train,36,66,0.9384818949550069,0.2861677408218384
300000,train,37,70,0.940027442489997,0.2823268473148346
300000,train,39,58,0.9250327506493946,0.31512394547462463
300000,train,40,58,0.9177238588243615,0.32213670015335083
300000,train,41,65,0.9316050297979179,0.2994690537452698
300000,train,42,61,0.9296335705744591,0.2933915853500366
300000,train,43,74,0.9510401235253646,0.27123400568962097
300000,train,44,68,0.9420404600078977,0.276541143655777
300000,train,45,60,0.9466113663710091,0.28140923380851746
300000,train,46,61,0.9423323691879605,0.2759276032447815
300000,train,47,71,0.9441179829451448,0.28242287039756775
300000,train,48,58,0.9256042635532534,0.3079533874988556
300000,train,49,54,0.9392220965056557,0.2890646457672119
300000,train,50,76,0.9484981649663312,0.2716914117336273
300000,train,mean,3000,0.9446690526935191,0.2776883840560913
300000,held_interior,15,974,0.9357076754468835,0.2916645109653473
300000,held_interior,27,1061,0.9630698703509952,0.25041788816452026
300000,held_interior,38,965,0.924125905255412,0.3102392256259918
300000,held_interior,mean,3000,0.9409678170177637,0.28305181860923767
300000,held_high,52,986,0.805902811026845,0.47689950466156006
300000,held_high,55,1002,0.48811740375442486,0.8801224827766418
300000,held_high,58,1012,0.2672858833536985,1.1461325883865356
300000,held_high,mean,3000,0.5204353660449894,0.8373305797576904
